timestamp,session_mode,mode,u_xy_px,v_xy_px,v_z_px,x_mm,y_mm,z_mm,center_x_mm,center_y_mm,center_z_mm,autd_target_x_mm,autd_target_y_mm,autd_target_z_mm,z_drop_mm,vz_mm_s,predicted_z_mm,predicted_vz_mm_s,required_force_mN,commanded_intensity,capture_force_saturated,temporary_home_x,temporary_home_y,temporary_home_z,mode_transition_reason
1785142150.3015,PID,NORMAL_HOLD,324.00,239.00,318.50,277.406,217.338,397.989,278.625,218.113,400.000,270.771,211.194,396.728,2.011,15.907,,,,,0,278.625,218.113,400.000,
1785142150.3029,PID,NORMAL_HOLD,323.50,239.00,318.50,276.945,217.312,397.990,278.625,218.113,400.000,273.490,211.653,396.252,2.010,18.571,,,,,0,278.625,218.113,400.000,
1785142150.3066,PID,NORMAL_HOLD,323.77,238.90,319.50,277.184,217.462,397.372,278.625,218.113,400.000,271.168,210.862,399.574,2.628,-2.273,,,,,0,278.625,218.113,400.000,
1785142150.3146,PID,NORMAL_HOLD,323.77,238.90,318.50,277.187,217.468,397.992,278.625,218.113,400.000,271.387,211.306,397.718,2.008,9.223,,,,,0,278.625,218.113,400.000,
1785142150.3184,PID,NORMAL_HOLD,323.98,238.91,318.50,277.377,217.536,397.994,278.625,218.113,400.000,270.525,211.207,397.232,2.006,12.055,,,,,0,278.625,218.113,400.000,
1785142150.3232,PID,NORMAL_HOLD,323.50,238.89,318.46,276.933,217.518,398.022,278.625,218.113,400.000,273.676,211.615,397.202,1.978,12.024,,,,,0,278.625,218.113,400.000,
1785142150.3287,PID,NORMAL_HOLD,323.50,238.89,317.50,276.936,217.540,398.616,278.625,218.113,400.000,272.686,211.579,394.598,1.384,27.870,,,,,0,278.625,218.113,400.000,
1785142150.3323,PID,NORMAL_HOLD,323.69,238.85,317.82,277.117,217.499,398.413,278.625,218.113,400.000,271.197,211.920,395.331,1.587,22.818,,,,,0,278.625,218.113,400.000,
1785142150.3373,PID,NORMAL_HOLD,324.00,238.91,318.35,277.397,217.505,398.083,278.625,218.113,400.000,269.833,211.830,397.673,1.917,7.935,,,,,0,278.625,218.113,400.000,
1785142150.3443,PID,NORMAL_HOLD,324.00,239.00,318.00,277.400,217.438,398.303,278.625,218.113,400.000,270.690,212.187,397.598,1.697,8.264,,,,,0,278.625,218.113,400.000,
1785142150.3473,PID,NORMAL_HOLD,324.00,239.00,318.00,277.400,217.438,398.303,278.625,218.113,400.000,271.137,212.009,397.787,1.697,6.942,,,,,0,278.625,218.113,400.000,
1785142150.3518,PID,NORMAL_HOLD,324.18,239.00,317.93,277.570,217.414,398.342,278.625,218.113,400.000,270.405,212.052,397.816,1.658,6.633,,,,,0,278.625,218.113,400.000,
1785142150.3591,PID,NORMAL_HOLD,324.50,239.11,316.50,277.874,217.301,399.226,278.625,218.113,400.000,269.325,212.560,393.523,0.774,33.053,,,,,0,278.625,218.113,400.000,
1785142150.3630,PID,NORMAL_HOLD,325.00,239.00,317.20,278.331,217.378,398.793,278.625,218.113,400.000,267.819,211.781,395.035,1.207,23.083,,,,,0,278.625,218.113,400.000,
1785142150.3674,PID,NORMAL_HOLD,324.50,239.11,317.00,277.873,217.295,398.917,278.625,218.113,400.000,272.107,212.280,395.403,1.083,20.395,,,,,0,278.625,218.113,400.000,
1785142150.3742,PID,NORMAL_HOLD,324.50,239.11,317.50,277.871,217.294,398.607,278.625,218.113,400.000,271.782,212.081,397.555,1.393,6.727,,,,,0,278.625,218.113,400.000,
1785142150.3771,PID,NORMAL_HOLD,324.52,239.11,317.50,277.894,217.295,398.607,278.625,218.113,400.000,271.476,211.973,398.407,1.393,1.354,,,,,0,278.625,218.113,400.000,
1785142150.3825,PID,NORMAL_HOLD,324.52,239.11,317.50,277.894,217.295,398.607,278.625,218.113,400.000,271.457,211.925,398.778,1.393,-0.958,,,,,0,278.625,218.113,400.000,
1785142150.3889,PID,NORMAL_HOLD,324.50,239.11,317.50,277.871,217.294,398.607,278.625,218.113,400.000,271.573,211.907,398.881,1.393,-1.578,,,,,0,278.625,218.113,400.000,
1785142150.3914,PID,NORMAL_HOLD,324.50,239.11,317.50,277.866,217.356,398.610,278.625,218.113,400.000,271.536,211.545,398.855,1.390,-1.377,,,,,0,278.625,218.113,400.000,
1785142150.3974,PID,NORMAL_HOLD,325.00,239.00,318.00,278.324,217.447,398.299,278.625,218.113,400.000,268.898,211.187,400.635,1.701,-12.407,,,,,0,278.625,218.113,400.000,
1785142150.4038,PID,NORMAL_HOLD,325.00,239.00,318.30,278.324,217.430,398.116,278.625,218.113,400.000,270.100,211.596,401.493,1.884,-17.422,,,,,0,278.625,218.113,400.000,
1785142150.4062,PID,NORMAL_HOLD,325.00,239.00,318.00,278.322,217.470,398.299,278.625,218.113,400.000,270.718,211.488,400.679,1.701,-12.077,,,,,0,278.625,218.113,400.000,
1785142150.4123,PID,NORMAL_HOLD,325.00,239.00,318.00,278.322,217.470,398.299,278.625,218.113,400.000,271.014,211.657,400.091,1.701,-8.220,,,,,0,278.625,218.113,400.000,
1785142150.4199,PID,NORMAL_HOLD,324.50,238.89,317.50,277.861,217.514,398.610,278.625,218.113,400.000,273.912,211.477,398.322,1.390,2.824,,,,,0,278.625,218.113,400.000,
1785142150.4237,PID,NORMAL_HOLD,324.50,238.89,317.50,277.861,217.514,398.610,278.625,218.113,400.000,272.681,211.646,397.558,1.390,7.517,,,,,0,278.625,218.113,400.000,
1785142150.4294,PID,NORMAL_HOLD,324.50,238.89,317.46,277.861,217.514,398.635,278.625,218.113,400.000,272.065,211.728,397.411,1.365,8.291,,,,,0,278.625,218.113,400.000,
1785142150.4361,PID,NORMAL_HOLD,324.50,238.82,317.46,277.861,217.551,398.634,278.625,218.113,400.000,271.758,211.569,397.556,1.366,7.242,,,,,0,278.625,218.113,400.000,
1785142150.4374,PID,NORMAL_HOLD,324.50,238.82,317.51,277.858,217.590,398.603,278.625,218.113,400.000,271.622,211.468,397.910,1.397,4.926,,,,,0,278.625,218.113,400.000,
1785142150.4448,PID,NORMAL_HOLD,324.50,238.89,317.50,277.860,217.530,398.610,278.625,218.113,400.000,271.525,211.981,398.115,1.390,3.574,,,,,0,278.625,218.113,400.000,
1785142150.4506,PID,NORMAL_HOLD,324.50,238.89,317.93,277.858,217.544,398.342,278.625,218.113,400.000,271.501,211.816,399.529,1.658,-5.202,,,,,0,278.625,218.113,400.000,
1785142150.4552,PID,NORMAL_HOLD,324.50,238.89,317.46,277.861,217.514,398.635,278.625,218.113,400.000,271.457,211.977,398.552,1.365,0.923,,,,,0,278.625,218.113,400.000,
1785142150.4592,PID,NORMAL_HOLD,324.50,238.89,317.00,277.861,217.535,398.920,278.625,218.113,400.000,271.456,211.789,396.742,1.080,12.097,,,,,0,278.625,218.113,400.000,
1785142150.4673,PID,NORMAL_HOLD,324.68,238.86,317.76,278.022,217.572,398.448,278.625,218.113,400.000,270.459,211.572,398.700,1.552,-0.200,,,,,0,278.625,218.113,400.000,
1785142150.4694,PID,NORMAL_HOLD,324.68,238.86,317.50,278.024,217.561,398.609,278.625,218.113,400.000,270.923,211.748,398.622,1.391,0.286,,,,,0,278.625,218.113,400.000,
1785142150.4728,PID,NORMAL_HOLD,324.86,238.82,317.50,278.194,217.588,398.608,278.625,218.113,400.000,270.220,211.625,398.607,1.392,0.376,,,,,0,278.625,218.113,400.000,
1785142150.4838,PID,NORMAL_HOLD,325.00,239.00,317.50,278.320,217.511,398.610,278.625,218.113,400.000,270.418,211.935,398.620,1.390,0.293,,,,,0,278.625,218.113,400.000,
1785142150.4879,PID,NORMAL_HOLD,325.00,239.00,317.45,278.320,217.507,398.638,278.625,218.113,400.000,270.864,211.901,398.485,1.362,1.128,,,,,0,278.625,218.113,400.000,
1785142150.4946,PID,NORMAL_HOLD,325.14,238.90,317.50,278.451,217.542,398.607,278.625,218.113,400.000,270.324,211.654,398.610,1.393,0.342,,,,,0,278.625,218.113,400.000,
1785142150.5005,PID,NORMAL_HOLD,325.14,238.90,318.03,278.448,217.555,398.278,278.625,218.113,400.000,270.811,211.661,400.207,1.722,-9.508,,,,,0,278.625,218.113,400.000,
1785142150.5048,PID,NORMAL_HOLD,325.14,238.90,318.27,278.447,217.567,398.133,278.625,218.113,400.000,271.051,211.673,401.272,1.867,-15.889,,,,,0,278.625,218.113,400.000,
1785142150.5112,PID,NORMAL_HOLD,325.11,238.82,318.00,278.417,217.576,398.298,278.625,218.113,400.000,271.334,211.685,400.471,1.702,-10.634,,,,,0,278.625,218.113,400.000,
1785142150.5181,PID,NORMAL_HOLD,325.00,238.79,318.00,278.317,217.625,398.299,278.625,218.113,400.000,271.931,211.437,400.023,1.701,-7.677,,,,,0,278.625,218.113,400.000,
1785142150.5201,PID,NORMAL_HOLD,325.00,238.79,317.50,278.318,217.634,398.608,278.625,218.113,400.000,271.621,211.566,398.181,1.392,3.832,,,,,0,278.625,218.113,400.000,
1785142150.5252,PID,NORMAL_HOLD,324.96,238.74,317.45,278.278,217.669,398.637,278.625,218.113,400.000,271.688,211.482,397.470,1.363,8.154,,,,,0,278.625,218.113,400.000,
1785142150.5328,PID,NORMAL_HOLD,325.00,238.79,317.50,278.309,217.741,398.612,278.625,218.113,400.000,271.328,211.213,397.492,1.388,7.877,,,,,0,278.625,218.113,400.000,
1785142150.5345,PID,NORMAL_HOLD,324.90,238.72,317.00,278.219,217.773,398.921,278.625,218.113,400.000,271.825,211.305,396.269,1.079,15.263,,,,,0,278.625,218.113,400.000,
1785142150.5399,PID,NORMAL_HOLD,324.86,238.71,316.81,278.183,217.774,399.037,278.625,218.113,400.000,271.787,211.520,395.554,0.963,19.396,,,,,0,278.625,218.113,400.000,
1785142150.5460,PID,NORMAL_HOLD,324.50,238.63,316.81,277.850,217.805,399.039,278.625,218.113,400.000,273.424,211.457,395.769,0.961,17.704,,,,,0,278.625,218.113,400.000,
1785142150.5504,PID,NORMAL_HOLD,325.00,238.50,316.50,278.308,217.912,399.228,278.625,218.113,400.000,270.174,211.069,395.551,0.772,18.660,,,,,0,278.625,218.113,400.000,
1785142150.5561,PID,NORMAL_HOLD,324.50,238.37,316.00,277.850,217.948,399.538,278.625,218.113,400.000,273.520,211.167,393.807,0.462,29.178,,,,,0,278.625,218.113,400.000,
1785142150.5636,PID,NORMAL_HOLD,324.50,238.50,316.17,277.852,217.858,399.435,278.625,218.113,400.000,272.477,211.958,394.575,0.565,23.904,,,,,0,278.625,218.113,400.000,
1785142150.5666,PID,NORMAL_HOLD,324.50,238.50,316.61,277.849,217.875,399.163,278.625,218.113,400.000,271.982,211.746,396.714,0.837,10.264,,,,,0,278.625,218.113,400.000,
1785142150.5686,PID,NORMAL_HOLD,324.50,238.68,316.43,277.851,217.775,399.273,278.625,218.113,400.000,271.708,212.344,397.182,0.727,7.194,,,,,0,278.625,218.113,400.000,
1785142150.5764,PID,NORMAL_HOLD,324.64,238.62,316.43,277.980,217.809,399.271,278.625,218.113,400.000,270.915,211.867,397.519,0.729,4.982,,,,,0,278.625,218.113,400.000,
1785142150.5811,PID,NORMAL_HOLD,324.50,238.76,316.31,277.856,217.689,399.346,278.625,218.113,400.000,271.788,212.399,397.445,0.654,5.337,,,,,0,278.625,218.113,400.000,
1785142150.5842,PID,NORMAL_HOLD,324.12,238.85,316.97,277.508,217.580,398.942,278.625,218.113,400.000,273.826,212.777,399.605,1.058,-8.131,,,,,0,278.625,218.113,400.000,
1785142150.5914,PID,NORMAL_HOLD,324.69,238.72,316.81,278.034,217.699,399.040,278.625,218.113,400.000,269.625,211.591,399.646,0.960,-8.237,,,,,0,278.625,218.113,400.000,
1785142150.5925,PID,NORMAL_HOLD,324.50,238.89,316.81,277.857,217.601,399.041,278.625,218.113,400.000,271.496,212.221,399.446,0.959,-6.845,,,,,0,278.625,218.113,400.000,
1785142150.5999,PID,NORMAL_HOLD,324.50,238.89,317.00,277.862,217.530,398.919,278.625,218.113,400.000,271.452,212.391,399.793,1.081,-8.848,,,,,0,278.625,218.113,400.000,
1785142150.6065,PID,NORMAL_HOLD,324.81,238.89,317.26,278.146,217.526,398.758,278.625,218.113,400.000,269.734,212.129,400.564,1.242,-13.452,,,,,0,278.625,218.113,400.000,
1785142150.6096,PID,NORMAL_HOLD,325.00,239.00,317.76,278.323,217.463,398.446,278.625,218.113,400.000,269.670,212.290,401.788,1.554,-20.695,,,,,0,278.625,218.113,400.000,
1785142150.6166,PID,NORMAL_HOLD,324.50,239.00,317.00,277.872,217.349,398.916,278.625,218.113,400.000,273.024,212.703,399.643,1.084,-7.071,,,,,0,278.625,218.113,400.000,
1785142150.6229,PID,NORMAL_HOLD,325.00,239.00,318.00,278.322,217.467,398.299,278.625,218.113,400.000,269.351,211.528,401.641,1.701,-19.250,,,,,0,278.625,218.113,400.000,
1785142150.6258,PID,NORMAL_HOLD,325.00,239.00,318.40,278.320,217.489,398.052,278.625,218.113,400.000,270.350,211.564,402.526,1.948,-24.192,,,,,0,278.625,218.113,400.000,
1785142150.6315,PID,NORMAL_HOLD,324.98,238.91,318.85,278.300,217.547,397.776,278.625,218.113,400.000,270.946,211.366,406.042,2.224,-45.902,,,,,0,278.625,218.113,400.000,
1785142150.6379,PID,NORMAL_HOLD,325.00,238.79,318.89,278.315,217.635,397.750,278.625,218.113,400.000,271.066,211.157,404.876,2.250,-37.811,,,,,0,278.625,218.113,400.000,
1785142150.6393,PID,NORMAL_HOLD,325.00,238.76,318.44,278.310,217.719,398.030,278.625,218.113,400.000,271.222,210.948,402.371,1.970,-21.647,,,,,0,278.625,218.113,400.000,
1785142150.6456,PID,NORMAL_HOLD,324.72,238.59,318.50,278.046,217.839,397.993,278.625,218.113,400.000,272.728,210.696,401.166,2.007,-13.801,,,,,0,278.625,218.113,400.000,
1785142150.6508,PID,NORMAL_HOLD,324.95,238.39,318.00,278.260,217.948,398.300,278.625,218.113,400.000,270.851,210.596,398.954,1.700,0.110,,,,,0,278.625,218.113,400.000,
1785142150.6552,PID,NORMAL_HOLD,324.85,238.35,318.50,278.165,218.026,397.993,278.625,218.113,400.000,271.597,210.735,399.646,2.007,-4.158,,,,,0,278.625,218.113,400.000,
1785142150.6603,PID,NORMAL_HOLD,324.90,238.28,318.50,278.205,218.099,397.994,278.625,218.113,400.000,271.241,210.764,399.793,2.006,-4.986,,,,,0,278.625,218.113,400.000,
1785142150.6682,PID,NORMAL_HOLD,324.53,238.11,318.50,277.858,218.178,397.993,278.625,218.113,400.000,273.212,210.769,399.737,2.007,-4.541,,,,,0,278.625,218.113,400.000,
1785142150.6695,PID,NORMAL_HOLD,324.86,238.10,318.04,278.164,218.235,398.278,278.625,218.113,400.000,270.612,210.875,398.262,1.722,4.652,,,,,0,278.625,218.113,400.000,
1785142150.6766,PID,NORMAL_HOLD,324.86,238.10,317.00,278.168,218.210,398.919,278.625,218.113,400.000,270.970,211.367,394.861,1.081,25.523,,,,,0,278.625,218.113,400.000,
1785142150.6835,PID,NORMAL_HOLD,324.98,238.10,318.00,278.278,218.210,398.301,278.625,218.113,400.000,270.472,211.488,397.126,1.699,11.069,,,,,0,278.625,218.113,400.000,
1785142150.6847,PID,NORMAL_HOLD,325.00,238.17,317.50,278.296,218.179,398.611,278.625,218.113,400.000,270.799,211.727,396.665,1.389,13.715,,,,,0,278.625,218.113,400.000,
1785142150.6911,PID,NORMAL_HOLD,325.00,238.28,317.24,278.300,218.099,398.772,278.625,218.113,400.000,271.049,212.093,396.163,1.228,16.534,,,,,0,278.625,218.113,400.000,
1785142150.7015,PID,NORMAL_HOLD,325.30,238.52,317.49,278.585,217.914,398.616,278.625,218.113,400.000,270.329,212.430,397.219,1.384,9.671,,,,,0,278.625,218.113,400.000,
1785142150.7041,PID,NORMAL_HOLD,325.05,238.68,317.44,278.354,217.764,398.646,278.625,218.113,400.000,272.105,212.919,397.553,1.354,7.424,,,,,0,278.625,218.113,400.000,
1785142150.7081,PID,NORMAL_HOLD,325.15,238.65,317.44,278.446,217.780,398.646,278.625,218.113,400.000,271.188,212.244,397.798,1.354,5.786,,,,,0,278.625,218.113,400.000,
1785142150.7176,PID,NORMAL_HOLD,325.31,238.72,317.58,278.600,217.665,398.557,278.625,218.113,400.000,270.410,212.615,398.448,1.443,1.670,,,,,0,278.625,218.113,400.000,
1785142150.7208,PID,NORMAL_HOLD,325.00,239.00,317.50,278.323,217.470,398.608,278.625,218.113,400.000,272.384,213.293,398.485,1.392,1.414,,,,,0,278.625,218.113,400.000,
1785142150.7241,PID,NORMAL_HOLD,325.00,239.00,317.95,278.325,217.432,398.331,278.625,218.113,400.000,271.843,212.784,400.021,1.669,-8.123,,,,,0,278.625,218.113,400.000,
1785142150.7336,PID,NORMAL_HOLD,325.00,239.09,317.00,278.334,217.297,398.913,278.625,218.113,400.000,271.556,212.712,398.388,1.087,1.889,,,,,0,278.625,218.113,400.000,
1785142150.7378,PID,NORMAL_HOLD,325.14,239.10,317.50,278.460,217.331,398.605,278.625,218.113,400.000,270.743,212.117,398.673,1.395,0.105,,,,,0,278.625,218.113,400.000,
1785142150.7445,PID,NORMAL_HOLD,324.99,239.05,317.50,278.321,217.343,398.605,278.625,218.113,400.000,271.804,211.932,398.783,1.395,-0.575,,,,,0,278.625,218.113,400.000,
1785142150.7500,PID,NORMAL_HOLD,325.00,239.00,317.89,278.326,217.424,398.367,278.625,218.113,400.000,271.540,211.453,399.937,1.633,-7.675,,,,,0,278.625,218.113,400.000,
1785142150.7564,PID,NORMAL_HOLD,325.00,239.00,318.00,278.324,217.447,398.299,278.625,218.113,400.000,271.442,211.540,400.541,1.701,-11.257,,,,,0,278.625,218.113,400.000,
1785142150.7618,PID,NORMAL_HOLD,325.00,239.00,318.00,278.321,217.488,398.300,278.625,218.113,400.000,271.400,211.475,400.490,1.700,-10.733,,,,,0,278.625,218.113,400.000,
1785142150.7677,PID,NORMAL_HOLD,324.75,238.84,317.46,278.090,217.551,398.634,278.625,218.113,400.000,272.781,211.269,398.654,1.366,0.798,,,,,0,278.625,218.113,400.000,
1785142150.7704,PID,NORMAL_HOLD,324.75,238.84,317.36,278.089,217.567,398.695,278.625,218.113,400.000,272.094,211.448,397.749,1.305,6.360,,,,,0,278.625,218.113,400.000,
1785142150.7753,PID,NORMAL_HOLD,324.90,238.72,317.50,278.227,217.662,398.608,278.625,218.113,400.000,270.978,211.102,397.923,1.392,5.177,,,,,0,278.625,218.113,400.000,
1785142150.7838,PID,NORMAL_HOLD,325.00,238.76,317.19,278.311,217.746,398.803,278.625,218.113,400.000,270.688,210.966,397.235,1.197,9.318,,,,,0,278.625,218.113,400.000,
1785142150.7850,PID,NORMAL_HOLD,324.80,238.62,317.00,278.124,217.812,398.920,278.625,218.113,400.000,272.049,211.002,396.606,1.080,13.026,,,,,0,278.625,218.113,400.000,
1785142150.7896,PID,NORMAL_HOLD,325.00,238.69,316.50,278.311,217.794,399.229,278.625,218.113,400.000,270.716,211.467,395.091,0.771,22.154,,,,,0,278.625,218.113,400.000,
1785142150.8005,PID,NORMAL_HOLD,325.00,238.65,316.00,278.312,217.815,399.537,278.625,218.113,400.000,271.021,211.542,395.167,0.463,20.909,,,,,0,278.625,218.113,400.000,
1785142150.8052,PID,NORMAL_HOLD,325.00,238.69,316.00,278.312,217.797,399.538,278.625,218.113,400.000,271.175,211.744,394.534,0.462,24.432,,,,,0,278.625,218.113,400.000,
1785142150.8105,PID,NORMAL_HOLD,325.00,238.76,316.45,278.317,217.682,399.257,278.625,218.113,400.000,271.224,212.351,396.223,0.743,13.555,,,,,0,278.625,218.113,400.000,
1785142150.8180,PID,NORMAL_HOLD,325.04,238.75,316.00,278.359,217.657,399.534,278.625,218.113,400.000,271.035,212.209,395.826,0.466,15.747,,,,,0,278.625,218.113,400.000,
1785142150.8210,PID,NORMAL_HOLD,325.31,238.72,316.00,278.602,217.682,399.532,278.625,218.113,400.000,269.812,211.857,396.109,0.468,13.689,,,,,0,278.625,218.113,400.000,
1785142150.8245,PID,NORMAL_HOLD,325.12,238.85,316.10,278.431,217.610,399.474,278.625,218.113,400.000,271.497,212.231,396.740,0.526,9.538,,,,,0,278.625,218.113,400.000,
1785142150.8337,PID,NORMAL_HOLD,325.50,238.89,316.00,278.783,217.573,399.531,278.625,218.113,400.000,269.478,212.215,396.843,0.469,8.737,,,,,0,278.625,218.113,400.000,
1785142150.8349,PID,NORMAL_HOLD,325.50,238.89,316.00,278.783,217.573,399.531,278.625,218.113,400.000,270.333,212.015,397.102,0.469,6.984,,,,,0,278.625,218.113,400.000,
1785142150.8392,PID,NORMAL_HOLD,325.50,238.89,316.00,278.783,217.573,399.531,278.625,218.113,400.000,270.761,211.915,397.374,0.469,5.173,,,,,0,278.625,218.113,400.000,
1785142150.8454,PID,NORMAL_HOLD,325.19,238.89,316.00,278.499,217.579,399.534,278.625,218.113,400.000,272.660,211.827,397.555,0.466,3.959,,,,,0,278.625,218.113,400.000,
1785142150.8501,PID,NORMAL_HOLD,325.31,238.72,316.00,278.602,217.672,399.531,278.625,218.113,400.000,271.415,211.326,397.724,0.469,2.847,,,,,0,278.625,218.113,400.000,
1785142150.8546,PID,NORMAL_HOLD,325.13,238.78,316.50,278.434,217.700,399.227,278.625,218.113,400.000,272.317,211.394,399.329,0.773,-7.110,,,,,0,278.625,218.113,400.000,
1785142150.8616,PID,NORMAL_HOLD,325.14,238.71,316.50,278.440,217.758,399.227,278.625,218.113,400.000,271.772,211.274,399.707,0.773,-9.303,,,,,0,278.625,218.113,400.000,
1785142150.8650,PID,NORMAL_HOLD,325.29,238.61,316.81,278.579,217.854,399.035,278.625,218.113,400.000,270.725,210.957,400.501,0.965,-14.010,,,,,0,278.625,218.113,400.000,
1785142150.8697,PID,NORMAL_HOLD,325.05,238.32,316.89,278.350,218.060,398.987,278.625,218.113,400.000,272.320,210.153,400.842,1.013,-15.865,,,,,0,278.625,218.113,400.000,
1785142150.8764,PID,NORMAL_HOLD,325.09,238.23,316.45,278.386,218.147,399.256,278.625,218.113,400.000,271.617,210.428,399.261,0.744,-5.815,,,,,0,278.625,218.113,400.000,
1785142150.8811,PID,NORMAL_HOLD,325.47,238.11,316.40,278.734,218.233,399.285,278.625,218.113,400.000,269.538,210.559,398.421,0.715,-0.523,,,,,0,278.625,218.113,400.000,
1785142150.8850,PID,NORMAL_HOLD,325.50,238.11,316.57,278.754,218.285,399.183,278.625,218.113,400.000,270.262,210.810,398.610,0.817,-1.679,,,,,0,278.625,218.113,400.000,
1785142150.8917,PID,NORMAL_HOLD,325.00,238.00,316.49,278.288,218.386,399.240,278.625,218.113,400.000,273.378,210.625,398.366,0.760,-0.137,,,,,0,278.625,218.113,400.000,
1785142150.8947,PID,NORMAL_HOLD,325.50,238.00,316.00,278.746,218.445,399.537,278.625,218.113,400.000,269.794,210.771,396.891,0.463,8.957,,,,,0,278.625,218.113,400.000,
1785142150.9010,PID,NORMAL_HOLD,325.50,237.89,315.81,278.747,218.482,399.653,278.625,218.113,400.000,270.493,210.951,395.824,0.347,15.410,,,,,0,278.625,218.113,400.000,
1785142150.9081,PID,NORMAL_HOLD,325.00,238.00,315.50,278.290,218.392,399.848,278.625,218.113,400.000,273.362,211.742,394.952,0.152,20.505,,,,,0,278.625,218.113,400.000,
1785142150.9127,PID,NORMAL_HOLD,325.00,238.00,315.49,278.290,218.391,399.858,278.625,218.113,400.000,272.350,211.660,395.074,0.142,19.365,,,,,0,278.625,218.113,400.000,
1785142150.9162,PID,NORMAL_HOLD,325.50,238.00,315.50,278.755,218.330,399.842,278.625,218.113,400.000,269.310,211.949,395.616,0.158,15.655,,,,,0,278.625,218.113,400.000,
1785142150.9234,PID,NORMAL_HOLD,325.50,238.00,315.46,278.756,218.315,399.863,278.625,218.113,400.000,270.247,211.855,396.075,0.137,12.528,,,,,0,278.625,218.113,400.000,
1785142150.9267,PID,NORMAL_HOLD,325.09,238.22,315.50,278.386,218.175,399.846,278.625,218.113,400.000,272.475,212.382,396.610,0.154,8.984,,,,,0,278.625,218.113,400.000,
1785142150.9333,PID,NORMAL_HOLD,325.53,238.31,315.50,278.794,218.092,399.841,278.625,218.113,400.000,269.147,212.563,397.014,0.159,6.323,,,,,0,278.625,218.113,400.000,
1785142150.9398,PID,NORMAL_HOLD,325.00,238.50,315.49,278.310,217.918,399.854,278.625,218.113,400.000,272.799,213.059,397.199,0.146,5.070,,,,,0,278.625,218.113,400.000,
1785142150.9418,PID,NORMAL_HOLD,325.30,238.64,315.44,278.586,217.805,399.879,278.625,218.113,400.000,270.494,213.026,397.276,0.121,4.505,,,,,0,278.625,218.113,400.000,
1785142150.9473,PID,NORMAL_HOLD,325.04,238.75,316.00,278.352,217.741,399.537,278.625,218.113,400.000,272.227,212.752,399.024,0.463,-6.355,,,,,0,278.625,218.113,400.000,
1785142150.9544,PID,NORMAL_HOLD,325.00,238.76,316.29,278.315,217.719,399.360,278.625,218.113,400.000,271.957,212.368,400.401,0.640,-14.741,,,,,0,278.625,218.113,400.000,
1785142150.9588,PID,NORMAL_HOLD,325.00,238.79,316.50,278.315,217.690,399.228,278.625,218.113,400.000,271.640,212.256,400.970,0.772,-17.916,,,,,0,278.625,218.113,400.000,
1785142150.9623,PID,NORMAL_HOLD,325.10,238.72,317.19,278.403,217.752,398.799,278.625,218.113,400.000,271.007,211.678,403.608,1.201,-34.009,,,,,0,278.625,218.113,400.000,
1785142150.9688,PID,NORMAL_HOLD,325.10,238.72,317.00,278.401,217.783,398.920,278.625,218.113,400.000,271.167,211.547,402.729,1.080,-27.938,,,,,0,278.625,218.113,400.000,
1785142150.9718,PID,NORMAL_HOLD,325.05,238.61,317.44,278.352,217.859,398.648,278.625,218.113,400.000,271.508,211.225,403.107,1.352,-29.738,,,,,0,278.625,218.113,400.000,
1785142150.9763,PID,NORMAL_HOLD,324.95,238.36,317.20,278.261,217.988,398.797,278.625,218.113,400.000,271.930,210.746,401.914,1.203,-21.822,,,,,0,278.625,218.113,400.000,
1785142150.9843,PID,NORMAL_HOLD,324.86,238.29,317.50,278.172,218.083,398.611,278.625,218.113,400.000,272.125,210.700,401.768,1.389,-20.489,,,,,0,278.625,218.113,400.000,
1785142150.9877,PID,NORMAL_HOLD,324.90,238.29,317.00,278.209,218.082,398.920,278.625,218.113,400.000,271.549,211.187,399.820,1.080,-8.073,,,,,0,278.625,218.113,400.000,
1785142150.9910,PID,NORMAL_HOLD,325.00,238.21,317.50,278.296,218.161,398.611,278.625,218.113,400.000,270.999,211.011,400.369,1.389,-11.288,,,,,0,278.625,218.113,400.000,
1785142151.0011,PID,NORMAL_HOLD,325.25,238.16,317.00,278.527,218.219,398.919,278.625,218.113,400.000,269.706,210.961,398.875,1.081,-1.854,,,,,0,278.625,218.113,400.000,
1785142151.0030,PID,NORMAL_HOLD,325.47,238.11,316.55,278.732,218.253,399.197,278.625,218.113,400.000,269.361,211.105,396.887,0.803,10.471,,,,,0,278.625,218.113,400.000,
1785142151.0063,PID,NORMAL_HOLD,325.02,238.09,316.60,278.314,218.225,399.167,278.625,218.113,400.000,272.497,211.504,396.620,0.833,11.926,,,,,0,278.625,218.113,400.000,
1785142151.0175,PID,NORMAL_HOLD,325.09,238.22,316.50,278.387,218.133,399.227,278.625,218.113,400.000,271.697,211.837,397.010,0.773,9.181,,,,,0,278.625,218.113,400.000,
1785142151.0222,PID,NORMAL_HOLD,325.30,238.36,316.50,278.582,217.960,399.223,278.625,218.113,400.000,270.420,212.708,397.044,0.777,8.793,,,,,0,278.625,218.113,400.000,
1785142151.0273,PID,NORMAL_HOLD,325.14,238.71,316.45,278.445,217.698,399.254,278.625,218.113,400.000,271.602,213.668,397.023,0.746,8.771,,,,,0,278.625,218.113,400.000,
1785142151.0344,PID,NORMAL_HOLD,325.09,238.86,316.50,278.403,217.565,399.225,278.625,218.113,400.000,271.680,213.467,397.407,0.775,6.237,,,,,0,278.625,218.113,400.000,
1785142151.0369,PID,NORMAL_HOLD,325.00,239.00,316.47,278.327,217.451,399.243,278.625,218.113,400.000,271.923,213.285,397.589,0.757,5.004,,,,,0,278.625,218.113,400.000,
1785142151.0415,PID,NORMAL_HOLD,325.50,239.11,316.49,278.792,217.351,399.230,278.625,218.113,400.000,269.023,213.125,397.820,0.770,3.489,,,,,0,278.625,218.113,400.000,
1785142151.0502,PID,NORMAL_HOLD,325.00,239.12,316.44,278.338,217.257,399.258,278.625,218.113,400.000,272.603,213.021,397.859,0.742,3.182,,,,,0,278.625,218.113,400.000,
1785142151.0519,PID,NORMAL_HOLD,325.50,239.32,316.50,278.799,217.166,399.220,278.625,218.113,400.000,269.358,212.983,398.121,0.780,1.504,,,,,0,278.625,218.113,400.000,
1785142151.0568,PID,NORMAL_HOLD,325.14,239.30,316.91,278.469,217.140,398.970,278.625,218.113,400.000,272.104,212.604,399.479,1.030,-6.907,,,,,0,278.625,218.113,400.000,
1785142151.0676,PID,NORMAL_HOLD,325.36,239.38,316.71,278.670,217.139,399.090,278.625,218.113,400.000,271.106,212.280,399.082,0.910,-4.287,,,,,0,278.625,218.113,400.000,
1785142151.0706,PID,NORMAL_HOLD,325.50,239.32,316.50,278.797,217.192,399.221,278.625,218.113,400.000,270.482,211.832,398.304,0.779,0.599,,,,,0,278.625,218.113,400.000,
1785142151.0778,PID,NORMAL_HOLD,325.33,239.28,316.00,278.642,217.234,399.531,278.625,218.113,400.000,271.757,211.634,396.548,0.469,11.424,,,,,0,278.625,218.113,400.000,
1785142151.0841,PID,NORMAL_HOLD,325.50,239.11,315.50,278.796,217.326,399.836,278.625,218.113,400.000,270.736,211.326,394.804,0.164,21.951,,,,,0,278.625,218.113,400.000,
1785142151.0867,PID,NORMAL_HOLD,325.50,239.11,315.97,278.788,217.423,399.552,278.625,218.113,400.000,271.013,211.014,395.966,0.448,14.374,,,,,0,278.625,218.113,400.000,
1785142151.0917,PID,NORMAL_HOLD,325.50,239.00,316.00,278.785,217.507,399.532,278.625,218.113,400.000,271.119,210.962,396.814,0.468,8.868,,,,,0,278.625,218.113,400.000,
1785142151.1011,PID,NORMAL_HOLD,325.91,238.86,315.77,279.161,217.620,399.672,278.625,218.113,400.000,270.043,211.068,396.684,0.328,9.494,,,,,0,278.625,218.113,400.000,
1785142151.1056,PID,NORMAL_HOLD,325.53,238.89,314.50,278.807,217.607,400.457,278.625,218.113,400.000,272.376,211.507,392.527,-0.457,35.090,,,,,0,278.625,218.113,400.000,
1785142151.1107,PID,NORMAL_HOLD,325.87,238.78,314.50,279.123,217.672,400.452,278.625,218.113,400.000,269.835,211.254,392.154,-0.452,36.747,,,,,0,278.625,218.113,400.000,
1785142151.1173,PID,NORMAL_HOLD,325.87,238.78,314.38,279.123,217.674,400.529,278.625,218.113,400.000,270.461,211.516,393.726,-0.529,26.069,,,,,0,278.625,218.113,400.000,
1785142151.1221,PID,NORMAL_HOLD,325.91,238.88,314.00,279.164,217.613,400.760,278.625,218.113,400.000,270.539,212.002,392.908,-0.760,30.621,,,,,0,278.625,218.113,400.000,
1785142151.1291,PID,NORMAL_HOLD,325.50,239.00,314.00,278.785,217.537,400.766,278.625,218.113,400.000,272.786,212.302,393.535,-0.766,26.111,,,,,0,278.625,218.113,400.000,
1785142151.1368,PID,NORMAL_HOLD,325.50,239.00,313.78,278.787,217.514,400.903,278.625,218.113,400.000,271.975,212.207,393.076,-0.903,28.553,,,,,0,278.625,218.113,400.000,
1785142151.1386,PID,NORMAL_HOLD,325.50,239.00,313.47,278.789,217.494,401.090,278.625,218.113,400.000,271.571,212.133,392.900,-1.090,29.114,,,,,0,278.625,218.113,400.000,
1785142151.1423,PID,NORMAL_HOLD,325.88,239.12,313.00,279.149,217.353,401.373,278.625,218.113,400.000,269.488,212.730,392.193,-1.373,32.920,,,,,0,278.625,218.113,400.000,
1785142151.1506,PID,NORMAL_HOLD,325.88,239.15,313.44,279.144,217.370,401.104,278.625,218.113,400.000,270.301,212.258,393.965,-1.104,21.361,,,,,0,278.625,218.113,400.000,
1785142151.1558,PID,NORMAL_HOLD,325.87,239.22,313.50,279.138,217.306,401.067,278.625,218.113,400.000,270.725,212.434,395.230,-1.067,13.154,,,,,0,278.625,218.113,400.000,
1785142151.1591,PID,NORMAL_HOLD,325.53,239.11,313.50,278.822,217.337,401.069,278.625,218.113,400.000,272.675,211.994,395.974,-1.069,8.310,,,,,0,278.625,218.113,400.000,
1785142151.1678,PID,NORMAL_HOLD,325.52,239.11,313.50,278.821,217.339,401.069,278.625,218.113,400.000,271.932,211.934,396.424,-1.069,5.375,,,,,0,278.625,218.113,400.000,
1785142151.1709,PID,NORMAL_HOLD,325.50,239.00,314.22,278.788,217.497,400.628,278.625,218.113,400.000,271.749,210.975,398.857,-0.628,-9.748,,,,,0,278.625,218.113,400.000,
1785142151.1760,PID,NORMAL_HOLD,325.50,239.00,314.00,278.785,217.537,400.766,278.625,218.113,400.000,271.484,211.180,398.844,-0.766,-9.492,,,,,0,278.625,218.113,400.000,
1785142151.1842,PID,NORMAL_HOLD,325.52,238.89,314.00,278.806,217.610,400.765,278.625,218.113,400.000,271.229,211.135,398.367,-0.765,-6.317,,,,,0,278.625,218.113,400.000,
1785142151.1874,PID,NORMAL_HOLD,325.45,238.77,314.45,278.734,217.708,400.488,278.625,218.113,400.000,271.638,210.884,399.516,-0.488,-13.281,,,,,0,278.625,218.113,400.000,
1785142151.1921,PID,NORMAL_HOLD,325.50,238.68,314.50,278.772,217.832,400.459,278.625,218.113,400.000,271.220,210.678,399.860,-0.459,-15.165,,,,,0,278.625,218.113,400.000,
1785142151.2009,PID,NORMAL_HOLD,326.00,238.54,314.00,279.226,217.991,400.763,278.625,218.113,400.000,269.835,210.735,398.161,-0.763,-4.411,,,,,0,278.625,218.113,400.000,
1785142151.2039,PID,NORMAL_HOLD,325.95,238.36,314.00,279.184,218.039,400.761,278.625,218.113,400.000,270.681,210.943,397.461,-0.761,-0.010,,,,,0,278.625,218.113,400.000,
1785142151.2112,PID,NORMAL_HOLD,325.70,238.48,314.20,278.949,217.985,400.644,278.625,218.113,400.000,272.194,211.619,397.788,-0.644,-2.034,,,,,0,278.625,218.113,400.000,
1785142151.2183,PID,NORMAL_HOLD,326.00,238.50,314.50,279.226,217.992,400.454,278.625,218.113,400.000,270.183,211.623,398.213,-0.454,-4.493,,,,,0,278.625,218.113,400.000,
1785142151.2233,PID,NORMAL_HOLD,325.86,238.51,314.50,279.099,217.979,400.456,278.625,218.113,400.000,271.348,211.738,398.614,-0.456,-6.877,,,,,0,278.625,218.113,400.000,
1785142151.2281,PID,NORMAL_HOLD,325.70,238.67,314.50,278.962,217.788,400.455,278.625,218.113,400.000,271.981,212.786,398.635,-0.455,-6.882,,,,,0,278.625,218.113,400.000,
1785142151.2342,PID,NORMAL_HOLD,325.88,238.85,314.46,279.129,217.667,400.481,278.625,218.113,400.000,270.635,212.943,398.363,-0.481,-5.077,,,,,0,278.625,218.113,400.000,
1785142151.2388,PID,NORMAL_HOLD,325.50,238.89,314.77,278.784,217.581,400.290,278.625,218.113,400.000,272.818,212.861,399.029,-0.290,-9.086,,,,,0,278.625,218.113,400.000,
1785142151.2443,PID,NORMAL_HOLD,325.50,238.89,315.76,278.785,217.555,399.676,278.625,218.113,400.000,272.000,212.485,402.340,0.324,-29.414,,,,,0,278.625,218.113,400.000,
1785142151.2508,PID,NORMAL_HOLD,325.00,239.00,316.00,278.327,217.459,399.534,278.625,218.113,400.000,272.929,212.442,403.243,0.466,-34.410,,,,,0,278.625,218.113,400.000,
1785142151.2554,PID,NORMAL_HOLD,325.18,239.00,315.80,278.496,217.445,399.654,278.625,218.113,400.000,271.171,212.233,402.242,0.346,-27.582,,,,,0,278.625,218.113,400.000,
1785142151.2607,PID,NORMAL_HOLD,325.50,239.00,315.81,278.789,217.447,399.648,278.625,218.113,400.000,269.588,212.036,401.386,0.352,-21.797,,,,,0,278.625,218.113,400.000,
1785142151.2681,PID,NORMAL_HOLD,325.50,238.89,317.00,278.782,217.567,398.914,278.625,218.113,400.000,270.427,211.299,403.923,1.086,-36.999,,,,,0,278.625,218.113,400.000,
1785142151.2708,PID,NORMAL_HOLD,325.50,238.89,317.00,278.781,217.585,398.915,278.625,218.113,400.000,270.815,211.467,404.151,1.085,-37.724,,,,,0,278.625,218.113,400.000,
1785142151.2756,PID,NORMAL_HOLD,325.50,238.82,317.10,278.779,217.640,398.854,278.625,218.113,400.000,271.011,211.329,403.715,1.146,-34.335,,,,,0,278.625,218.113,400.000,
1785142151.2839,PID,NORMAL_HOLD,325.31,238.72,317.00,278.600,217.676,398.915,278.625,218.113,400.000,272.041,211.376,402.465,1.085,-25.981,,,,,0,278.625,218.113,400.000,
1785142151.2857,PID,NORMAL_HOLD,325.50,238.63,317.45,278.775,217.758,398.636,278.625,218.113,400.000,270.625,211.114,402.771,1.364,-27.377,,,,,0,278.625,218.113,400.000,
1785142151.2915,PID,NORMAL_HOLD,325.70,238.64,317.50,278.957,217.844,398.608,278.625,218.113,400.000,269.883,210.958,402.436,1.392,-24.798,,,,,0,278.625,218.113,400.000,
1785142151.3004,PID,NORMAL_HOLD,325.71,238.59,317.00,278.960,217.869,398.915,278.625,218.113,400.000,270.490,211.223,400.265,1.085,-10.940,,,,,0,278.625,218.113,400.000,
1785142151.3016,PID,NORMAL_HOLD,325.50,238.63,316.44,278.773,217.813,399.261,278.625,218.113,400.000,271.937,211.819,397.550,0.739,6.031,,,,,0,278.625,218.113,400.000,
1785142151.3049,PID,NORMAL_HOLD,325.31,238.72,316.50,278.595,217.761,399.226,278.625,218.113,400.000,272.553,212.081,396.966,0.774,9.506,,,,,0,278.625,218.113,400.000,
1785142151.3121,PID,NORMAL_HOLD,325.50,238.89,316.98,278.779,217.609,398.929,278.625,218.113,400.000,270.903,212.749,398.383,1.071,0.580,,,,,0,278.625,218.113,400.000,
1785142151.3171,PID,NORMAL_HOLD,325.50,238.89,316.50,278.782,217.570,399.223,278.625,218.113,400.000,271.024,212.504,397.532,0.777,5.810,,,,,0,278.625,218.113,400.000,
1785142151.3224,PID,NORMAL_HOLD,325.50,239.11,316.78,278.784,217.448,399.055,278.625,218.113,400.000,271.094,212.860,398.119,0.945,2.085,,,,,0,278.625,218.113,400.000,
1785142151.3291,PID,NORMAL_HOLD,325.09,239.14,316.45,278.410,217.365,399.256,278.625,218.113,400.000,273.252,212.832,397.284,0.744,7.230,,,,,0,278.625,218.113,400.000,
1785142151.3329,PID,NORMAL_HOLD,325.00,239.21,316.50,278.335,217.247,399.223,278.625,218.113,400.000,272.641,212.944,397.402,0.777,6.369,,,,,0,278.625,218.113,400.000,
1785142151.3363,PID,NORMAL_HOLD,325.30,239.36,316.00,278.613,217.134,399.530,278.625,218.113,400.000,270.241,213.149,396.092,0.470,14.340,,,,,0,278.625,218.113,400.000,
1785142151.3430,PID,NORMAL_HOLD,325.29,239.39,316.00,278.616,217.059,399.528,278.625,218.113,400.000,270.724,212.982,395.969,0.472,14.827,,,,,0,278.625,218.113,400.000,
1785142151.3457,PID,NORMAL_HOLD,325.00,239.50,315.60,278.349,216.969,399.779,278.625,218.113,400.000,272.425,212.973,395.136,0.221,19.671,,,,,0,278.625,218.113,400.000,
1785142151.3520,PID,NORMAL_HOLD,325.00,239.50,316.14,278.347,216.976,399.446,278.625,218.113,400.000,271.880,212.457,396.819,0.554,8.918,,,,,0,278.625,218.113,400.000,
1785142151.3576,PID,NORMAL_HOLD,325.19,239.50,316.00,278.517,217.022,399.531,278.625,218.113,400.000,270.611,211.969,397.196,0.469,6.433,,,,,0,278.625,218.113,400.000,
1785142151.3604,PID,NORMAL_HOLD,325.30,239.36,315.50,278.613,217.142,399.839,278.625,218.113,400.000,270.410,211.324,396.011,0.161,13.623,,,,,0,278.625,218.113,400.000,
1785142151.3669,PID,NORMAL_HOLD,325.04,239.26,316.00,278.380,217.168,399.530,278.625,218.113,400.000,272.163,211.496,397.352,0.470,5.097,,,,,0,278.625,218.113,400.000,
1785142151.3728,PID,NORMAL_HOLD,325.13,239.22,315.81,278.455,217.242,399.648,278.625,218.113,400.000,271.315,211.316,397.367,0.352,4.914,,,,,0,278.625,218.113,400.000,
1785142151.3754,PID,NORMAL_HOLD,325.50,239.11,315.80,278.794,217.344,399.653,278.625,218.113,400.000,269.500,211.083,397.468,0.347,4.205,,,,,0,278.625,218.113,400.000,
1785142151.3823,PID,NORMAL_HOLD,325.50,239.00,316.45,278.787,217.460,399.251,278.625,218.113,400.000,270.379,210.807,399.514,0.749,-8.491,,,,,0,278.625,218.113,400.000,
1785142151.3887,PID,NORMAL_HOLD,325.67,239.07,316.00,278.945,217.461,399.531,278.625,218.113,400.000,269.915,211.335,398.728,0.469,-3.478,,,,,0,278.625,218.113,400.000,
1785142151.3915,PID,NORMAL_HOLD,325.50,238.89,316.50,278.782,217.570,399.223,278.625,218.113,400.000,271.427,210.995,399.908,0.777,-10.710,,,,,0,278.625,218.113,400.000,
1785142151.3973,PID,NORMAL_HOLD,325.50,238.89,316.26,278.783,217.563,399.372,278.625,218.113,400.000,271.302,211.456,399.322,0.628,-6.889,,,,,0,278.625,218.113,400.000,
1785142151.4051,PID,NORMAL_HOLD,325.50,238.89,316.27,278.780,217.601,399.363,278.625,218.113,400.000,271.261,211.430,399.006,0.637,-4.805,,,,,0,278.625,218.113,400.000,
1785142151.4084,PID,NORMAL_HOLD,325.54,239.00,316.00,278.823,217.509,399.531,278.625,218.113,400.000,270.991,212.137,398.033,0.469,1.275,,,,,0,278.625,218.113,400.000,
1785142151.4123,PID,NORMAL_HOLD,325.54,239.00,316.46,278.823,217.503,399.245,278.625,218.113,400.000,271.084,212.029,399.172,0.755,-5.803,,,,,0,278.625,218.113,400.000,
1785142151.4198,PID,NORMAL_HOLD,326.00,239.00,316.50,279.246,217.501,399.220,278.625,218.113,400.000,268.830,211.960,399.472,0.780,-7.540,,,,,0,278.625,218.113,400.000,
1785142151.4230,PID,NORMAL_HOLD,325.81,239.11,316.50,279.070,217.424,399.221,278.625,218.113,400.000,270.959,212.360,399.426,0.779,-7.119,,,,,0,278.625,218.113,400.000,
1785142151.4261,PID,NORMAL_HOLD,325.50,239.11,317.19,278.788,217.386,398.795,278.625,218.113,400.000,272.556,212.325,401.224,1.205,-18.059,,,,,0,278.625,218.113,400.000,
1785142151.4336,PID,NORMAL_HOLD,325.50,239.11,316.50,278.795,217.320,399.219,278.625,218.113,400.000,271.837,212.462,399.460,0.781,-6.830,,,,,0,278.625,218.113,400.000,
1785142151.4379,PID,NORMAL_HOLD,325.50,239.11,317.50,278.794,217.314,398.603,278.625,218.113,400.000,271.516,212.229,401.368,1.397,-18.407,,,,,0,278.625,218.113,400.000,
1785142151.4413,PID,NORMAL_HOLD,325.50,239.18,317.50,278.794,217.277,398.604,278.625,218.113,400.000,271.348,212.274,402.156,1.396,-22.996,,,,,0,278.625,218.113,400.000,
1785142151.4488,PID,NORMAL_HOLD,325.50,239.18,318.00,278.793,217.274,398.295,278.625,218.113,400.000,271.268,212.120,403.186,1.705,-28.916,,,,,0,278.625,218.113,400.000,
1785142151.4528,PID,NORMAL_HOLD,325.86,239.10,318.20,279.121,217.372,398.174,278.625,218.113,400.000,269.304,211.455,403.067,1.826,-27.534,,,,,0,278.625,218.113,400.000,
1785142151.4578,PID,NORMAL_HOLD,325.86,238.90,318.50,279.115,217.525,397.987,278.625,218.113,400.000,270.223,210.881,404.308,2.013,-34.841,,,,,0,278.625,218.113,400.000,
1785142151.4657,PID,NORMAL_HOLD,326.00,238.91,319.00,279.242,217.556,397.680,278.625,218.113,400.000,269.876,211.183,404.913,2.320,-37.904,,,,,0,278.625,218.113,400.000,
1785142151.4669,PID,NORMAL_HOLD,325.74,238.76,319.50,278.995,217.646,397.372,278.625,218.113,400.000,271.835,211.016,405.818,2.628,-42.782,,,,,0,278.625,218.113,400.000,
1785142151.4722,PID,NORMAL_HOLD,325.90,238.67,319.50,279.141,217.735,397.372,278.625,218.113,400.000,270.643,210.910,404.971,2.628,-36.700,,,,,0,278.625,218.113,400.000,
1785142151.4792,PID,NORMAL_HOLD,325.83,238.50,319.82,279.071,217.937,397.178,278.625,218.113,400.000,271.235,210.268,405.161,2.822,-37.236,,,,,0,278.625,218.113,400.000,
1785142151.4838,PID,NORMAL_HOLD,325.86,238.33,319.55,279.088,218.064,397.344,278.625,218.113,400.000,271.072,210.305,403.287,2.656,-24.929,,,,,0,278.625,218.113,400.000,
1785142151.4871,PID,NORMAL_HOLD,325.90,238.28,320.00,279.128,218.117,397.067,278.625,218.113,400.000,270.863,210.705,403.862,2.933,-28.091,,,,,0,278.625,218.113,400.000,
1785142151.4943,PID,NORMAL_HOLD,325.74,238.28,320.00,278.987,218.063,397.065,278.625,218.113,400.000,271.731,211.484,403.193,2.935,-23.434,,,,,0,278.625,218.113,400.000,
1785142151.4993,PID,NORMAL_HOLD,326.00,238.32,319.85,279.220,218.096,397.160,278.625,218.113,400.000,270.131,211.403,401.906,2.840,-15.028,,,,,0,278.625,218.113,400.000,
1785142151.5030,PID,NORMAL_HOLD,325.72,238.43,319.50,278.966,217.960,397.374,278.625,218.113,400.000,272.072,212.344,400.088,2.626,-3.510,,,,,0,278.625,218.113,400.000,
1785142151.5097,PID,NORMAL_HOLD,325.50,238.50,319.81,278.766,217.886,397.181,278.625,218.113,400.000,272.748,212.460,400.346,2.819,-5.035,,,,,0,278.625,218.113,400.000,
1785142151.5138,PID,NORMAL_HOLD,325.50,238.82,319.50,278.774,217.650,397.374,278.625,218.113,400.000,271.926,213.303,399.370,2.626,1.093,,,,,0,278.625,218.113,400.000,
1785142151.5174,PID,NORMAL_HOLD,325.50,238.82,319.50,278.779,217.588,397.371,278.625,218.113,400.000,271.527,212.935,399.065,2.629,2.961,,,,,0,278.625,218.113,400.000,
1785142151.5244,PID,NORMAL_HOLD,325.50,239.00,320.27,278.781,217.469,396.895,278.625,218.113,400.000,271.345,213.043,401.249,3.105,-10.541,,,,,0,278.625,218.113,400.000,
1785142151.5290,PID,NORMAL_HOLD,325.14,239.10,319.50,278.460,217.287,397.369,278.625,218.113,400.000,273.074,213.483,399.666,2.631,-0.593,,,,,0,278.625,218.113,400.000,
1785142151.5321,PID,NORMAL_HOLD,325.00,239.09,320.00,278.329,217.279,397.060,278.625,218.113,400.000,272.910,212.755,400.603,2.940,-6.380,,,,,0,278.625,218.113,400.000,
1785142151.5385,PID,NORMAL_HOLD,325.00,239.16,319.72,278.336,217.170,397.232,278.625,218.113,400.000,272.077,212.947,399.877,2.768,-1.770,,,,,0,278.625,218.113,400.000,
1785142151.5409,PID,NORMAL_HOLD,325.00,239.32,320.50,278.331,217.141,396.753,278.625,218.113,400.000,271.724,212.614,401.890,3.247,-14.149,,,,,0,278.625,218.113,400.000,
1785142151.5493,PID,NORMAL_HOLD,325.00,239.35,320.00,278.332,217.130,397.062,278.625,218.113,400.000,271.517,212.356,400.807,2.938,-7.190,,,,,0,278.625,218.113,400.000,
1785142151.5556,PID,NORMAL_HOLD,325.24,239.20,320.00,278.557,217.214,397.061,278.625,218.113,400.000,270.146,211.698,400.274,2.939,-3.755,,,,,0,278.625,218.113,400.000,
1785142151.5572,PID,NORMAL_HOLD,325.00,239.09,320.00,278.329,217.279,397.060,278.625,218.113,400.000,271.968,211.465,400.002,2.940,-2.001,,,,,0,278.625,218.113,400.000,
1785142151.5658,PID,NORMAL_HOLD,325.00,239.09,320.00,278.329,217.279,397.060,278.625,218.113,400.000,271.644,211.701,399.861,2.940,-1.081,,,,,0,278.625,218.113,400.000,
1785142151.5753,PID,NORMAL_HOLD,325.00,239.09,319.50,278.330,217.282,397.369,278.625,218.113,400.000,271.477,211.802,398.502,2.631,7.284,,,,,0,278.625,218.113,400.000,
1785142151.5787,PID,NORMAL_HOLD,325.00,239.09,319.50,278.324,217.364,397.372,278.625,218.113,400.000,271.434,211.406,397.935,2.628,10.674,,,,,0,278.625,218.113,400.000,
1785142151.5817,PID,NORMAL_HOLD,325.00,239.00,319.00,278.328,217.361,397.678,278.625,218.113,400.000,271.353,211.674,396.430,2.322,19.801,,,,,0,278.625,218.113,400.000,
1785142151.5900,PID,NORMAL_HOLD,325.00,239.00,318.50,278.329,217.362,397.987,278.625,218.113,400.000,271.332,211.792,395.579,2.013,24.541,,,,,0,278.625,218.113,400.000,
1785142151.5925,PID,NORMAL_HOLD,325.50,239.00,318.50,278.790,217.387,397.986,278.625,218.113,400.000,268.435,211.695,395.458,2.014,24.813,,,,,0,278.625,218.113,400.000,
1785142151.5970,PID,NORMAL_HOLD,325.50,239.11,318.44,278.790,217.339,398.024,278.625,218.113,400.000,269.807,212.058,395.544,1.976,23.868,,,,,0,278.625,218.113,400.000,
1785142151.6048,PID,NORMAL_HOLD,325.50,239.11,317.50,278.794,217.314,398.603,278.625,218.113,400.000,270.476,212.122,393.858,1.397,33.733,,,,,0,278.625,218.113,400.000,
1785142151.6073,PID,NORMAL_HOLD,325.50,239.11,317.44,278.796,217.282,398.638,278.625,218.113,400.000,270.812,212.224,393.476,1.362,35.484,,,,,0,278.625,218.113,400.000,
1785142151.6133,PID,NORMAL_HOLD,325.50,239.32,317.00,278.797,217.186,398.912,278.625,218.113,400.000,270.990,212.610,392.611,1.088,40.223,,,,,0,278.625,218.113,400.000,
1785142151.6207,PID,NORMAL_HOLD,325.50,239.32,316.50,278.801,217.141,399.219,278.625,218.113,400.000,271.059,212.554,390.861,0.781,50.525,,,,,0,278.625,218.113,400.000,
1785142151.6219,PID,NORMAL_HOLD,325.50,239.37,316.50,278.805,217.066,399.218,278.625,218.113,400.000,271.099,212.626,392.184,0.782,41.402,,,,,0,278.625,218.113,400.000,
1785142151.6259,PID,NORMAL_HOLD,325.50,239.37,316.50,278.804,217.081,399.218,278.625,218.113,400.000,271.144,212.227,393.862,0.782,30.201,,,,,0,278.625,218.113,400.000,
1785142151.6326,PID,NORMAL_HOLD,325.50,239.37,316.07,278.805,217.081,399.486,278.625,218.113,400.000,271.156,212.117,392.482,0.514,38.420,,,,,0,278.625,218.113,400.000,
1785142151.6343,PID,NORMAL_HOLD,325.50,239.32,316.24,278.805,217.098,399.379,278.625,218.113,400.000,271.164,211.963,394.440,0.621,25.561,,,,,0,278.625,218.113,400.000,
1785142151.6398,PID,NORMAL_HOLD,325.50,239.37,316.72,278.801,217.117,399.086,278.625,218.113,400.000,271.193,211.871,397.113,0.914,8.544,,,,,0,278.625,218.113,400.000,
1785142151.6463,PID,NORMAL_HOLD,325.67,239.28,316.00,278.949,217.251,399.529,278.625,218.113,400.000,270.354,211.184,395.999,0.471,15.260,,,,,0,278.625,218.113,400.000,
1785142151.6503,PID,NORMAL_HOLD,325.50,239.11,316.44,278.792,217.352,399.258,278.625,218.113,400.000,271.455,211.113,397.244,0.742,7.296,,,,,0,278.625,218.113,400.000,
1785142151.6537,PID,NORMAL_HOLD,326.00,239.00,316.49,279.251,217.425,399.223,278.625,218.113,400.000,268.292,211.038,398.026,0.777,2.331,,,,,0,278.625,218.113,400.000,
1785142151.6607,PID,NORMAL_HOLD,325.52,238.89,316.50,278.807,217.551,399.222,278.625,218.113,400.000,272.393,210.693,398.357,0.778,0.252,,,,,0,278.625,218.113,400.000,
1785142151.6639,PID,NORMAL_HOLD,325.53,238.89,316.50,278.805,217.594,399.223,278.625,218.113,400.000,271.795,211.049,398.475,0.777,-0.482,,,,,0,278.625,218.113,400.000,
1785142151.6692,PID,NORMAL_HOLD,325.90,238.72,316.83,279.144,217.756,399.021,278.625,218.113,400.000,269.539,210.525,399.477,0.979,-6.651,,,,,0,278.625,218.113,400.000,
1785142151.6763,PID,NORMAL_HOLD,325.80,238.58,316.00,279.044,217.952,399.533,278.625,218.113,400.000,270.871,210.053,397.222,0.467,7.393,,,,,0,278.625,218.113,400.000,
1785142151.6798,PID,NORMAL_HOLD,325.50,238.32,316.00,278.762,218.092,399.534,278.625,218.113,400.000,272.592,210.099,396.559,0.466,11.349,,,,,0,278.625,218.113,400.000,
1785142151.6858,PID,NORMAL_HOLD,325.86,238.29,315.95,279.095,218.122,399.564,278.625,218.113,400.000,270.079,210.740,396.511,0.436,11.422,,,,,0,278.625,218.113,400.000,
1785142151.6924,PID,NORMAL_HOLD,326.00,238.28,315.77,279.217,218.190,399.674,278.625,218.113,400.000,269.899,210.835,396.116,0.326,13.659,,,,,0,278.625,218.113,400.000,
1785142151.6942,PID,NORMAL_HOLD,325.91,238.23,315.50,279.132,218.187,399.839,278.625,218.113,400.000,270.956,211.267,395.505,0.161,17.183,,,,,0,278.625,218.113,400.000,
1785142151.7001,PID,NORMAL_HOLD,325.50,238.32,315.50,278.760,218.128,399.843,278.625,218.113,400.000,272.948,211.776,395.816,0.157,14.903,,,,,0,278.625,218.113,400.000,
1785142151.7063,PID,NORMAL_HOLD,325.50,238.32,315.50,278.763,218.087,399.842,278.625,218.113,400.000,272.050,211.973,396.113,0.158,12.805,,,,,0,278.625,218.113,400.000,
1785142151.7075,PID,NORMAL_HOLD,325.63,238.49,315.50,278.887,217.921,399.839,278.625,218.113,400.000,270.965,212.716,396.488,0.161,10.265,,,,,0,278.625,218.113,400.000,
1785142151.7155,PID,NORMAL_HOLD,325.50,238.63,315.81,278.771,217.849,399.649,278.625,218.113,400.000,271.745,212.666,397.792,0.351,2.034,,,,,0,278.625,218.113,400.000,
1785142151.7221,PID,NORMAL_HOLD,325.64,238.62,316.44,278.901,217.827,399.260,278.625,218.113,400.000,270.729,212.343,400.275,0.740,-13.341,,,,,0,278.625,218.113,400.000,
1785142151.7239,PID,NORMAL_HOLD,325.50,238.82,316.88,278.775,217.694,398.992,278.625,218.113,400.000,271.638,212.803,402.098,1.008,-24.341,,,,,0,278.625,218.113,400.000,
1785142151.7288,PID,NORMAL_HOLD,325.50,238.82,316.76,278.781,217.624,399.059,278.625,218.113,400.000,271.379,212.704,401.824,0.941,-22.180,,,,,0,278.625,218.113,400.000,
1785142151.7355,PID,NORMAL_HOLD,325.50,238.82,317.75,278.776,217.663,398.451,278.625,218.113,400.000,271.303,212.069,403.703,1.549,-33.238,,,,,0,278.625,218.113,400.000,
1785142151.7403,PID,NORMAL_HOLD,325.50,238.82,317.81,278.775,217.677,398.418,278.625,218.113,400.000,271.249,211.868,404.718,1.582,-39.014,,,,,0,278.625,218.113,400.000,
1785142151.7459,PID,NORMAL_HOLD,325.50,238.82,318.97,278.775,217.646,397.699,278.625,218.113,400.000,271.212,212.029,407.148,2.301,-53.244,,,,,0,278.625,218.113,400.000,
1785142151.7517,PID,NORMAL_HOLD,325.50,238.63,318.71,278.771,217.787,397.858,278.625,218.113,400.000,271.218,211.225,405.779,2.142,-43.708,,,,,0,278.625,218.113,400.000,
1785142151.7548,PID,NORMAL_HOLD,325.50,238.50,319.44,278.769,217.856,397.409,278.625,218.113,400.000,271.213,211.086,407.446,2.591,-53.341,,,,,0,278.625,218.113,400.000,
1785142151.7599,PID,NORMAL_HOLD,325.50,238.50,319.50,278.765,217.914,397.374,278.625,218.113,400.000,271.223,211.109,406.511,2.626,-46.566,,,,,0,278.625,218.113,400.000,
1785142151.7674,PID,NORMAL_HOLD,325.50,238.24,319.55,278.760,218.089,397.343,278.625,218.113,400.000,271.230,210.491,405.180,2.657,-37.454,,,,,0,278.625,218.113,400.000,
1785142151.7710,PID,NORMAL_HOLD,325.50,238.18,319.50,278.756,218.166,397.374,278.625,218.113,400.000,271.231,210.649,403.844,2.626,-28.509,,,,,0,278.625,218.113,400.000,
1785142151.7766,PID,NORMAL_HOLD,325.50,238.18,319.50,278.756,218.166,397.374,278.625,218.113,400.000,271.209,211.164,402.688,2.626,-20.836,,,,,0,278.625,218.113,400.000,
1785142151.7829,PID,NORMAL_HOLD,325.50,238.18,320.00,278.754,218.184,397.067,278.625,218.113,400.000,271.209,211.328,403.096,2.933,-22.904,,,,,0,278.625,218.113,400.000,
1785142151.7861,PID,NORMAL_HOLD,325.50,238.18,319.62,278.756,218.165,397.303,278.625,218.113,400.000,271.187,211.610,401.775,2.697,-14.328,,,,,0,278.625,218.113,400.000,
1785142151.7906,PID,NORMAL_HOLD,325.56,238.24,318.90,278.810,218.130,397.744,278.625,218.113,400.000,270.876,211.850,398.874,2.256,3.842,,,,,0,278.625,218.113,400.000,
1785142151.7985,PID,NORMAL_HOLD,325.50,238.50,319.50,278.767,217.887,397.373,278.625,218.113,400.000,271.261,213.093,399.714,2.627,-1.414,,,,,0,278.625,218.113,400.000,
1785142151.8002,PID,NORMAL_HOLD,325.50,238.68,318.50,278.775,217.716,397.989,278.625,218.113,400.000,271.178,213.312,397.286,2.011,13.533,,,,,0,278.625,218.113,400.000,
1785142151.8051,PID,NORMAL_HOLD,325.50,238.82,318.50,278.780,217.594,397.988,278.625,218.113,400.000,271.149,213.307,396.283,2.012,19.529,,,,,0,278.625,218.113,400.000,
1785142151.8132,PID,NORMAL_HOLD,325.50,238.91,318.50,278.782,217.533,397.989,278.625,218.113,400.000,271.154,212.933,396.540,2.011,17.585,,,,,0,278.625,218.113,400.000,
1785142151.8166,PID,NORMAL_HOLD,325.50,239.00,318.89,278.785,217.449,397.748,278.625,218.113,400.000,271.153,212.828,398.164,2.252,7.240,,,,,0,278.625,218.113,400.000,
1785142151.8203,PID,NORMAL_HOLD,325.50,239.18,318.50,278.793,217.271,397.987,278.625,218.113,400.000,271.120,213.362,397.726,2.013,9.825,,,,,0,278.625,218.113,400.000,
1785142151.8284,PID,NORMAL_HOLD,325.50,239.18,318.00,278.793,217.274,398.295,278.625,218.113,400.000,271.145,212.638,396.280,1.705,18.579,,,,,0,278.625,218.113,400.000,
1785142151.8306,PID,NORMAL_HOLD,325.46,239.19,318.29,278.756,217.224,398.117,278.625,218.113,400.000,271.367,212.571,397.078,1.883,13.313,,,,,0,278.625,218.113,400.000,
1785142151.8334,PID,NORMAL_HOLD,325.45,239.19,318.00,278.754,217.239,398.294,278.625,218.113,400.000,271.289,212.186,396.794,1.706,14.826,,,,,0,278.625,218.113,400.000,
1785142151.8396,PID,NORMAL_HOLD,325.45,239.19,318.00,278.751,217.268,398.296,278.625,218.113,400.000,271.251,211.913,397.046,1.704,12.999,,,,,0,278.625,218.113,400.000,
1785142151.8448,PID,NORMAL_HOLD,325.50,239.11,318.00,278.793,217.310,398.294,278.625,218.113,400.000,270.983,211.694,397.386,1.706,10.668,,,,,0,278.625,218.113,400.000,
1785142151.8506,PID,NORMAL_HOLD,325.00,239.00,317.50,278.333,217.337,398.603,278.625,218.113,400.000,273.610,211.673,396.306,1.397,17.131,,,,,0,278.625,218.113,400.000,
1785142151.8573,PID,NORMAL_HOLD,325.00,239.00,318.00,278.325,217.434,398.298,278.625,218.113,400.000,272.511,211.251,397.757,1.702,7.866,,,,,0,278.625,218.113,400.000,
1785142151.8598,PID,NORMAL_HOLD,325.00,239.00,317.58,278.323,217.466,398.556,278.625,218.113,400.000,271.923,211.391,397.285,1.444,10.615,,,,,0,278.625,218.113,400.000,
1785142151.8659,PID,NORMAL_HOLD,325.00,239.00,318.00,278.321,217.488,398.300,278.625,218.113,400.000,271.634,211.530,398.557,1.700,2.566,,,,,0,278.625,218.113,400.000,
1785142151.8723,PID,NORMAL_HOLD,325.50,238.89,317.50,278.780,217.585,398.607,278.625,218.113,400.000,268.981,211.183,397.551,1.393,8.734,,,,,0,278.625,218.113,400.000,
1785142151.8778,PID,NORMAL_HOLD,325.54,238.81,316.50,278.821,217.630,399.222,278.625,218.113,400.000,269.867,211.286,394.712,0.778,26.030,,,,,0,278.625,218.113,400.000,
1785142151.8796,PID,NORMAL_HOLD,325.50,238.82,317.00,278.778,217.657,398.915,278.625,218.113,400.000,270.805,211.387,395.416,1.085,21.237,,,,,0,278.625,218.113,400.000,
1785142151.8866,PID,NORMAL_HOLD,325.50,238.76,317.00,278.773,217.747,398.917,278.625,218.113,400.000,271.020,211.126,396.280,1.083,15.508,,,,,0,278.625,218.113,400.000,
1785142151.8918,PID,NORMAL_HOLD,325.50,238.82,316.50,278.775,217.703,399.225,278.625,218.113,400.000,271.089,211.689,395.432,0.775,20.448,,,,,0,278.625,218.113,400.000,
1785142151.8955,PID,NORMAL_HOLD,325.50,238.68,317.00,278.777,217.718,398.914,278.625,218.113,400.000,271.121,211.672,397.081,1.086,9.895,,,,,0,278.625,218.113,400.000,
1785142151.9027,PID,NORMAL_HOLD,325.54,238.81,317.00,278.819,217.648,398.915,278.625,218.113,400.000,270.902,212.164,397.888,1.085,4.733,,,,,0,278.625,218.113,400.000,
1785142151.9043,PID,NORMAL_HOLD,325.54,238.81,316.50,278.821,217.630,399.222,278.625,218.113,400.000,271.023,212.106,396.771,0.778,11.546,,,,,0,278.625,218.113,400.000,
1785142151.9085,PID,NORMAL_HOLD,325.50,238.82,317.00,278.779,217.644,398.915,278.625,218.113,400.000,271.332,211.898,398.098,1.085,3.153,,,,,0,278.625,218.113,400.000,
1785142151.9167,PID,NORMAL_HOLD,325.50,238.82,317.00,278.780,217.626,398.914,278.625,218.113,400.000,271.249,211.957,398.672,1.086,-0.444,,,,,0,278.625,218.113,400.000,
1785142151.9215,PID,NORMAL_HOLD,325.50,238.82,317.50,278.778,217.636,398.606,278.625,218.113,400.000,271.223,211.845,400.420,1.394,-11.239,,,,,0,278.625,218.113,400.000,
1785142151.9245,PID,NORMAL_HOLD,325.66,238.75,317.00,278.924,217.659,398.913,278.625,218.113,400.000,270.292,211.704,399.257,1.087,-3.845,,,,,0,278.625,218.113,400.000,
1785142151.9322,PID,NORMAL_HOLD,325.50,238.76,317.50,278.774,217.721,398.608,278.625,218.113,400.000,271.369,211.502,400.027,1.392,-8.468,,,,,0,278.625,218.113,400.000,
1785142151.9365,PID,NORMAL_HOLD,325.56,238.75,317.81,278.825,217.754,398.420,278.625,218.113,400.000,270.885,211.410,401.482,1.580,-17.365,,,,,0,278.625,218.113,400.000,
1785142151.9404,PID,NORMAL_HOLD,325.50,238.50,318.00,278.768,217.896,398.299,278.625,218.113,400.000,271.330,210.839,402.034,1.701,-20.456,,,,,0,278.625,218.113,400.000,
1785142151.9489,PID,NORMAL_HOLD,325.72,238.43,318.29,278.966,217.980,398.122,278.625,218.113,400.000,270.122,210.824,402.620,1.878,-23.692,,,,,0,278.625,218.113,400.000,
1785142151.9506,PID,NORMAL_HOLD,325.86,238.29,318.20,279.094,218.099,398.176,278.625,218.113,400.000,269.904,210.616,401.975,1.824,-19.257,,,,,0,278.625,218.113,400.000,
1785142151.9539,PID,NORMAL_HOLD,325.55,238.19,318.50,278.800,218.155,397.991,278.625,218.113,400.000,272.118,210.853,402.264,2.009,-20.681,,,,,0,278.625,218.113,400.000,
1785142151.9629,PID,NORMAL_HOLD,325.68,238.14,318.00,278.920,218.223,398.299,278.625,218.113,400.000,270.971,210.892,400.408,1.701,-8.841,,,,,0,278.625,218.113,400.000,
1785142151.9658,PID,NORMAL_HOLD,326.00,238.09,318.42,279.214,218.284,398.043,278.625,218.113,400.000,269.424,210.945,400.817,1.957,-11.198,,,,,0,278.625,218.113,400.000,
1785142151.9686,PID,NORMAL_HOLD,325.90,238.08,318.00,279.122,218.302,398.300,278.625,218.113,400.000,270.752,211.195,399.434,1.700,-2.450,,,,,0,278.625,218.113,400.000,
1785142151.9760,PID,NORMAL_HOLD,326.00,238.00,318.02,279.210,218.387,398.286,278.625,218.113,400.000,270.426,210.953,398.971,1.714,0.455,,,,,0,278.625,218.113,400.000,
1785142151.9805,PID,NORMAL_HOLD,326.00,238.00,317.00,279.214,218.333,398.914,278.625,218.113,400.000,270.710,211.584,395.854,1.086,19.670,,,,,0,278.625,218.113,400.000,
1785142151.9870,PID,NORMAL_HOLD,326.14,238.10,318.00,279.343,218.301,398.299,278.625,218.113,400.000,270.185,211.783,398.150,1.701,5.125,,,,,0,278.625,218.113,400.000,
1785142151.9935,PID,NORMAL_HOLD,326.00,238.09,318.00,279.216,218.262,398.298,278.625,218.113,400.000,271.347,211.946,399.037,1.702,-0.435,,,,,0,278.625,218.113,400.000,
1785142151.9976,PID,NORMAL_HOLD,326.00,238.21,317.24,279.218,218.193,398.770,278.625,218.113,400.000,271.185,212.156,397.098,1.230,11.537,,,,,0,278.625,218.113,400.000,
1785142152.0005,PID,NORMAL_HOLD,325.86,238.30,317.45,279.093,218.089,398.637,278.625,218.113,400.000,271.837,212.518,397.294,1.363,10.121,,,,,0,278.625,218.113,400.000,
1785142152.0072,PID,NORMAL_HOLD,325.80,238.58,317.19,279.048,217.881,398.799,278.625,218.113,400.000,271.727,213.349,396.792,1.201,13.033,,,,,0,278.625,218.113,400.000,
1785142152.0099,PID,NORMAL_HOLD,325.95,238.68,317.45,279.194,217.747,398.633,278.625,218.113,400.000,270.651,213.257,397.717,1.367,7.090,,,,,0,278.625,218.113,400.000,
1785142152.0142,PID,NORMAL_HOLD,325.55,238.81,317.50,278.821,217.627,398.606,278.625,218.113,400.000,273.069,213.250,398.337,1.394,3.134,,,,,0,278.625,218.113,400.000,
1785142152.0216,PID,NORMAL_HOLD,325.50,238.89,318.00,278.781,217.561,398.298,278.625,218.113,400.000,272.341,212.917,400.140,1.702,-8.052,,,,,0,278.625,218.113,400.000,
1785142152.0246,PID,NORMAL_HOLD,326.00,239.00,318.26,279.242,217.527,398.139,278.625,218.113,400.000,269.175,212.583,401.237,1.861,-14.636,,,,,0,278.625,218.113,400.000,
1785142152.0312,PID,NORMAL_HOLD,325.50,239.00,318.45,278.782,217.493,398.018,278.625,218.113,400.000,272.678,212.424,402.032,1.982,-19.280,,,,,0,278.625,218.113,400.000,
1785142152.0389,PID,NORMAL_HOLD,325.50,239.00,317.50,278.789,217.419,398.604,278.625,218.113,400.000,271.887,212.563,399.008,1.396,-0.256,,,,,0,278.625,218.113,400.000,
1785142152.0425,PID,NORMAL_HOLD,325.18,239.00,318.00,278.493,217.429,398.297,278.625,218.113,400.000,273.146,212.186,399.382,1.703,-2.547,,,,,0,278.625,218.113,400.000,
1785142152.0455,PID,NORMAL_HOLD,325.00,239.00,318.50,278.323,217.449,397.990,278.625,218.113,400.000,273.189,211.935,400.975,2.010,-12.326,,,,,0,278.625,218.113,400.000,
1785142152.0527,PID,NORMAL_HOLD,325.50,238.89,319.00,278.781,217.537,397.680,278.625,218.113,400.000,269.727,211.435,402.920,2.320,-24.135,,,,,0,278.625,218.113,400.000,
1785142152.0562,PID,NORMAL_HOLD,325.50,238.82,319.37,278.779,217.589,397.454,278.625,218.113,400.000,270.461,211.361,404.048,2.546,-30.638,,,,,0,278.625,218.113,400.000,
1785142152.0598,PID,NORMAL_HOLD,325.50,238.82,319.50,278.776,217.624,397.373,278.625,218.113,400.000,270.834,211.419,404.205,2.627,-31.039,,,,,0,278.625,218.113,400.000,
1785142152.0675,PID,NORMAL_HOLD,325.50,238.82,319.45,278.774,217.652,397.403,278.625,218.113,400.000,271.015,211.488,403.339,2.597,-25.094,,,,,0,278.625,218.113,400.000,
1785142152.0705,PID,NORMAL_HOLD,325.50,238.76,319.45,278.773,217.686,397.404,278.625,218.113,400.000,271.100,211.481,402.506,2.596,-19.480,,,,,0,278.625,218.113,400.000,
1785142152.0755,PID,NORMAL_HOLD,325.56,238.75,319.00,278.824,217.742,397.683,278.625,218.113,400.000,270.843,211.325,400.428,2.317,-6.288,,,,,0,278.625,218.113,400.000,
1785142152.0816,PID,NORMAL_HOLD,325.86,238.70,318.50,279.106,217.738,397.989,278.625,218.113,400.000,269.475,211.595,398.108,2.011,8.144,,,,,0,278.625,218.113,400.000,
1785142152.0842,PID,NORMAL_HOLD,325.86,238.70,318.45,279.106,217.739,398.019,278.625,218.113,400.000,270.275,211.701,397.222,1.981,13.483,,,,,0,278.625,218.113,400.000,
1785142152.0905,PID,NORMAL_HOLD,325.50,238.50,318.49,278.770,217.862,397.998,278.625,218.113,400.000,272.560,211.072,397.339,2.002,12.516,,,,,0,278.625,218.113,400.000,
1785142152.0987,PID,NORMAL_HOLD,325.50,238.82,318.00,278.778,217.628,398.298,278.625,218.113,400.000,271.822,212.739,396.337,1.702,18.451,,,,,0,278.625,218.113,400.000,
1785142152.1031,PID,NORMAL_HOLD,325.50,238.82,318.00,278.779,217.615,398.297,278.625,218.113,400.000,271.493,212.368,396.378,1.703,17.845,,,,,0,278.625,218.113,400.000,
1785142152.1067,PID,NORMAL_HOLD,325.50,238.89,317.50,278.783,217.544,398.605,278.625,218.113,400.000,271.312,212.521,394.999,1.395,26.089,,,,,0,278.625,218.113,400.000,
1785142152.1155,PID,NORMAL_HOLD,325.00,239.00,317.50,278.327,217.419,398.606,278.625,218.113,400.000,273.728,212.881,395.304,1.394,23.718,,,,,0,278.625,218.113,400.000,
1785142152.1173,PID,NORMAL_HOLD,325.50,239.11,317.50,278.794,217.314,398.603,278.625,218.113,400.000,269.899,212.991,396.025,1.397,18.805,,,,,0,278.625,218.113,400.000,
1785142152.1206,PID,NORMAL_HOLD,325.50,239.18,317.44,278.796,217.246,398.639,278.625,218.113,400.000,270.519,212.849,396.514,1.361,15.430,,,,,0,278.625,218.113,400.000,
1785142152.1279,PID,NORMAL_HOLD,325.50,239.18,318.00,278.793,217.274,398.295,278.625,218.113,400.000,270.860,212.255,398.774,1.705,1.177,,,,,0,278.625,218.113,400.000,
1785142152.1327,PID,NORMAL_HOLD,325.44,239.24,318.20,278.745,217.193,398.173,278.625,218.113,400.000,271.276,212.544,399.979,1.827,-6.247,,,,,0,278.625,218.113,400.000,
1785142152.1374,PID,NORMAL_HOLD,325.46,239.19,317.72,278.759,217.192,398.467,278.625,218.113,400.000,271.153,212.272,399.011,1.533,-0.162,,,,,0,278.625,218.113,400.000,
1785142152.1443,PID,NORMAL_HOLD,325.41,239.23,318.00,278.715,217.186,398.294,278.625,218.113,400.000,271.449,212.170,399.617,1.706,-3.938,,,,,0,278.625,218.113,400.000,
1785142152.1471,PID,NORMAL_HOLD,325.41,239.23,317.50,278.713,217.221,398.603,278.625,218.113,400.000,271.331,211.890,398.241,1.397,4.609,,,,,0,278.625,218.113,400.000,
1785142152.1525,PID,NORMAL_HOLD,325.50,239.18,317.81,278.794,217.263,398.412,278.625,218.113,400.000,270.819,211.702,398.711,1.588,1.621,,,,,0,278.625,218.113,400.000,
1785142152.1596,PID,NORMAL_HOLD,326.00,239.00,317.50,279.251,217.418,398.601,278.625,218.113,400.000,268.663,211.045,397.990,1.399,6.052,,,,,0,278.625,218.113,400.000,
1785142152.1628,PID,NORMAL_HOLD,326.00,239.00,317.89,279.246,217.483,398.363,278.625,218.113,400.000,269.880,211.080,398.949,1.637,0.042,,,,,0,278.625,218.113,400.000,
1785142152.1665,PID,NORMAL_HOLD,326.00,239.00,317.50,279.243,217.520,398.605,278.625,218.113,400.000,270.470,211.284,398.101,1.395,5.298,,,,,0,278.625,218.113,400.000,
1785142152.1732,PID,NORMAL_HOLD,325.50,238.89,317.74,278.780,217.573,398.456,278.625,218.113,400.000,273.318,211.295,398.704,1.544,1.480,,,,,0,278.625,218.113,400.000,
1785142152.1772,PID,NORMAL_HOLD,325.53,238.89,317.00,278.803,217.612,398.916,278.625,218.113,400.000,272.119,211.368,396.748,1.084,13.521,,,,,0,278.625,218.113,400.000,
1785142152.1820,PID,NORMAL_HOLD,325.90,238.72,316.50,279.145,217.744,399.221,278.625,218.113,400.000,269.914,210.951,394.955,0.779,24.315,,,,,0,278.625,218.113,400.000,
1785142152.1884,PID,NORMAL_HOLD,326.00,238.69,316.50,279.230,217.843,399.223,278.625,218.113,400.000,269.972,210.784,394.813,0.777,24.728,,,,,0,278.625,218.113,400.000,
1785142152.1909,PID,NORMAL_HOLD,326.05,238.68,315.81,279.272,217.853,399.646,278.625,218.113,400.000,270.264,211.235,393.148,0.354,34.569,,,,,0,278.625,218.113,400.000,
1785142152.1976,PID,NORMAL_HOLD,325.71,238.50,315.81,278.967,217.920,399.646,278.625,218.113,400.000,272.354,211.138,393.421,0.354,32.238,,,,,0,278.625,218.113,400.000,
1785142152.2041,PID,NORMAL_HOLD,326.00,238.50,315.50,279.228,217.962,399.838,278.625,218.113,400.000,270.312,211.224,393.213,0.162,32.940,,,,,0,278.625,218.113,400.000,
1785142152.2065,PID,NORMAL_HOLD,326.00,238.50,315.50,279.228,217.962,399.838,278.625,218.113,400.000,270.674,211.492,393.950,0.162,27.780,,,,,0,278.625,218.113,400.000,
1785142152.2114,PID,NORMAL_HOLD,325.50,238.50,315.44,278.769,217.943,399.879,278.625,218.113,400.000,273.297,211.728,394.636,0.121,23.025,,,,,0,278.625,218.113,400.000,
1785142152.2172,PID,NORMAL_HOLD,325.80,238.62,315.50,279.042,217.896,399.841,278.625,218.113,400.000,270.647,212.017,395.590,0.159,16.702,,,,,0,278.625,218.113,400.000,
1785142152.2219,PID,NORMAL_HOLD,325.71,238.61,315.44,278.963,217.839,399.876,278.625,218.113,400.000,271.300,212.210,396.109,0.124,13.193,,,,,0,278.625,218.113,400.000,
1785142152.2267,PID,NORMAL_HOLD,325.50,238.68,315.44,278.774,217.795,399.878,278.625,218.113,400.000,272.266,212.251,396.574,0.122,10.080,,,,,0,278.625,218.113,400.000,
1785142152.2345,PID,NORMAL_HOLD,325.86,238.71,316.00,279.103,217.828,399.532,278.625,218.113,400.000,269.888,211.848,398.516,0.468,-2.062,,,,,0,278.625,218.113,400.000,
1785142152.2377,PID,NORMAL_HOLD,325.90,238.67,316.26,279.137,217.833,399.370,278.625,218.113,400.000,270.285,211.798,400.039,0.630,-11.421,,,,,0,278.625,218.113,400.000,
1785142152.2429,PID,NORMAL_HOLD,325.89,238.57,316.44,279.130,217.862,399.258,278.625,218.113,400.000,270.710,211.638,401.074,0.742,-17.639,,,,,0,278.625,218.113,400.000,
1785142152.2512,PID,NORMAL_HOLD,326.00,238.50,316.74,279.230,217.915,399.073,278.625,218.113,400.000,270.334,211.422,401.699,0.927,-21.142,,,,,0,278.625,218.113,400.000,
1785142152.2529,PID,NORMAL_HOLD,325.71,238.59,317.50,278.960,217.867,398.607,278.625,218.113,400.000,272.220,211.872,403.536,1.393,-32.026,,,,,0,278.625,218.113,400.000,
1785142152.2578,PID,NORMAL_HOLD,326.00,238.35,317.29,279.225,218.038,398.737,278.625,218.113,400.000,270.205,210.886,403.246,1.263,-29.694,,,,,0,278.625,218.113,400.000,
1785142152.2677,PID,NORMAL_HOLD,326.06,238.28,317.50,279.276,218.161,398.607,278.625,218.113,400.000,270.470,210.952,401.966,1.393,-20.999,,,,,0,278.625,218.113,400.000,
1785142152.2720,PID,NORMAL_HOLD,326.47,238.11,318.00,279.652,218.277,398.297,278.625,218.113,400.000,268.684,210.691,403.256,1.703,-28.566,,,,,0,278.625,218.113,400.000,
1785142152.2776,PID,NORMAL_HOLD,326.50,238.11,318.50,279.677,218.278,397.989,278.625,218.113,400.000,269.659,211.173,404.463,2.011,-35.457,,,,,0,278.625,218.113,400.000,
1785142152.2842,PID,NORMAL_HOLD,326.50,238.11,317.50,279.676,218.283,398.604,278.625,218.113,400.000,270.279,211.389,401.201,1.396,-14.663,,,,,0,278.625,218.113,400.000,
1785142152.2887,PID,NORMAL_HOLD,326.50,238.11,317.53,279.673,218.329,398.588,278.625,218.113,400.000,270.603,211.310,399.778,1.412,-5.602,,,,,0,278.625,218.113,400.000,
1785142152.2916,PID,NORMAL_HOLD,326.50,238.11,317.54,279.675,218.304,398.583,278.625,218.113,400.000,270.735,211.665,399.178,1.417,-1.793,,,,,0,278.625,218.113,400.000,
1785142152.3007,PID,NORMAL_HOLD,326.50,238.18,317.43,279.678,218.231,398.649,278.625,218.113,400.000,270.798,212.070,398.601,1.351,1.807,,,,,0,278.625,218.113,400.000,
1785142152.3056,PID,NORMAL_HOLD,326.50,238.18,317.50,279.678,218.227,398.605,278.625,218.113,400.000,270.844,211.898,398.653,1.395,1.453,,,,,0,278.625,218.113,400.000,
1785142152.3080,PID,NORMAL_HOLD,326.14,238.30,317.00,279.355,218.058,398.911,278.625,218.113,400.000,272.626,212.705,397.116,1.089,10.944,,,,,0,278.625,218.113,400.000,
1785142152.3175,PID,NORMAL_HOLD,326.46,238.62,316.50,279.651,217.895,399.220,278.625,218.113,400.000,270.244,213.079,395.511,0.780,20.621,,,,,0,278.625,218.113,400.000,
1785142152.3191,PID,NORMAL_HOLD,326.14,238.71,317.00,279.365,217.723,398.911,278.625,218.113,400.000,272.299,213.470,396.824,1.089,12.130,,,,,0,278.625,218.113,400.000,
1785142152.3228,PID,NORMAL_HOLD,326.11,238.79,317.00,279.340,217.646,398.910,278.625,218.113,400.000,271.783,213.080,397.555,1.090,7.399,,,,,0,278.625,218.113,400.000,
1785142152.3288,PID,NORMAL_HOLD,326.00,239.00,317.00,279.246,217.490,398.911,278.625,218.113,400.000,271.909,213.333,397.975,1.089,4.672,,,,,0,278.625,218.113,400.000,
1785142152.3313,PID,NORMAL_HOLD,326.00,239.00,317.00,279.254,217.390,398.908,278.625,218.113,400.000,271.425,213.127,398.247,1.092,2.910,,,,,0,278.625,218.113,400.000,
1785142152.3378,PID,NORMAL_HOLD,325.50,239.11,317.00,278.794,217.317,398.911,278.625,218.113,400.000,274.093,212.990,398.394,1.089,1.951,,,,,0,278.625,218.113,400.000,
1785142152.3452,PID,NORMAL_HOLD,325.50,239.11,317.29,278.797,217.270,398.733,278.625,218.113,400.000,272.607,212.731,399.252,1.267,-3.347,,,,,0,278.625,218.113,400.000,
1785142152.3480,PID,NORMAL_HOLD,325.50,239.18,317.50,278.796,217.246,398.603,278.625,218.113,400.000,271.888,212.487,400.338,1.397,-10.021,,,,,0,278.625,218.113,400.000,
1785142152.3533,PID,NORMAL_HOLD,325.50,239.18,317.56,278.796,217.245,398.566,278.625,218.113,400.000,271.522,212.237,400.593,1.434,-11.407,,,,,0,278.625,218.113,400.000,
1785142152.3600,PID,NORMAL_HOLD,325.50,239.18,317.50,278.794,217.277,398.604,278.625,218.113,400.000,271.351,211.949,400.205,1.396,-8.793,,,,,0,278.625,218.113,400.000,
1785142152.3630,PID,NORMAL_HOLD,325.50,239.11,317.50,278.791,217.345,398.604,278.625,218.113,400.000,271.268,211.578,399.891,1.396,-6.688,,,,,0,278.625,218.113,400.000,
1785142152.3687,PID,NORMAL_HOLD,325.00,239.00,317.50,278.331,217.368,398.604,278.625,218.113,400.000,274.023,211.623,399.631,1.396,-4.955,,,,,0,278.625,218.113,400.000,
1785142152.3757,PID,NORMAL_HOLD,325.00,239.00,318.00,278.324,217.447,398.299,278.625,218.113,400.000,272.700,211.344,400.858,1.701,-12.419,,,,,0,278.625,218.113,400.000,
1785142152.3786,PID,NORMAL_HOLD,325.00,239.00,318.00,278.321,217.488,398.300,278.625,218.113,400.000,272.017,211.401,400.969,1.700,-12.853,,,,,0,278.625,218.113,400.000,
1785142152.3826,PID,NORMAL_HOLD,325.50,238.89,317.50,278.781,217.564,398.606,278.625,218.113,400.000,269.140,211.237,399.231,1.394,-1.866,,,,,0,278.625,218.113,400.000,
1785142152.3891,PID,NORMAL_HOLD,325.54,238.81,317.00,278.820,217.630,398.914,278.625,218.113,400.000,269.933,211.195,397.160,1.086,10.945,,,,,0,278.625,218.113,400.000,
1785142152.3934,PID,NORMAL_HOLD,326.00,238.79,317.00,279.238,217.681,398.912,278.625,218.113,400.000,268.171,211.238,396.640,1.088,13.955,,,,,0,278.625,218.113,400.000,
1785142152.3977,PID,NORMAL_HOLD,325.91,238.77,316.45,279.150,217.710,399.250,278.625,218.113,400.000,270.076,211.388,395.144,0.750,22.930,,,,,0,278.625,218.113,400.000,
1785142152.4045,PID,NORMAL_HOLD,326.10,238.71,316.83,279.326,217.774,399.018,278.625,218.113,400.000,269.561,211.251,396.292,0.982,15.415,,,,,0,278.625,218.113,400.000,
1785142152.4077,PID,NORMAL_HOLD,326.10,238.71,316.20,279.324,217.809,399.407,278.625,218.113,400.000,270.290,211.339,394.990,0.593,23.197,,,,,0,278.625,218.113,400.000,
1785142152.4143,PID,NORMAL_HOLD,326.10,238.72,316.00,279.328,217.739,399.527,278.625,218.113,400.000,270.619,211.962,394.563,0.473,25.400,,,,,0,278.625,218.113,400.000,
1785142152.4208,PID,NORMAL_HOLD,326.09,238.78,316.00,279.325,217.694,399.527,278.625,218.113,400.000,270.826,212.133,395.015,0.473,22.133,,,,,0,278.625,218.113,400.000,
1785142152.4236,PID,NORMAL_HOLD,326.00,238.79,315.76,279.240,217.667,399.672,278.625,218.113,400.000,271.393,212.147,394.993,0.328,21.845,,,,,0,278.625,218.113,400.000,
1785142152.4288,PID,NORMAL_HOLD,326.11,238.79,315.76,279.339,217.672,399.672,278.625,218.113,400.000,270.641,211.972,395.421,0.328,18.802,,,,,0,278.625,218.113,400.000,
1785142152.4359,PID,NORMAL_HOLD,326.00,239.00,316.00,279.242,217.550,399.529,278.625,218.113,400.000,271.312,212.544,396.701,0.471,10.555,,,,,0,278.625,218.113,400.000,
1785142152.4386,PID,NORMAL_HOLD,325.86,238.90,316.34,279.115,217.557,399.321,278.625,218.113,400.000,271.957,212.170,398.409,0.679,-0.182,,,,,0,278.625,218.113,400.000,
1785142152.4430,PID,NORMAL_HOLD,325.86,238.90,316.19,279.116,217.547,399.408,278.625,218.113,400.000,271.502,212.090,398.585,0.592,-1.266,,,,,0,278.625,218.113,400.000,
1785142152.4505,PID,NORMAL_HOLD,326.00,239.00,316.17,279.246,217.493,399.422,278.625,218.113,400.000,270.558,212.290,398.553,0.578,-1.040,,,,,0,278.625,218.113,400.000,
1785142152.4533,PID,NORMAL_HOLD,325.50,238.89,315.64,278.784,217.571,399.756,278.625,218.113,400.000,273.399,211.661,396.890,0.244,9.249,,,,,0,278.625,218.113,400.000,
1785142152.4591,PID,NORMAL_HOLD,326.00,238.82,316.00,279.242,217.630,399.527,278.625,218.113,400.000,269.721,211.440,397.620,0.473,4.570,,,,,0,278.625,218.113,400.000,
1785142152.4668,PID,NORMAL_HOLD,325.75,238.84,317.00,279.010,217.603,398.913,278.625,218.113,400.000,271.054,211.735,400.845,1.087,-15.392,,,,,0,278.625,218.113,400.000,
1785142152.4697,PID,NORMAL_HOLD,326.09,238.77,316.50,279.327,217.678,399.219,278.625,218.113,400.000,269.300,211.392,400.230,0.781,-11.300,,,,,0,278.625,218.113,400.000,
1785142152.4765,PID,NORMAL_HOLD,326.14,238.71,316.90,279.365,217.725,398.975,278.625,218.113,400.000,269.931,211.358,401.076,1.025,-16.339,,,,,0,278.625,218.113,400.000,
1785142152.4837,PID,NORMAL_HOLD,326.14,238.70,316.55,279.365,217.755,399.190,278.625,218.113,400.000,270.454,211.437,399.883,0.810,-8.669,,,,,0,278.625,218.113,400.000,
1785142152.4867,PID,NORMAL_HOLD,326.14,238.70,317.21,279.361,217.802,398.782,278.625,218.113,400.000,270.739,211.370,401.134,1.218,-16.199,,,,,0,278.625,218.113,400.000,
1785142152.4921,PID,NORMAL_HOLD,326.50,238.63,316.50,279.689,217.894,399.220,278.625,218.113,400.000,269.034,211.083,399.163,0.780,-3.727,,,,,0,278.625,218.113,400.000,
1785142152.5006,PID,NORMAL_HOLD,326.50,238.63,316.50,279.685,217.945,399.222,278.625,218.113,400.000,269.978,211.156,398.364,0.778,1.276,,,,,0,278.625,218.113,400.000,
1785142152.5022,PID,NORMAL_HOLD,326.50,238.50,316.50,279.689,217.954,399.218,278.625,218.113,400.000,270.409,211.413,398.138,0.782,2.650,,,,,0,278.625,218.113,400.000,
1785142152.5077,PID,NORMAL_HOLD,326.50,238.50,316.50,279.689,217.954,399.218,278.625,218.113,400.000,270.644,211.593,398.123,0.782,2.695,,,,,0,278.625,218.113,400.000,
1785142152.5169,PID,NORMAL_HOLD,326.50,238.63,316.50,279.689,217.894,399.220,278.625,218.113,400.000,270.759,212.013,398.177,0.780,2.310,,,,,0,278.625,218.113,400.000,
1785142152.5193,PID,NORMAL_HOLD,326.14,238.70,316.50,279.359,217.846,399.223,278.625,218.113,400.000,272.701,212.177,398.213,0.777,2.049,,,,,0,278.625,218.113,400.000,
1785142152.5229,PID,NORMAL_HOLD,326.13,238.78,316.50,279.355,217.714,399.220,278.625,218.113,400.000,271.856,212.680,398.289,0.780,1.547,,,,,0,278.625,218.113,400.000,
1785142152.5326,PID,NORMAL_HOLD,326.00,239.00,316.77,279.243,217.536,399.057,278.625,218.113,400.000,271.752,212.795,398.777,0.943,-1.405,,,,,0,278.625,218.113,400.000,
1785142152.5372,PID,NORMAL_HOLD,326.00,239.00,317.00,279.246,217.490,398.911,278.625,218.113,400.000,271.365,212.584,399.931,1.089,-8.509,,,,,0,278.625,218.113,400.000,
1785142152.5423,PID,NORMAL_HOLD,325.86,239.10,316.50,279.125,217.342,399.217,278.625,218.113,400.000,271.959,213.192,398.646,0.783,-0.419,,,,,0,278.625,218.113,400.000,
1785142152.5488,PID,NORMAL_HOLD,325.50,239.11,317.00,278.794,217.317,398.911,278.625,218.113,400.000,273.261,212.712,399.682,1.089,-6.806,,,,,0,278.625,218.113,400.000,
1785142152.5519,PID,NORMAL_HOLD,325.50,239.11,317.29,278.797,217.270,398.733,278.625,218.113,400.000,272.185,212.602,400.663,1.267,-12.710,,,,,0,278.625,218.113,400.000,
1785142152.5562,PID,NORMAL_HOLD,325.50,239.11,317.19,278.796,217.286,398.791,278.625,218.113,400.000,271.671,212.204,400.450,1.209,-11.143,,,,,0,278.625,218.113,400.000,
1785142152.5638,PID,NORMAL_HOLD,325.50,239.18,317.56,278.796,217.245,398.566,278.625,218.113,400.000,271.409,212.312,401.469,1.434,-17.274,,,,,0,278.625,218.113,400.000,
1785142152.5683,PID,NORMAL_HOLD,325.50,239.11,318.00,278.793,217.310,398.294,278.625,218.113,400.000,271.294,211.781,402.172,1.706,-21.178,,,,,0,278.625,218.113,400.000,
1785142152.5717,PID,NORMAL_HOLD,326.00,239.00,318.19,279.253,217.383,398.176,278.625,218.113,400.000,268.791,211.494,403.461,1.824,-28.885,,,,,0,278.625,218.113,400.000,
1785142152.5794,PID,NORMAL_HOLD,325.50,239.00,318.00,278.790,217.393,398.294,278.625,218.113,400.000,272.571,211.665,402.242,1.706,-20.819,,,,,0,278.625,218.113,400.000,
1785142152.5837,PID,NORMAL_HOLD,326.00,239.00,318.50,279.244,217.499,397.988,278.625,218.113,400.000,269.316,211.212,402.749,2.012,-23.534,,,,,0,278.625,218.113,400.000,
1785142152.5872,PID,NORMAL_HOLD,325.53,238.89,318.00,278.805,217.565,398.297,278.625,218.113,400.000,272.640,211.191,400.969,1.703,-12.105,,,,,0,278.625,218.113,400.000,
1785142152.5936,PID,NORMAL_HOLD,325.54,238.81,318.46,278.819,217.618,398.011,278.625,218.113,400.000,271.812,211.246,401.467,1.989,-14.954,,,,,0,278.625,218.113,400.000,
1785142152.5973,PID,NORMAL_HOLD,325.90,238.72,318.00,279.147,217.704,398.296,278.625,218.113,400.000,269.642,211.083,399.925,1.704,-5.153,,,,,0,278.625,218.113,400.000,
1785142152.6017,PID,NORMAL_HOLD,326.10,238.72,317.00,279.329,217.720,398.911,278.625,218.113,400.000,269.312,211.380,396.600,1.089,15.392,,,,,0,278.625,218.113,400.000,
1785142152.6082,PID,NORMAL_HOLD,326.10,238.71,317.29,279.324,217.791,398.737,278.625,218.113,400.000,270.170,211.253,396.207,1.263,17.576,,,,,0,278.625,218.113,400.000,
1785142152.6124,PID,NORMAL_HOLD,326.10,238.71,316.88,279.326,217.774,398.988,278.625,218.113,400.000,270.567,211.642,395.573,1.012,21.117,,,,,0,278.625,218.113,400.000,
1785142152.6175,PID,NORMAL_HOLD,326.10,238.71,316.49,279.324,217.809,399.231,278.625,218.113,400.000,270.788,211.540,394.237,0.769,29.030,,,,,0,278.625,218.113,400.000,
1785142152.6243,PID,NORMAL_HOLD,326.14,238.71,316.45,279.363,217.758,399.250,278.625,218.113,400.000,270.670,211.961,394.483,0.750,26.979,,,,,0,278.625,218.113,400.000,
1785142152.6283,PID,NORMAL_HOLD,326.09,238.78,316.00,279.321,217.744,399.529,278.625,218.113,400.000,271.057,211.979,393.837,0.471,30.471,,,,,0,278.625,218.113,400.000,
1785142152.6312,PID,NORMAL_HOLD,326.09,238.78,315.97,279.324,217.708,399.548,278.625,218.113,400.000,271.005,212.112,394.279,0.452,27.152,,,,,0,278.625,218.113,400.000,
1785142152.6375,PID,NORMAL_HOLD,326.00,238.79,315.50,279.240,217.670,399.835,278.625,218.113,400.000,271.459,212.196,393.499,0.165,31.485,,,,,0,278.625,218.113,400.000,
1785142152.6440,PID,NORMAL_HOLD,325.75,238.84,315.50,279.010,217.633,399.838,278.625,218.113,400.000,272.576,212.245,394.349,0.162,25.569,,,,,0,278.625,218.113,400.000,
1785142152.6470,PID,NORMAL_HOLD,326.00,238.79,315.76,279.240,217.667,399.672,278.625,218.113,400.000,270.572,211.877,395.579,0.328,17.547,,,,,0,278.625,218.113,400.000,
1785142152.6541,PID,NORMAL_HOLD,326.00,238.79,315.73,279.239,217.691,399.696,278.625,218.113,400.000,270.799,211.741,396.434,0.304,11.944,,,,,0,278.625,218.113,400.000,
1785142152.6570,PID,NORMAL_HOLD,326.00,238.79,315.50,279.239,217.695,399.836,278.625,218.113,400.000,270.904,211.775,396.319,0.164,12.429,,,,,0,278.625,218.113,400.000,
1785142152.6630,PID,NORMAL_HOLD,326.00,238.79,315.50,279.239,217.695,399.836,278.625,218.113,400.000,270.955,211.817,396.605,0.164,10.426,,,,,0,278.625,218.113,400.000,
1785142152.6704,PID,NORMAL_HOLD,326.05,238.68,315.89,279.278,217.762,399.597,278.625,218.113,400.000,270.760,211.469,398.065,0.403,1.222,,,,,0,278.625,218.113,400.000,
1785142152.6732,PID,NORMAL_HOLD,326.29,238.41,315.50,279.498,217.993,399.834,278.625,218.113,400.000,269.739,210.459,397.429,0.166,5.133,,,,,0,278.625,218.113,400.000,
1785142152.6771,PID,NORMAL_HOLD,326.50,238.32,316.00,279.686,218.075,399.525,278.625,218.113,400.000,269.209,210.619,398.816,0.475,-3.514,,,,,0,278.625,218.113,400.000,
1785142152.6843,PID,NORMAL_HOLD,326.50,238.32,315.50,279.681,218.136,399.834,278.625,218.113,400.000,270.064,210.846,397.749,0.166,3.136,,,,,0,278.625,218.113,400.000,
1785142152.6886,PID,NORMAL_HOLD,326.69,238.28,315.54,279.856,218.205,399.812,278.625,218.113,400.000,269.478,210.897,397.588,0.188,4.064,,,,,0,278.625,218.113,400.000,
1785142152.6918,PID,NORMAL_HOLD,326.50,238.11,315.50,279.676,218.294,399.834,278.625,218.113,400.000,271.122,210.819,397.434,0.166,4.951,,,,,0,278.625,218.113,400.000,
1785142152.7013,PID,NORMAL_HOLD,326.52,238.11,315.50,279.697,218.313,399.835,278.625,218.113,400.000,270.878,211.143,397.533,0.165,4.244,,,,,0,278.625,218.113,400.000,
1785142152.7032,PID,NORMAL_HOLD,327.00,238.00,315.00,280.132,218.393,400.137,278.625,218.113,400.000,268.364,210.952,396.196,-0.137,12.415,,,,,0,278.625,218.113,400.000,
1785142152.7063,PID,NORMAL_HOLD,326.50,238.00,314.70,279.671,218.402,400.324,278.625,218.113,400.000,272.125,211.246,395.064,-0.324,19.179,,,,,0,278.625,218.113,400.000,
1785142152.7173,PID,NORMAL_HOLD,327.14,238.10,315.00,280.260,218.373,400.138,278.625,218.113,400.000,268.252,211.605,396.022,-0.138,12.909,,,,,0,278.625,218.113,400.000,
1785142152.7193,PID,NORMAL_HOLD,327.00,238.06,315.36,280.132,218.367,399.916,278.625,218.113,400.000,270.158,211.666,397.731,0.084,2.118,,,,,0,278.625,218.113,400.000,
1785142152.7226,PID,NORMAL_HOLD,327.00,238.21,315.50,280.135,218.270,399.832,278.625,218.113,400.000,270.429,212.225,398.763,0.168,-4.285,,,,,0,278.625,218.113,400.000,
1785142152.7298,PID,NORMAL_HOLD,326.96,238.25,315.00,280.098,218.231,400.139,278.625,218.113,400.000,270.782,212.175,397.554,-0.139,3.255,,,,,0,278.625,218.113,400.000,
1785142152.7331,PID,NORMAL_HOLD,326.95,238.32,315.45,280.098,218.156,399.860,278.625,218.113,400.000,270.760,212.337,398.510,0.140,-2.693,,,,,0,278.625,218.113,400.000,
1785142152.7363,PID,NORMAL_HOLD,327.30,238.52,315.20,280.423,218.015,400.011,278.625,218.113,400.000,268.852,212.854,398.081,-0.011,0.005,,,,,0,278.625,218.113,400.000,
1785142152.7432,PID,NORMAL_HOLD,326.71,238.59,315.50,279.879,217.928,399.833,278.625,218.113,400.000,272.754,212.789,398.780,0.167,-4.306,,,,,0,278.625,218.113,400.000,
1785142152.7489,PID,NORMAL_HOLD,326.95,238.64,315.82,280.107,217.882,399.634,278.625,218.113,400.000,270.565,212.533,399.905,0.366,-11.164,,,,,0,278.625,218.113,400.000,
1785142152.7522,PID,NORMAL_HOLD,326.95,238.64,315.88,280.109,217.853,399.597,278.625,218.113,400.000,270.636,212.335,400.271,0.403,-13.227,,,,,0,278.625,218.113,400.000,
1785142152.7591,PID,NORMAL_HOLD,326.72,238.59,315.80,279.891,217.907,399.649,278.625,218.113,400.000,271.924,211.764,399.825,0.351,-10.222,,,,,0,278.625,218.113,400.000,
1785142152.7616,PID,NORMAL_HOLD,326.72,238.59,316.00,279.889,217.926,399.525,278.625,218.113,400.000,271.368,211.681,400.013,0.475,-11.188,,,,,0,278.625,218.113,400.000,
1785142152.7700,PID,NORMAL_HOLD,326.95,238.32,316.50,280.106,218.058,399.214,278.625,218.113,400.000,269.797,210.953,401.413,0.786,-19.632,,,,,0,278.625,218.113,400.000,
1785142152.7772,PID,NORMAL_HOLD,326.91,238.22,316.50,280.053,218.212,399.217,278.625,218.113,400.000,270.418,210.894,400.670,0.783,-14.497,,,,,0,278.625,218.113,400.000,
1785142152.7830,PID,NORMAL_HOLD,327.00,238.21,316.54,280.137,218.244,399.195,278.625,218.113,400.000,270.143,211.132,400.728,0.805,-14.583,,,,,0,278.625,218.113,400.000,
1785142152.7881,PID,NORMAL_HOLD,327.00,238.00,316.53,280.132,218.408,399.199,278.625,218.113,400.000,270.465,210.429,400.372,0.801,-12.107,,,,,0,278.625,218.113,400.000,
1785142152.7950,PID,NORMAL_HOLD,327.00,238.00,317.00,280.131,218.428,398.911,278.625,218.113,400.000,270.599,210.926,401.448,1.089,-18.534,,,,,0,278.625,218.113,400.000,
1785142152.7998,PID,NORMAL_HOLD,327.00,238.00,316.00,280.130,218.433,399.525,278.625,218.113,400.000,270.664,211.252,398.531,0.475,-0.212,,,,,0,278.625,218.113,400.000,
1785142152.8051,PID,NORMAL_HOLD,327.00,238.00,316.00,280.126,218.484,399.527,278.625,218.113,400.000,270.713,211.154,397.315,0.473,7.316,,,,,0,278.625,218.113,400.000,
1785142152.8118,PID,NORMAL_HOLD,327.01,237.95,316.00,280.133,218.542,399.527,278.625,218.113,400.000,270.677,211.064,397.153,0.473,8.166,,,,,0,278.625,218.113,400.000,
1785142152.8129,PID,NORMAL_HOLD,327.00,238.00,316.00,280.126,218.484,399.527,278.625,218.113,400.000,270.736,211.657,397.188,0.473,7.808,,,,,0,278.625,218.113,400.000,
1785142152.8181,PID,NORMAL_HOLD,327.00,238.00,316.00,280.126,218.484,399.527,278.625,218.113,400.000,270.727,211.639,397.414,0.473,6.270,,,,,0,278.625,218.113,400.000,
1785142152.8244,PID,NORMAL_HOLD,326.50,238.11,315.00,279.673,218.338,400.143,278.625,218.113,400.000,273.215,212.431,394.601,-0.143,23.525,,,,,0,278.625,218.113,400.000,
1785142152.8288,PID,NORMAL_HOLD,326.48,238.11,315.23,279.652,218.304,399.999,278.625,218.113,400.000,272.143,212.229,394.910,0.001,21.171,,,,,0,278.625,218.113,400.000,
1785142152.8335,PID,NORMAL_HOLD,326.00,238.21,315.23,279.218,218.214,400.003,278.625,218.113,400.000,274.118,212.495,395.452,-0.003,17.429,,,,,0,278.625,218.113,400.000,
1785142152.8399,PID,NORMAL_HOLD,325.90,238.28,315.50,279.130,218.147,399.839,278.625,218.113,400.000,273.019,212.446,396.815,0.161,8.691,,,,,0,278.625,218.113,400.000,
1785142152.8446,PID,NORMAL_HOLD,325.95,238.41,315.49,279.181,218.001,399.845,278.625,218.113,400.000,271.718,212.932,397.471,0.155,4.483,,,,,0,278.625,218.113,400.000,
1785142152.8487,PID,NORMAL_HOLD,325.71,238.50,315.50,278.968,217.921,399.839,278.625,218.113,400.000,272.445,212.755,397.832,0.161,2.169,,,,,0,278.625,218.113,400.000,
1785142152.8557,PID,NORMAL_HOLD,325.72,238.59,315.57,278.971,217.879,399.799,278.625,218.113,400.000,271.731,212.534,398.207,0.201,-0.187,,,,,0,278.625,218.113,400.000,
1785142152.8605,PID,NORMAL_HOLD,325.50,238.68,315.74,278.772,217.811,399.695,278.625,218.113,400.000,272.527,212.554,398.832,0.305,-4.038,,,,,0,278.625,218.113,400.000,
1785142152.8667,PID,NORMAL_HOLD,325.50,238.63,316.00,278.771,217.848,399.534,278.625,218.113,400.000,271.833,211.994,399.700,0.466,-9.304,,,,,0,278.625,218.113,400.000,
1785142152.8732,PID,NORMAL_HOLD,326.00,238.50,316.00,279.229,217.933,399.529,278.625,218.113,400.000,268.880,211.422,399.877,0.471,-10.225,,,,,0,278.625,218.113,400.000,
1785142152.8748,PID,NORMAL_HOLD,326.00,238.50,316.20,279.228,217.952,399.405,278.625,218.113,400.000,269.941,211.501,400.275,0.595,-12.486,,,,,0,278.625,218.113,400.000,
1785142152.8805,PID,NORMAL_HOLD,325.95,238.32,315.55,279.181,218.106,399.809,278.625,218.113,400.000,270.738,210.739,398.189,0.191,0.625,,,,,0,278.625,218.113,400.000,
1785142152.8866,PID,NORMAL_HOLD,326.00,238.28,316.00,279.220,218.148,399.530,278.625,218.113,400.000,270.649,211.009,398.821,0.470,-3.292,,,,,0,278.625,218.113,400.000,
1785142152.8908,PID,NORMAL_HOLD,326.00,238.21,315.50,279.217,218.222,399.839,278.625,218.113,400.000,270.835,210.948,397.564,0.161,4.512,,,,,0,278.625,218.113,400.000,
1785142152.8967,PID,NORMAL_HOLD,326.47,238.11,316.00,279.652,218.288,399.527,278.625,218.113,400.000,268.633,210.978,398.726,0.473,-2.757,,,,,0,278.625,218.113,400.000,
1785142152.9020,PID,NORMAL_HOLD,326.50,238.11,315.00,279.676,218.297,400.142,278.625,218.113,400.000,269.603,211.273,396.151,-0.142,13.160,,,,,0,278.625,218.113,400.000,
1785142152.9053,PID,NORMAL_HOLD,326.50,238.11,314.50,279.676,218.300,400.449,278.625,218.113,400.000,270.226,211.460,393.938,-0.449,26.584,,,,,0,278.625,218.113,400.000,
1785142152.9108,PID,NORMAL_HOLD,326.50,238.11,314.77,279.676,218.298,400.283,278.625,218.113,400.000,270.536,211.576,394.560,-0.283,22.252,,,,,0,278.625,218.113,400.000,
1785142152.9168,PID,NORMAL_HOLD,326.50,238.11,315.34,279.674,218.322,399.936,278.625,218.113,400.000,270.702,211.492,396.954,0.064,7.063,,,,,0,278.625,218.113,400.000,
1785142152.9198,PID,NORMAL_HOLD,326.50,238.11,315.00,279.676,218.297,400.142,278.625,218.113,400.000,270.765,211.698,396.975,-0.142,6.804,,,,,0,278.625,218.113,400.000,
1785142152.9244,PID,NORMAL_HOLD,326.69,238.28,314.50,279.855,218.211,400.448,278.625,218.113,400.000,269.608,212.260,395.671,-0.448,14.721,,,,,0,278.625,218.113,400.000,
1785142152.9333,PID,NORMAL_HOLD,326.50,238.32,315.00,279.680,218.147,400.142,278.625,218.113,400.000,271.237,212.362,397.006,-0.142,6.207,,,,,0,278.625,218.113,400.000,
1785142152.9351,PID,NORMAL_HOLD,326.50,238.37,315.45,279.681,218.111,399.864,278.625,218.113,400.000,271.035,212.224,398.977,0.136,-6.073,,,,,0,278.625,218.113,400.000,
1785142152.9404,PID,NORMAL_HOLD,326.50,238.50,315.20,279.687,217.982,400.017,278.625,218.113,400.000,270.905,212.778,398.789,-0.017,-4.802,,,,,0,278.625,218.113,400.000,
1785142152.9511,PID,NORMAL_HOLD,326.50,238.68,315.49,279.691,217.845,399.843,278.625,218.113,400.000,270.859,212.678,398.958,0.157,-5.630,,,,,0,278.625,218.113,400.000,
1785142152.9559,PID,NORMAL_HOLD,326.50,238.68,315.89,279.696,217.778,399.592,278.625,218.113,400.000,270.822,212.597,400.245,0.408,-13.416,,,,,0,278.625,218.113,400.000,
1785142152.9599,PID,NORMAL_HOLD,326.31,238.72,316.24,279.518,217.755,399.377,278.625,218.113,400.000,271.883,212.349,401.948,0.623,-23.758,,,,,0,278.625,218.113,400.000,
1785142152.9678,PID,NORMAL_HOLD,326.50,238.68,316.00,279.695,217.788,399.525,278.625,218.113,400.000,270.402,211.910,401.024,0.475,-17.606,,,,,0,278.625,218.113,400.000,
1785142152.9692,PID,NORMAL_HOLD,326.70,238.64,316.50,279.881,217.838,399.217,278.625,218.113,400.000,269.590,211.594,401.741,0.783,-21.680,,,,,0,278.625,218.113,400.000,
1785142152.9762,PID,NORMAL_HOLD,326.80,238.58,316.21,279.970,217.892,399.391,278.625,218.113,400.000,269.696,211.409,400.726,0.609,-15.010,,,,,0,278.625,218.113,400.000,
1785142152.9838,PID,NORMAL_HOLD,327.00,238.54,316.00,280.148,217.964,399.523,278.625,218.113,400.000,269.206,211.195,399.382,0.477,-6.435,,,,,0,278.625,218.113,400.000,
1785142152.9857,PID,NORMAL_HOLD,326.71,238.41,316.17,279.874,218.074,399.418,278.625,218.113,400.000,271.476,210.874,399.277,0.582,-5.667,,,,,0,278.625,218.113,400.000,
1785142152.9907,PID,NORMAL_HOLD,327.00,238.31,316.00,280.141,218.153,399.523,278.625,218.113,400.000,269.840,210.927,398.610,0.477,-1.446,,,,,0,278.625,218.113,400.000,
1785142153.0003,PID,NORMAL_HOLD,327.10,238.28,316.00,280.230,218.188,399.523,278.625,218.113,400.000,269.682,211.095,398.332,0.477,0.302,,,,,0,278.625,218.113,400.000,
1785142153.0016,PID,NORMAL_HOLD,326.95,238.32,316.00,280.099,218.147,399.524,278.625,218.113,400.000,270.904,211.628,398.238,0.476,0.879,,,,,0,278.625,218.113,400.000,
1785142153.0050,PID,NORMAL_HOLD,326.95,238.32,315.83,280.100,218.128,399.630,278.625,218.113,400.000,270.799,211.774,397.722,0.370,4.043,,,,,0,278.625,218.113,400.000,
1785142153.0118,PID,NORMAL_HOLD,327.00,238.41,315.18,280.144,218.060,400.026,278.625,218.113,400.000,270.489,212.162,395.674,-0.026,16.615,,,,,0,278.625,218.113,400.000,
1785142153.0167,PID,NORMAL_HOLD,326.95,238.64,315.00,280.103,217.921,400.138,278.625,218.113,400.000,270.802,212.674,395.042,-0.138,20.147,,,,,0,278.625,218.113,400.000,
1785142153.0217,PID,NORMAL_HOLD,326.69,238.72,314.89,279.874,217.775,400.206,278.625,218.113,400.000,272.011,213.037,394.804,-0.206,21.232,,,,,0,278.625,218.113,400.000,
1785142153.0281,PID,NORMAL_HOLD,326.50,238.89,315.00,279.700,217.647,400.140,278.625,218.113,400.000,272.460,213.219,395.340,-0.140,17.562,,,,,0,278.625,218.113,400.000,
1785142153.0312,PID,NORMAL_HOLD,326.50,238.89,315.00,279.701,217.629,400.140,278.625,218.113,400.000,271.635,212.645,396.041,-0.140,12.904,,,,,0,278.625,218.113,400.000,
1785142153.0368,PID,NORMAL_HOLD,326.00,239.00,315.00,279.244,217.538,400.144,278.625,218.113,400.000,273.786,212.771,396.548,-0.144,9.534,,,,,0,278.625,218.113,400.000,
1785142153.0426,PID,NORMAL_HOLD,326.00,239.00,314.50,279.246,217.513,400.451,278.625,218.113,400.000,272.361,212.478,395.490,-0.451,15.881,,,,,0,278.625,218.113,400.000,
1785142153.0459,PID,NORMAL_HOLD,326.27,239.05,314.50,279.499,217.451,400.447,278.625,218.113,400.000,270.280,212.533,395.480,-0.447,15.636,,,,,0,278.625,218.113,400.000,
1785142153.0515,PID,NORMAL_HOLD,326.00,239.00,315.00,279.247,217.502,400.143,278.625,218.113,400.000,272.020,211.944,397.284,-0.143,4.214,,,,,0,278.625,218.113,400.000,
1785142153.0583,PID,NORMAL_HOLD,326.00,239.00,314.50,279.244,217.538,400.452,278.625,218.113,400.000,271.503,211.732,396.518,-0.452,8.867,,,,,0,278.625,218.113,400.000,
1785142153.0633,PID,NORMAL_HOLD,325.50,239.00,314.50,278.788,217.498,400.456,278.625,218.113,400.000,273.797,212.046,396.443,-0.456,9.156,,,,,0,278.625,218.113,400.000,
1785142153.0664,PID,NORMAL_HOLD,325.50,239.00,314.50,278.785,217.534,400.457,278.625,218.113,400.000,272.463,211.786,396.613,-0.457,7.932,,,,,0,278.625,218.113,400.000,
1785142153.0733,PID,NORMAL_HOLD,325.91,238.86,314.50,279.161,217.639,400.453,278.625,218.113,400.000,269.646,211.255,396.852,-0.453,6.314,,,,,0,278.625,218.113,400.000,
1785142153.0746,PID,NORMAL_HOLD,325.91,238.78,314.45,279.152,217.715,400.482,278.625,218.113,400.000,270.364,211.144,396.958,-0.482,5.541,,,,,0,278.625,218.113,400.000,
1785142153.0813,PID,NORMAL_HOLD,325.50,238.76,314.00,278.773,217.799,400.769,278.625,218.113,400.000,272.824,211.024,395.728,-0.769,13.027,,,,,0,278.625,218.113,400.000,
1785142153.0882,PID,NORMAL_HOLD,326.00,238.54,313.81,279.230,217.928,400.876,278.625,218.113,400.000,269.384,210.704,395.349,-0.876,15.050,,,,,0,278.625,218.113,400.000,
1785142153.0909,PID,NORMAL_HOLD,326.00,238.50,314.00,279.225,218.016,400.763,278.625,218.113,400.000,270.205,210.756,395.697,-0.763,12.666,,,,,0,278.625,218.113,400.000,
1785142153.0953,PID,NORMAL_HOLD,326.00,238.42,313.94,279.223,218.078,400.798,278.625,218.113,400.000,270.597,210.912,396.114,-0.798,9.843,,,,,0,278.625,218.113,400.000,
1785142153.1027,PID,NORMAL_HOLD,326.00,238.33,313.88,279.222,218.129,400.839,278.625,218.113,400.000,270.787,211.038,396.220,-0.839,9.013,,,,,0,278.625,218.113,400.000,
1785142153.1071,PID,NORMAL_HOLD,326.05,238.32,313.50,279.263,218.150,401.070,278.625,218.113,400.000,270.671,211.277,395.445,-1.070,13.606,,,,,0,278.625,218.113,400.000,
1785142153.1116,PID,NORMAL_HOLD,326.20,238.38,313.00,279.407,218.128,401.376,278.625,218.113,400.000,269.909,211.639,393.807,-1.376,23.488,,,,,0,278.625,218.113,400.000,
1785142153.1168,PID,NORMAL_HOLD,325.95,238.32,312.90,279.181,218.134,401.437,278.625,218.113,400.000,271.610,211.651,393.534,-1.437,24.733,,,,,0,278.625,218.113,400.000,
1785142153.1213,PID,NORMAL_HOLD,326.00,238.46,313.00,279.226,218.030,401.378,278.625,218.113,400.000,271.029,212.304,394.305,-1.378,19.509,,,,,0,278.625,218.113,400.000,
1785142153.1251,PID,NORMAL_HOLD,325.95,238.32,313.47,279.184,218.086,401.085,278.625,218.113,400.000,271.230,211.722,396.435,-1.085,5.992,,,,,0,278.625,218.113,400.000,
1785142153.1335,PID,NORMAL_HOLD,326.20,238.38,313.50,279.407,218.130,401.069,278.625,218.113,400.000,269.901,211.492,397.367,-1.069,0.131,,,,,0,278.625,218.113,400.000,
1785142153.1346,PID,NORMAL_HOLD,326.20,238.38,313.50,279.408,218.120,401.069,278.625,218.113,400.000,270.400,211.671,397.733,-1.069,-2.140,,,,,0,278.625,218.113,400.000,
1785142153.1392,PID,NORMAL_HOLD,326.20,238.38,314.00,279.409,218.102,400.760,278.625,218.113,400.000,270.648,211.805,399.357,-0.760,-12.136,,,,,0,278.625,218.113,400.000,
1785142153.1453,PID,NORMAL_HOLD,326.14,238.29,314.00,279.349,218.148,400.760,278.625,218.113,400.000,271.108,211.517,399.410,-0.760,-12.192,,,,,0,278.625,218.113,400.000,
1785142153.1496,PID,NORMAL_HOLD,326.13,238.22,314.50,279.339,218.195,400.452,278.625,218.113,400.000,271.074,211.359,401.401,-0.452,-24.395,,,,,0,278.625,218.113,400.000,
1785142153.1559,PID,NORMAL_HOLD,326.47,238.11,315.00,279.652,218.293,400.142,278.625,218.113,400.000,269.237,210.980,402.637,-0.142,-31.572,,,,,0,278.625,218.113,400.000,
1785142153.1628,PID,NORMAL_HOLD,326.50,238.11,315.00,279.674,218.320,400.142,278.625,218.113,400.000,269.911,211.183,402.352,-0.142,-29.222,,,,,0,278.625,218.113,400.000,
1785142153.1657,PID,NORMAL_HOLD,326.50,238.11,315.00,279.673,218.338,400.143,278.625,218.113,400.000,270.374,211.344,401.452,-0.143,-23.087,,,,,0,278.625,218.113,400.000,
1785142153.1703,PID,NORMAL_HOLD,326.81,238.11,314.57,279.954,218.360,400.406,278.625,218.113,400.000,268.721,211.360,399.431,-0.406,-10.179,,,,,0,278.625,218.113,400.000,
1785142153.1780,PID,NORMAL_HOLD,326.50,238.00,315.17,279.669,218.433,400.036,278.625,218.113,400.000,271.350,211.094,400.265,-0.036,-15.137,,,,,0,278.625,218.113,400.000,
1785142153.1831,PID,NORMAL_HOLD,327.00,238.00,315.00,280.125,218.489,400.140,278.625,218.113,400.000,268.633,211.067,399.659,-0.140,-11.093,,,,,0,278.625,218.113,400.000,
1785142153.1846,PID,NORMAL_HOLD,327.00,238.00,315.00,280.125,218.489,400.140,278.625,218.113,400.000,269.659,211.344,399.332,-0.140,-8.892,,,,,0,278.625,218.113,400.000,
1785142153.1922,PID,NORMAL_HOLD,327.00,238.00,315.04,280.128,218.453,400.116,278.625,218.113,400.000,270.157,211.680,399.070,-0.116,-7.109,,,,,0,278.625,218.113,400.000,
1785142153.1947,PID,NORMAL_HOLD,327.00,238.00,314.55,280.129,218.435,400.417,278.625,218.113,400.000,270.415,211.751,397.382,-0.417,3.436,,,,,0,278.625,218.113,400.000,
1785142153.2014,PID,NORMAL_HOLD,327.00,238.00,314.57,280.130,218.421,400.403,278.625,218.113,400.000,270.542,211.777,396.909,-0.403,6.297,,,,,0,278.625,218.113,400.000,
1785142153.2091,PID,NORMAL_HOLD,326.87,238.22,315.50,280.017,218.261,399.833,278.625,218.113,400.000,271.240,212.601,399.629,0.167,-10.608,,,,,0,278.625,218.113,400.000,
1785142153.2132,PID,NORMAL_HOLD,326.87,238.24,314.50,280.015,218.236,400.446,278.625,218.113,400.000,270.990,212.279,397.604,-0.446,2.037,,,,,0,278.625,218.113,400.000,
1785142153.2175,PID,NORMAL_HOLD,326.50,238.32,314.50,279.685,218.081,400.447,278.625,218.113,400.000,272.614,212.817,396.598,-0.447,8.252,,,,,0,278.625,218.113,400.000,
1785142153.2241,PID,NORMAL_HOLD,326.29,238.50,315.00,279.492,217.952,400.142,278.625,218.113,400.000,272.776,212.988,398.026,-0.142,-0.715,,,,,0,278.625,218.113,400.000,
1785142153.2274,PID,NORMAL_HOLD,326.35,238.50,314.81,279.551,217.957,400.257,278.625,218.113,400.000,271.455,212.359,397.965,-0.257,-0.327,,,,,0,278.625,218.113,400.000,
1785142153.2312,PID,NORMAL_HOLD,326.17,238.66,315.00,279.389,217.780,400.142,278.625,218.113,400.000,272.035,213.035,398.486,-0.142,-3.533,,,,,0,278.625,218.113,400.000,
1785142153.2378,PID,NORMAL_HOLD,326.00,238.76,315.50,279.238,217.710,399.836,278.625,218.113,400.000,272.327,212.832,400.096,0.164,-13.411,,,,,0,278.625,218.113,400.000,
1785142153.2403,PID,NORMAL_HOLD,326.00,238.79,315.50,279.240,217.670,399.835,278.625,218.113,400.000,271.626,212.571,400.380,0.165,-14.915,,,,,0,278.625,218.113,400.000,
1785142153.2452,PID,NORMAL_HOLD,325.91,238.78,315.98,279.153,217.685,399.542,278.625,218.113,400.000,271.777,212.134,401.322,0.458,-20.393,,,,,0,278.625,218.113,400.000,
1785142153.2522,PID,NORMAL_HOLD,326.09,238.77,315.50,279.327,217.684,399.834,278.625,218.113,400.000,270.431,212.008,399.966,0.166,-11.653,,,,,0,278.625,218.113,400.000,
1785142153.2566,PID,NORMAL_HOLD,326.00,238.76,315.50,279.238,217.710,399.836,278.625,218.113,400.000,271.183,211.784,399.197,0.164,-6.685,,,,,0,278.625,218.113,400.000,
1785142153.2618,PID,NORMAL_HOLD,326.05,238.68,315.45,279.279,217.763,399.864,278.625,218.113,400.000,270.845,211.533,398.639,0.136,-3.118,,,,,0,278.625,218.113,400.000,
1785142153.2667,PID,NORMAL_HOLD,326.05,238.68,315.45,279.278,217.774,399.866,278.625,218.113,400.000,270.894,211.628,398.364,0.134,-1.362,,,,,0,278.625,218.113,400.000,
1785142153.2707,PID,NORMAL_HOLD,326.05,238.68,315.50,279.272,217.857,399.839,278.625,218.113,400.000,270.946,211.278,398.359,0.161,-1.299,,,,,0,278.625,218.113,400.000,
1785142153.2758,PID,NORMAL_HOLD,326.00,238.69,315.50,279.230,217.849,399.839,278.625,218.113,400.000,271.180,211.592,398.339,0.161,-1.155,,,,,0,278.625,218.113,400.000,
1785142153.2838,PID,NORMAL_HOLD,326.29,238.61,315.50,279.499,217.900,399.836,278.625,218.113,400.000,269.613,211.431,398.313,0.164,-0.973,,,,,0,278.625,218.113,400.000,
1785142153.2882,PID,NORMAL_HOLD,326.29,238.61,315.19,279.499,217.901,400.028,278.625,218.113,400.000,270.239,211.606,397.392,-0.028,4.723,,,,,0,278.625,218.113,400.000,
1785142153.2921,PID,NORMAL_HOLD,326.30,238.64,315.00,279.501,217.888,400.144,278.625,218.113,400.000,270.540,211.778,396.481,-0.144,10.281,,,,,0,278.625,218.113,400.000,
1785142153.3011,PID,NORMAL_HOLD,326.00,238.76,314.50,279.233,217.796,400.455,278.625,218.113,400.000,272.135,212.282,394.980,-0.455,19.343,,,,,0,278.625,218.113,400.000,
1785142153.3036,PID,NORMAL_HOLD,326.00,238.76,314.45,279.238,217.733,400.481,278.625,218.113,400.000,271.511,212.428,394.744,-0.481,20.438,,,,,0,278.625,218.113,400.000,
1785142153.3087,PID,NORMAL_HOLD,325.87,238.78,314.50,279.122,217.688,400.453,278.625,218.113,400.000,271.850,212.382,395.301,-0.453,16.605,,,,,0,278.625,218.113,400.000,
1785142153.3184,PID,NORMAL_HOLD,325.91,238.86,314.46,279.162,217.619,400.478,278.625,218.113,400.000,271.196,212.499,395.702,-0.478,13.822,,,,,0,278.625,218.113,400.000,
1785142153.3207,PID,NORMAL_HOLD,326.00,239.00,314.76,279.245,217.531,400.290,278.625,218.113,400.000,270.607,212.697,397.072,-0.290,5.107,,,,,0,278.625,218.113,400.000,
1785142153.3235,PID,NORMAL_HOLD,326.00,239.00,314.50,279.244,217.538,400.452,278.625,218.113,400.000,270.775,212.266,396.899,-0.452,6.074,,,,,0,278.625,218.113,400.000,
1785142153.3333,PID,NORMAL_HOLD,325.88,239.15,314.00,279.146,217.335,400.758,278.625,218.113,400.000,271.149,212.690,396.398,-0.758,8.835,,,,,0,278.625,218.113,400.000,
1785142153.3382,PID,NORMAL_HOLD,325.52,239.11,314.50,278.817,217.364,400.454,278.625,218.113,400.000,272.843,212.175,397.239,-0.454,3.474,,,,,0,278.625,218.113,400.000,
1785142153.3432,PID,NORMAL_HOLD,325.52,239.11,314.50,278.817,217.364,400.454,278.625,218.113,400.000,271.956,212.070,397.616,-0.454,1.086,,,,,0,278.625,218.113,400.000,
1785142153.3502,PID,NORMAL_HOLD,326.00,239.12,314.19,279.254,217.365,400.640,278.625,218.113,400.000,268.927,212.015,396.907,-0.640,5.430,,,,,0,278.625,218.113,400.000,
1785142153.3538,PID,NORMAL_HOLD,326.00,239.12,314.00,279.253,217.388,400.758,278.625,218.113,400.000,269.940,211.864,396.139,-0.758,10.077,,,,,0,278.625,218.113,400.000,
1785142153.3569,PID,NORMAL_HOLD,325.50,239.00,314.50,278.789,217.473,400.455,278.625,218.113,400.000,273.043,211.437,397.583,-0.455,0.977,,,,,0,278.625,218.113,400.000,
1785142153.3670,PID,NORMAL_HOLD,326.00,239.00,314.20,279.248,217.495,400.634,278.625,218.113,400.000,270.725,211.622,397.451,-0.634,1.720,,,,,0,278.625,218.113,400.000,
1785142153.3710,PID,NORMAL_HOLD,326.50,239.00,314.47,279.705,217.538,400.464,278.625,218.113,400.000,268.248,211.532,398.137,-0.464,-2.549,,,,,0,278.625,218.113,400.000,
1785142153.3781,PID,NORMAL_HOLD,326.50,239.00,314.43,279.705,217.535,400.488,278.625,218.113,400.000,269.522,211.739,398.203,-0.488,-2.913,,,,,0,278.625,218.113,400.000,
1785142153.3841,PID,NORMAL_HOLD,326.50,239.00,314.42,279.703,217.560,400.499,278.625,218.113,400.000,270.170,211.690,398.100,-0.499,-2.223,,,,,0,278.625,218.113,400.000,
1785142153.3893,PID,NORMAL_HOLD,326.50,239.00,314.00,279.704,217.546,400.754,278.625,218.113,400.000,270.478,211.868,396.752,-0.754,6.146,,,,,0,278.625,218.113,400.000,
1785142153.3924,PID,NORMAL_HOLD,326.50,239.11,313.97,279.705,217.485,400.775,278.625,218.113,400.000,270.629,212.335,396.337,-0.775,8.590,,,,,0,278.625,218.113,400.000,
1785142153.4005,PID,NORMAL_HOLD,326.50,239.11,313.81,279.708,217.446,400.869,278.625,218.113,400.000,270.695,212.351,395.974,-0.869,10.656,,,,,0,278.625,218.113,400.000,
1785142153.4042,PID,NORMAL_HOLD,326.50,239.11,313.21,279.713,217.390,401.239,278.625,218.113,400.000,270.720,212.457,394.126,-1.239,21.891,,,,,0,278.625,218.113,400.000,
1785142153.4077,PID,NORMAL_HOLD,326.48,239.11,313.50,279.690,217.387,401.059,278.625,218.113,400.000,270.885,212.229,394.929,-1.059,16.519,,,,,0,278.625,218.113,400.000,
1785142153.4158,PID,NORMAL_HOLD,326.50,239.24,313.50,279.713,217.328,401.060,278.625,218.113,400.000,270.716,212.416,395.588,-1.060,12.137,,,,,0,278.625,218.113,400.000,
1785142153.4192,PID,NORMAL_HOLD,326.50,239.32,314.00,279.716,217.255,400.752,278.625,218.113,400.000,270.738,212.610,397.561,-0.752,-0.264,,,,,0,278.625,218.113,400.000,
1785142153.4220,PID,NORMAL_HOLD,326.50,239.32,314.00,279.718,217.225,400.751,278.625,218.113,400.000,270.751,212.477,398.286,-0.751,-4.739,,,,,0,278.625,218.113,400.000,
1785142153.4302,PID,NORMAL_HOLD,326.50,239.32,313.50,279.720,217.200,401.058,278.625,218.113,400.000,270.758,212.378,396.955,-1.058,3.556,,,,,0,278.625,218.113,400.000,
1785142153.4334,PID,NORMAL_HOLD,326.50,239.32,314.00,279.721,217.190,400.750,278.625,218.113,400.000,270.769,212.261,398.040,-0.750,-3.210,,,,,0,278.625,218.113,400.000,
1785142153.4363,PID,NORMAL_HOLD,326.50,239.32,313.54,279.721,217.187,401.030,278.625,218.113,400.000,270.776,212.159,397.006,-1.030,3.231,,,,,0,278.625,218.113,400.000,
1785142153.4432,PID,NORMAL_HOLD,326.50,239.32,314.45,279.719,217.218,400.476,278.625,218.113,400.000,270.795,211.936,399.359,-0.476,-11.348,,,,,0,278.625,218.113,400.000,
1785142153.4478,PID,NORMAL_HOLD,326.50,239.24,314.84,279.717,217.275,400.237,278.625,218.113,400.000,270.802,211.623,400.874,-0.237,-20.434,,,,,0,278.625,218.113,400.000,
1785142153.4535,PID,NORMAL_HOLD,326.50,239.24,314.82,279.716,217.285,400.247,278.625,218.113,400.000,270.798,211.756,401.303,-0.247,-22.750,,,,,0,278.625,218.113,400.000,
1785142153.4605,PID,NORMAL_HOLD,326.20,239.22,315.00,279.441,217.311,400.140,278.625,218.113,400.000,272.401,211.726,401.327,-0.140,-22.480,,,,,0,278.625,218.113,400.000,
1785142153.4639,PID,NORMAL_HOLD,326.09,239.14,315.00,279.335,217.343,400.140,278.625,218.113,400.000,272.221,211.682,400.695,-0.140,-18.136,,,,,0,278.625,218.113,400.000,
1785142153.4684,PID,NORMAL_HOLD,326.50,239.11,314.50,279.713,217.382,400.444,278.625,218.113,400.000,269.447,211.612,398.713,-0.444,-5.575,,,,,0,278.625,218.113,400.000,
1785142153.4743,PID,NORMAL_HOLD,326.50,239.11,315.00,279.708,217.451,400.139,278.625,218.113,400.000,270.147,211.412,399.493,-0.139,-10.324,,,,,0,278.625,218.113,400.000,
1785142153.4768,PID,NORMAL_HOLD,326.50,239.11,315.00,279.708,217.451,400.139,278.625,218.113,400.000,270.467,211.681,399.419,-0.139,-9.668,,,,,0,278.625,218.113,400.000,
1785142153.4820,PID,NORMAL_HOLD,326.50,239.11,314.50,279.713,217.382,400.444,278.625,218.113,400.000,270.598,212.167,397.701,-0.444,1.111,,,,,0,278.625,218.113,400.000,
1785142153.4882,PID,NORMAL_HOLD,326.50,239.11,314.50,279.713,217.382,400.444,278.625,218.113,400.000,270.691,212.069,397.158,-0.444,4.435,,,,,0,278.625,218.113,400.000,
1785142153.4931,PID,NORMAL_HOLD,326.50,239.11,314.50,279.713,217.382,400.444,278.625,218.113,400.000,270.737,212.020,396.996,-0.444,5.357,,,,,0,278.625,218.113,400.000,
1785142153.4985,PID,NORMAL_HOLD,326.50,239.18,314.50,279.713,217.346,400.445,278.625,218.113,400.000,270.759,212.194,397.087,-0.445,4.697,,,,,0,278.625,218.113,400.000,
1785142153.5057,PID,NORMAL_HOLD,326.74,239.18,314.50,279.931,217.360,400.442,278.625,218.113,400.000,269.700,212.022,397.234,-0.442,3.697,,,,,0,278.625,218.113,400.000,
1785142153.5082,PID,NORMAL_HOLD,326.09,239.23,314.50,279.342,217.305,400.449,278.625,218.113,400.000,273.989,212.354,397.349,-0.449,2.915,,,,,0,278.625,218.113,400.000,
1785142153.5136,PID,NORMAL_HOLD,325.95,239.32,314.00,279.216,217.227,400.758,278.625,218.113,400.000,273.152,212.617,395.821,-0.758,12.321,,,,,0,278.625,218.113,400.000,
1785142153.5205,PID,NORMAL_HOLD,326.00,239.42,314.00,279.258,217.182,400.759,278.625,218.113,400.000,271.811,212.566,395.641,-0.759,13.198,,,,,0,278.625,218.113,400.000,
1785142153.5233,PID,NORMAL_HOLD,325.95,239.32,314.50,279.220,217.176,400.448,278.625,218.113,400.000,271.580,212.337,397.321,-0.448,2.597,,,,,0,278.625,218.113,400.000,
1785142153.5295,PID,NORMAL_HOLD,325.70,239.33,314.45,278.989,217.159,400.481,278.625,218.113,400.000,272.529,212.280,397.893,-0.481,-0.996,,,,,0,278.625,218.113,400.000,
1785142153.5366,PID,NORMAL_HOLD,325.73,239.42,314.00,279.011,217.169,400.761,278.625,218.113,400.000,271.643,212.103,396.721,-0.761,6.247,,,,,0,278.625,218.113,400.000,
1785142153.5408,PID,NORMAL_HOLD,325.50,239.32,314.50,278.797,217.236,400.455,278.625,218.113,400.000,272.501,211.703,397.857,-0.455,-0.871,,,,,0,278.625,218.113,400.000,
1785142153.5460,PID,NORMAL_HOLD,325.50,239.24,314.50,278.797,217.272,400.455,278.625,218.113,400.000,271.779,211.668,398.307,-0.455,-3.641,,,,,0,278.625,218.113,400.000,
1785142153.5531,PID,NORMAL_HOLD,325.80,239.22,314.00,279.070,217.297,400.760,278.625,218.113,400.000,269.788,211.688,396.912,-0.760,5.029,,,,,0,278.625,218.113,400.000,
1785142153.5548,PID,NORMAL_HOLD,325.88,239.15,313.50,279.146,217.339,401.066,278.625,218.113,400.000,269.956,211.615,394.959,-1.066,17.005,,,,,0,278.625,218.113,400.000,
1785142153.5585,PID,NORMAL_HOLD,325.67,239.07,313.50,278.949,217.445,401.070,278.625,218.113,400.000,271.551,211.207,394.782,-1.070,17.752,,,,,0,278.625,218.113,400.000,
1785142153.5668,PID,NORMAL_HOLD,325.50,239.00,313.50,278.787,217.520,401.073,278.625,218.113,400.000,272.180,211.169,395.020,-1.073,15.949,,,,,0,278.625,218.113,400.000,
1785142153.5702,PID,NORMAL_HOLD,325.73,238.95,313.46,278.994,217.597,401.094,278.625,218.113,400.000,270.559,211.154,395.454,-1.094,12.950,,,,,0,278.625,218.113,400.000,
1785142153.5740,PID,NORMAL_HOLD,326.09,238.86,313.45,279.318,217.695,401.097,278.625,218.113,400.000,268.769,210.927,395.709,-1.097,11.158,,,,,0,278.625,218.113,400.000,
1785142153.5840,PID,NORMAL_HOLD,326.30,238.67,312.50,279.503,217.891,401.682,278.625,218.113,400.000,269.299,210.841,394.864,-1.682,15.782,,,,,0,278.625,218.113,400.000,
1785142153.5884,PID,NORMAL_HOLD,326.30,238.67,312.21,279.503,217.892,401.863,278.625,218.113,400.000,270.070,211.323,392.965,-1.863,27.194,,,,,0,278.625,218.113,400.000,
1785142153.5935,PID,NORMAL_HOLD,326.79,238.52,311.50,279.954,217.988,402.288,278.625,218.113,400.000,267.890,211.032,390.821,-2.288,39.908,,,,,0,278.625,218.113,400.000,
1785142153.5991,PID,NORMAL_HOLD,326.50,238.50,312.00,279.685,218.014,401.986,278.625,218.113,400.000,270.778,211.269,392.400,-1.986,29.414,,,,,0,278.625,218.113,400.000,
1785142153.6034,PID,NORMAL_HOLD,326.63,238.49,311.80,279.796,218.084,402.112,278.625,218.113,400.000,270.189,211.152,392.992,-2.112,25.212,,,,,0,278.625,218.113,400.000,
1785142153.6085,PID,NORMAL_HOLD,326.61,238.45,311.87,279.777,218.098,402.067,278.625,218.113,400.000,270.579,211.381,394.008,-2.067,18.462,,,,,0,278.625,218.113,400.000,
1785142153.6157,PID,NORMAL_HOLD,326.86,238.49,311.97,280.010,218.104,402.003,278.625,218.113,400.000,269.365,211.538,395.099,-2.003,11.377,,,,,0,278.625,218.113,400.000,
1785142153.6187,PID,NORMAL_HOLD,326.50,238.32,311.50,279.680,218.159,402.294,278.625,218.113,400.000,271.887,211.337,394.291,-2.294,16.156,,,,,0,278.625,218.113,400.000,
1785142153.6233,PID,NORMAL_HOLD,326.66,238.40,312.00,279.825,218.145,401.986,278.625,218.113,400.000,270.528,211.620,395.853,-1.986,6.212,,,,,0,278.625,218.113,400.000,
1785142153.6299,PID,NORMAL_HOLD,326.50,238.32,311.98,279.679,218.177,402.000,278.625,218.113,400.000,271.443,211.508,396.512,-2.000,2.018,,,,,0,278.625,218.113,400.000,
1785142153.6326,PID,NORMAL_HOLD,326.50,238.45,312.00,279.679,218.116,401.989,278.625,218.113,400.000,271.111,211.959,396.833,-1.989,-0.004,,,,,0,278.625,218.113,400.000,
1785142153.6394,PID,NORMAL_HOLD,326.50,238.32,312.00,279.681,218.149,401.986,278.625,218.113,400.000,270.937,211.675,396.967,-1.986,-0.839,,,,,0,278.625,218.113,400.000,
1785142153.6451,PID,NORMAL_HOLD,326.50,238.32,312.89,279.678,218.185,401.437,278.625,218.113,400.000,270.875,211.514,399.556,-1.437,-16.786,,,,,0,278.625,218.113,400.000,
1785142153.6492,PID,NORMAL_HOLD,326.50,238.32,312.98,279.679,218.170,401.385,278.625,218.113,400.000,270.822,211.706,400.111,-1.385,-19.830,,,,,0,278.625,218.113,400.000,
1785142153.6550,PID,NORMAL_HOLD,326.50,238.32,313.00,279.678,218.189,401.373,278.625,218.113,400.000,270.809,211.619,400.524,-1.373,-22.105,,,,,0,278.625,218.113,400.000,
1785142153.6616,PID,NORMAL_HOLD,326.87,238.22,313.00,280.018,218.234,401.367,278.625,218.113,400.000,269.048,211.445,399.922,-1.367,-17.977,,,,,0,278.625,218.113,400.000,
1785142153.6641,PID,NORMAL_HOLD,326.87,238.22,313.50,280.017,218.254,401.060,278.625,218.113,400.000,269.871,211.462,400.687,-1.060,-22.345,,,,,0,278.625,218.113,400.000,
1785142153.6692,PID,NORMAL_HOLD,326.87,238.22,313.50,280.015,218.272,401.061,278.625,218.113,400.000,270.281,211.489,400.583,-1.061,-21.301,,,,,0,278.625,218.113,400.000,
1785142153.6753,PID,NORMAL_HOLD,326.87,238.22,313.50,280.015,218.272,401.061,278.625,218.113,400.000,270.479,211.599,400.038,-1.061,-17.542,,,,,0,278.625,218.113,400.000,
1785142153.6798,PID,NORMAL_HOLD,326.93,238.22,314.00,280.066,218.270,400.753,278.625,218.113,400.000,270.292,211.665,400.884,-0.753,-22.428,,,,,0,278.625,218.113,400.000,
1785142153.6843,PID,NORMAL_HOLD,327.00,238.21,314.50,280.134,218.276,400.446,278.625,218.113,400.000,270.108,211.656,402.304,-0.446,-30.801,,,,,0,278.625,218.113,400.000,
1785142153.6901,PID,NORMAL_HOLD,327.09,238.22,314.50,280.220,218.278,400.445,278.625,218.113,400.000,269.887,211.669,401.876,-0.445,-27.542,,,,,0,278.625,218.113,400.000,
1785142153.6946,PID,NORMAL_HOLD,327.09,238.22,314.50,280.222,218.253,400.444,278.625,218.113,400.000,270.238,211.832,401.373,-0.444,-23.961,,,,,0,278.625,218.113,400.000,
1785142153.7001,PID,NORMAL_HOLD,327.13,238.24,314.50,280.258,218.224,400.443,278.625,218.113,400.000,270.229,211.928,400.569,-0.443,-18.554,,,,,0,278.625,218.113,400.000,
1785142153.7061,PID,NORMAL_HOLD,327.14,238.29,314.45,280.266,218.186,400.472,278.625,218.113,400.000,270.376,212.024,399.696,-0.472,-12.813,,,,,0,278.625,218.113,400.000,
1785142153.7088,PID,NORMAL_HOLD,327.29,238.39,314.21,280.415,218.057,400.620,278.625,218.113,400.000,269.550,212.690,398.415,-0.620,-4.673,,,,,0,278.625,218.113,400.000,
1785142153.7138,PID,NORMAL_HOLD,327.29,238.59,314.50,280.415,217.962,400.442,278.625,218.113,400.000,270.051,212.754,398.758,-0.442,-6.715,,,,,0,278.625,218.113,400.000,
1785142153.7205,PID,NORMAL_HOLD,327.00,238.69,314.46,280.155,217.797,400.468,278.625,218.113,400.000,271.712,213.174,398.560,-0.468,-5.369,,,,,0,278.625,218.113,400.000,
1785142153.7251,PID,NORMAL_HOLD,326.91,238.77,314.50,280.072,217.709,400.442,278.625,218.113,400.000,271.648,213.022,398.487,-0.442,-4.817,,,,,0,278.625,218.113,400.000,
1785142153.7304,PID,NORMAL_HOLD,326.52,238.89,315.11,279.724,217.630,400.073,278.625,218.113,400.000,273.109,212.898,400.218,-0.073,-15.432,,,,,0,278.625,218.113,400.000,
1785142153.7374,PID,NORMAL_HOLD,326.00,239.00,315.46,279.244,217.532,399.858,278.625,218.113,400.000,273.338,212.687,401.471,0.142,-22.871,,,,,0,278.625,218.113,400.000,
1785142153.7423,PID,NORMAL_HOLD,326.00,239.00,315.81,279.246,217.508,399.647,278.625,218.113,400.000,272.110,212.445,402.250,0.353,-27.214,,,,,0,278.625,218.113,400.000,
1785142153.7485,PID,NORMAL_HOLD,326.27,239.05,315.50,279.496,217.480,399.833,278.625,218.113,400.000,270.104,212.349,401.239,0.167,-20.484,,,,,0,278.625,218.113,400.000,
1785142153.7556,PID,NORMAL_HOLD,325.50,239.11,315.50,278.796,217.326,399.836,278.625,218.113,400.000,274.418,213.021,400.331,0.164,-14.495,,,,,0,278.625,218.113,400.000,
1785142153.7597,PID,NORMAL_HOLD,325.50,239.11,315.50,278.796,217.326,399.836,278.625,218.113,400.000,272.726,212.509,399.456,0.164,-8.772,,,,,0,278.625,218.113,400.000,
1785142153.7647,PID,NORMAL_HOLD,325.50,239.11,315.81,278.795,217.324,399.643,278.625,218.113,400.000,271.882,212.266,400.032,0.357,-12.154,,,,,0,278.625,218.113,400.000,
1785142153.7709,PID,NORMAL_HOLD,325.50,239.11,315.50,278.796,217.326,399.836,278.625,218.113,400.000,271.456,212.122,399.044,0.164,-5.834,,,,,0,278.625,218.113,400.000,
1785142153.7753,PID,NORMAL_HOLD,325.50,239.11,315.81,278.793,217.354,399.648,278.625,218.113,400.000,271.260,211.901,399.424,0.352,-8.057,,,,,0,278.625,218.113,400.000,
1785142153.7801,PID,NORMAL_HOLD,325.50,239.11,316.00,278.787,217.423,399.532,278.625,218.113,400.000,271.179,211.559,400.015,0.468,-11.560,,,,,0,278.625,218.113,400.000,
1785142153.7859,PID,NORMAL_HOLD,325.50,239.11,316.00,278.787,217.423,399.532,278.625,218.113,400.000,271.108,211.764,399.934,0.468,-10.842,,,,,0,278.625,218.113,400.000,
1785142153.7904,PID,NORMAL_HOLD,325.50,239.00,315.97,278.787,217.471,399.550,278.625,218.113,400.000,271.072,211.615,399.587,0.450,-8.503,,,,,0,278.625,218.113,400.000,
1785142153.7951,PID,NORMAL_HOLD,325.00,239.00,315.50,278.328,217.467,399.843,278.625,218.113,400.000,273.796,211.807,397.897,0.157,2.076,,,,,0,278.625,218.113,400.000,
1785142153.8012,PID,NORMAL_HOLD,325.82,239.00,314.95,279.080,217.492,400.177,278.625,218.113,400.000,270.286,211.811,395.709,-0.177,15.535,,,,,0,278.625,218.113,400.000,
1785142153.8074,PID,NORMAL_HOLD,326.00,239.00,314.95,279.247,217.501,400.176,278.625,218.113,400.000,269.679,211.830,395.332,-0.176,17.558,,,,,0,278.625,218.113,400.000,
1785142153.8123,PID,NORMAL_HOLD,325.50,239.00,314.00,278.795,217.417,400.761,278.625,218.113,400.000,272.517,212.299,392.452,-0.761,35.069,,,,,0,278.625,218.113,400.000,
1785142153.8192,PID,NORMAL_HOLD,325.50,239.11,313.80,278.794,217.387,400.884,278.625,218.113,400.000,271.781,212.329,391.817,-0.884,38.328,,,,,0,278.625,218.113,400.000,
1785142153.8222,PID,NORMAL_HOLD,325.50,239.11,313.49,278.795,217.370,401.077,278.625,218.113,400.000,271.397,212.249,391.479,-1.077,39.705,,,,,0,278.625,218.113,400.000,
1785142153.8267,PID,NORMAL_HOLD,325.50,239.11,313.49,278.795,217.370,401.077,278.625,218.113,400.000,271.215,212.119,392.478,-1.077,32.742,,,,,0,278.625,218.113,400.000,
1785142153.8332,PID,NORMAL_HOLD,325.50,239.11,313.50,278.795,217.371,401.071,278.625,218.113,400.000,271.124,212.049,393.320,-1.071,26.961,,,,,0,278.625,218.113,400.000,
1785142153.8374,PID,NORMAL_HOLD,325.50,239.11,313.69,278.794,217.390,400.957,278.625,218.113,400.000,271.089,211.912,394.861,-0.957,16.949,,,,,0,278.625,218.113,400.000,
1785142153.8427,PID,NORMAL_HOLD,325.50,239.11,313.50,278.798,217.338,401.070,278.625,218.113,400.000,271.036,212.242,395.245,-1.070,14.258,,,,,0,278.625,218.113,400.000,
1785142153.8491,PID,NORMAL_HOLD,325.50,239.11,313.97,278.790,217.427,400.784,278.625,218.113,400.000,271.076,211.629,397.060,-0.784,2.796,,,,,0,278.625,218.113,400.000,
1785142153.8535,PID,NORMAL_HOLD,325.50,239.11,313.50,278.791,217.431,401.073,278.625,218.113,400.000,271.053,211.782,396.501,-1.073,6.164,,,,,0,278.625,218.113,400.000,
1785142153.8583,PID,NORMAL_HOLD,325.50,239.11,313.50,278.791,217.431,401.073,278.625,218.113,400.000,271.043,211.878,396.216,-1.073,7.837,,,,,0,278.625,218.113,400.000,
1785142153.8662,PID,NORMAL_HOLD,325.50,239.11,314.00,278.790,217.435,400.765,278.625,218.113,400.000,271.045,211.900,397.862,-0.765,-2.462,,,,,0,278.625,218.113,400.000,
1785142153.8691,PID,NORMAL_HOLD,325.50,239.00,314.22,278.789,217.490,400.631,278.625,218.113,400.000,271.045,211.654,399.054,-0.631,-9.776,,,,,0,278.625,218.113,400.000,
1785142153.8726,PID,NORMAL_HOLD,325.50,239.00,314.00,278.788,217.496,400.764,278.625,218.113,400.000,271.040,211.767,398.618,-0.764,-6.910,,,,,0,278.625,218.113,400.000,
1785142153.8799,PID,NORMAL_HOLD,325.50,239.00,314.46,278.786,217.514,400.479,278.625,218.113,400.000,271.049,211.758,399.651,-0.479,-13.148,,,,,0,278.625,218.113,400.000,
1785142153.8830,PID,NORMAL_HOLD,325.50,239.00,314.38,278.787,217.514,400.533,278.625,218.113,400.000,271.041,211.853,399.418,-0.533,-11.449,,,,,0,278.625,218.113,400.000,
1785142153.8887,PID,NORMAL_HOLD,326.13,238.78,314.00,279.360,217.668,400.757,278.625,218.113,400.000,267.685,211.001,398.006,-0.757,-2.515,,,,,0,278.625,218.113,400.000,
1785142153.8968,PID,NORMAL_HOLD,326.13,238.78,314.50,279.358,217.701,400.450,278.625,218.113,400.000,269.285,211.270,398.857,-0.450,-7.696,,,,,0,278.625,218.113,400.000,
1785142153.8985,PID,NORMAL_HOLD,326.50,238.68,314.50,279.696,217.790,400.447,278.625,218.113,400.000,268.232,211.097,399.127,-0.447,-9.234,,,,,0,278.625,218.113,400.000,
1785142153.9038,PID,NORMAL_HOLD,326.50,238.68,314.55,279.695,217.801,400.417,278.625,218.113,400.000,269.500,211.421,399.153,-0.417,-9.233,,,,,0,278.625,218.113,400.000,
1785142153.9119,PID,NORMAL_HOLD,326.50,238.68,314.44,279.691,217.850,400.486,278.625,218.113,400.000,270.151,211.359,398.602,-0.486,-5.656,,,,,0,278.625,218.113,400.000,
1785142153.9140,PID,NORMAL_HOLD,326.70,238.64,314.50,279.876,217.911,400.448,278.625,218.113,400.000,269.437,211.268,398.464,-0.448,-4.702,,,,,0,278.625,218.113,400.000,
1785142153.9195,PID,NORMAL_HOLD,327.00,238.50,314.19,280.146,217.992,400.635,278.625,218.113,400.000,268.528,211.088,397.415,-0.635,1.855,,,,,0,278.625,218.113,400.000,
1785142153.9265,PID,NORMAL_HOLD,327.20,238.58,313.81,280.326,217.969,400.864,278.625,218.113,400.000,268.576,211.573,395.954,-0.864,10.833,,,,,0,278.625,218.113,400.000,
1785142153.9283,PID,NORMAL_HOLD,327.00,238.62,314.20,280.145,217.955,400.628,278.625,218.113,400.000,270.542,211.770,396.824,-0.628,5.265,,,,,0,278.625,218.113,400.000,
1785142153.9331,PID,NORMAL_HOLD,327.00,238.62,313.82,280.149,217.903,400.861,278.625,218.113,400.000,270.558,212.098,396.154,-0.861,9.288,,,,,0,278.625,218.113,400.000,
1785142153.9400,PID,NORMAL_HOLD,326.70,238.64,313.50,279.875,217.917,401.062,278.625,218.113,400.000,272.117,211.884,395.103,-1.062,15.609,,,,,0,278.625,218.113,400.000,
1785142153.9430,PID,NORMAL_HOLD,326.50,238.68,313.50,279.688,217.887,401.065,278.625,218.113,400.000,272.289,211.996,395.157,-1.065,14.962,,,,,0,278.625,218.113,400.000,
1785142153.9485,PID,NORMAL_HOLD,326.50,238.68,313.72,279.692,217.843,400.928,278.625,218.113,400.000,271.499,212.221,396.121,-0.928,8.733,,,,,0,278.625,218.113,400.000,
1785142153.9558,PID,NORMAL_HOLD,326.50,238.68,314.28,279.690,217.860,400.587,278.625,218.113,400.000,271.134,211.938,398.393,-0.587,-5.472,,,,,0,278.625,218.113,400.000,
1785142153.9594,PID,NORMAL_HOLD,326.26,238.82,314.12,279.476,217.749,400.688,278.625,218.113,400.000,272.124,212.501,398.540,-0.688,-6.285,,,,,0,278.625,218.113,400.000,
1785142153.9644,PID,NORMAL_HOLD,326.31,238.72,314.00,279.520,217.744,400.756,278.625,218.113,400.000,271.253,212.218,398.116,-0.756,-3.554,,,,,0,278.625,218.113,400.000,
1785142153.9722,PID,NORMAL_HOLD,326.12,238.85,314.00,279.351,217.658,400.759,278.625,218.113,400.000,272.129,212.608,397.872,-0.759,-1.980,,,,,0,278.625,218.113,400.000,
1785142153.9745,PID,NORMAL_HOLD,326.00,238.88,314.10,279.241,217.638,400.697,278.625,218.113,400.000,272.103,212.370,398.032,-0.697,-2.933,,,,,0,278.625,218.113,400.000,
1785142153.9791,PID,NORMAL_HOLD,326.00,238.88,314.50,279.243,217.613,400.451,278.625,218.113,400.000,271.487,212.276,399.210,-0.451,-10.150,,,,,0,278.625,218.113,400.000,
1785142153.9856,PID,NORMAL_HOLD,326.00,238.88,314.00,279.243,217.616,400.759,278.625,218.113,400.000,271.186,212.084,397.914,-0.759,-1.962,,,,,0,278.625,218.113,400.000,
1785142153.9887,PID,NORMAL_HOLD,326.00,238.88,314.00,279.243,217.616,400.759,278.625,218.113,400.000,271.036,212.003,397.406,-0.759,1.205,,,,,0,278.625,218.113,400.000,
1785142153.9926,PID,NORMAL_HOLD,326.00,238.88,314.00,279.243,217.616,400.759,278.625,218.113,400.000,270.961,211.962,397.260,-0.759,2.082,,,,,0,278.625,218.113,400.000,
1785142154.0003,PID,NORMAL_HOLD,326.00,238.88,314.46,279.241,217.634,400.474,278.625,218.113,400.000,270.933,211.845,398.582,-0.474,-6.105,,,,,0,278.625,218.113,400.000,
1785142154.0046,PID,NORMAL_HOLD,325.91,238.88,314.46,279.162,217.631,400.475,278.625,218.113,400.000,271.368,211.900,399.000,-0.475,-8.586,,,,,0,278.625,218.113,400.000,
1785142154.0078,PID,NORMAL_HOLD,326.11,238.79,314.00,279.339,217.681,400.758,278.625,218.113,400.000,270.198,211.640,397.573,-0.758,0.372,,,,,0,278.625,218.113,400.000,
1785142154.0158,PID,NORMAL_HOLD,326.00,238.79,314.50,279.240,217.691,400.452,278.625,218.113,400.000,271.072,211.718,398.508,-0.452,-5.400,,,,,0,278.625,218.113,400.000,
1785142154.0204,PID,NORMAL_HOLD,326.00,238.76,314.47,279.240,217.707,400.470,278.625,218.113,400.000,270.979,211.719,398.669,-0.470,-6.299,,,,,0,278.625,218.113,400.000,
1785142154.0255,PID,NORMAL_HOLD,326.00,238.76,314.00,279.239,217.714,400.759,278.625,218.113,400.000,270.933,211.765,397.160,-0.759,3.134,,,,,0,278.625,218.113,400.000,
1785142154.0327,PID,NORMAL_HOLD,326.00,238.79,314.00,279.240,217.698,400.760,278.625,218.113,400.000,270.909,211.917,396.702,-0.760,5.901,,,,,0,278.625,218.113,400.000,
1785142154.0347,PID,NORMAL_HOLD,326.13,238.78,313.50,279.357,217.707,401.066,278.625,218.113,400.000,270.239,211.862,395.220,-1.066,14.924,,,,,0,278.625,218.113,400.000,
1785142154.0398,PID,NORMAL_HOLD,326.27,238.84,313.74,279.491,217.670,400.917,278.625,218.113,400.000,269.814,212.076,395.792,-0.917,11.097,,,,,0,278.625,218.113,400.000,
1785142154.0493,PID,NORMAL_HOLD,326.29,238.89,313.62,279.504,217.649,400.993,278.625,218.113,400.000,270.273,212.055,396.205,-0.993,8.249,,,,,0,278.625,218.113,400.000,
1785142154.0536,PID,NORMAL_HOLD,326.50,238.89,313.62,279.699,217.653,400.989,278.625,218.113,400.000,269.408,211.963,396.282,-0.989,7.613,,,,,0,278.625,218.113,400.000,
1785142154.0585,PID,NORMAL_HOLD,326.00,239.00,313.00,279.244,217.568,401.376,278.625,218.113,400.000,272.593,212.406,394.567,-1.376,18.062,,,,,0,278.625,218.113,400.000,
1785142154.0657,PID,NORMAL_HOLD,326.00,239.00,313.46,279.245,217.545,401.090,278.625,218.113,400.000,271.730,212.298,395.779,-1.090,10.245,,,,,0,278.625,218.113,400.000,
1785142154.0711,PID,NORMAL_HOLD,326.00,239.00,313.57,279.244,217.551,401.023,278.625,218.113,400.000,271.308,212.083,396.744,-1.023,4.098,,,,,0,278.625,218.113,400.000,
1785142154.0741,PID,NORMAL_HOLD,326.00,239.00,313.50,279.246,217.529,401.067,278.625,218.113,400.000,271.084,212.136,396.968,-1.067,2.640,,,,,0,278.625,218.113,400.000,
1785142154.0822,PID,NORMAL_HOLD,326.00,239.00,313.50,279.245,217.545,401.068,278.625,218.113,400.000,270.988,211.960,397.111,-1.068,1.702,,,,,0,278.625,218.113,400.000,
1785142154.0833,PID,NORMAL_HOLD,326.00,239.00,313.88,279.247,217.517,400.836,278.625,218.113,400.000,270.923,212.110,398.315,-0.836,-5.764,,,,,0,278.625,218.113,400.000,
1785142154.0881,PID,NORMAL_HOLD,325.81,239.11,313.50,279.072,217.442,401.070,278.625,218.113,400.000,271.827,212.429,397.490,-1.070,-0.565,,,,,0,278.625,218.113,400.000,
1785142154.0951,PID,NORMAL_HOLD,325.52,239.11,313.50,278.814,217.432,401.073,278.625,218.113,400.000,272.833,212.264,397.174,-1.073,1.390,,,,,0,278.625,218.113,400.000,
1785142154.1002,PID,NORMAL_HOLD,325.50,239.00,313.50,278.789,217.504,401.073,278.625,218.113,400.000,272.060,211.717,397.097,-1.073,1.834,,,,,0,278.625,218.113,400.000,
1785142154.1058,PID,NORMAL_HOLD,325.81,239.11,313.50,279.070,217.468,401.071,278.625,218.113,400.000,269.981,212.041,397.105,-1.071,1.750,,,,,0,278.625,218.113,400.000,
1785142154.1122,PID,NORMAL_HOLD,325.50,239.00,313.98,278.788,217.496,400.777,278.625,218.113,400.000,272.126,211.840,398.564,-0.777,-7.289,,,,,0,278.625,218.113,400.000,
1785142154.1155,PID,NORMAL_HOLD,325.50,239.00,314.00,278.788,217.496,400.764,278.625,218.113,400.000,271.571,211.902,398.959,-0.764,-9.584,,,,,0,278.625,218.113,400.000,
1785142154.1191,PID,NORMAL_HOLD,325.50,239.00,313.50,278.786,217.540,401.074,278.625,218.113,400.000,271.310,211.660,397.398,-1.074,0.228,,,,,0,278.625,218.113,400.000,
1785142154.1258,PID,NORMAL_HOLD,325.50,239.00,314.00,278.785,217.537,400.766,278.625,218.113,400.000,271.166,211.823,398.367,-0.766,-5.768,,,,,0,278.625,218.113,400.000,
1785142154.1292,PID,NORMAL_HOLD,325.73,238.95,314.00,278.995,217.573,400.763,278.625,218.113,400.000,269.945,211.690,398.560,-0.763,-6.848,,,,,0,278.625,218.113,400.000,
1785142154.1345,PID,NORMAL_HOLD,326.00,239.00,314.00,279.243,217.562,400.761,278.625,218.113,400.000,269.007,211.882,398.468,-0.761,-6.145,,,,,0,278.625,218.113,400.000,
1785142154.1419,PID,NORMAL_HOLD,326.29,238.88,314.00,279.506,217.630,400.756,278.625,218.113,400.000,268.493,211.539,398.374,-0.756,-5.463,,,,,0,278.625,218.113,400.000,
1785142154.1468,PID,NORMAL_HOLD,326.50,238.89,314.00,279.701,217.635,400.754,278.625,218.113,400.000,268.632,211.707,398.207,-0.754,-4.336,,,,,0,278.625,218.113,400.000,
1785142154.1508,PID,NORMAL_HOLD,326.12,238.85,314.37,279.352,217.633,400.532,278.625,218.113,400.000,271.759,211.828,399.112,-0.532,-9.834,,,,,0,278.625,218.113,400.000,
1785142154.1571,PID,NORMAL_HOLD,326.50,238.89,314.00,279.701,217.635,400.754,278.625,218.113,400.000,269.333,211.865,398.187,-0.754,-3.958,,,,,0,278.625,218.113,400.000,
1785142154.1629,PID,NORMAL_HOLD,326.50,238.89,314.00,279.701,217.635,400.754,278.625,218.113,400.000,270.035,211.895,397.693,-0.754,-0.827,,,,,0,278.625,218.113,400.000,
1785142154.1664,PID,NORMAL_HOLD,326.50,239.00,314.38,279.703,217.563,400.524,278.625,218.113,400.000,270.375,212.346,398.599,-0.524,-6.392,,,,,0,278.625,218.113,400.000,
1785142154.1721,PID,NORMAL_HOLD,326.50,239.00,314.38,279.703,217.563,400.524,278.625,218.113,400.000,270.555,212.147,398.840,-0.524,-7.767,,,,,0,278.625,218.113,400.000,
1785142154.1764,PID,NORMAL_HOLD,326.50,238.89,314.00,279.704,217.594,400.753,278.625,218.113,400.000,270.638,211.871,397.628,-0.753,-0.148,,,,,0,278.625,218.113,400.000,
1785142154.1830,PID,NORMAL_HOLD,327.00,239.00,314.19,280.162,217.572,400.630,278.625,218.113,400.000,268.170,212.028,397.766,-0.630,-0.996,,,,,0,278.625,218.113,400.000,
1785142154.1881,PID,NORMAL_HOLD,327.00,239.00,314.50,280.162,217.573,400.442,278.625,218.113,400.000,269.383,211.979,398.854,-0.442,-7.722,,,,,0,278.625,218.113,400.000,
1785142154.1908,PID,NORMAL_HOLD,326.50,239.11,314.80,279.705,217.485,400.261,278.625,218.113,400.000,272.449,212.436,399.746,-0.261,-13.064,,,,,0,278.625,218.113,400.000,
1785142154.1969,PID,NORMAL_HOLD,326.50,239.11,314.87,279.705,217.483,400.217,278.625,218.113,400.000,271.590,212.213,400.113,-0.217,-15.103,,,,,0,278.625,218.113,400.000,
1785142154.2041,PID,NORMAL_HOLD,326.48,239.11,314.88,279.682,217.486,400.216,278.625,218.113,400.000,271.290,212.079,399.873,-0.216,-13.342,,,,,0,278.625,218.113,400.000,
1785142154.2055,PID,NORMAL_HOLD,326.19,239.11,315.11,279.423,217.463,400.077,278.625,218.113,400.000,272.355,212.146,400.161,-0.077,-14.868,,,,,0,278.625,218.113,400.000,
1785142154.2104,PID,NORMAL_HOLD,326.27,239.05,315.50,279.499,217.439,399.832,278.625,218.113,400.000,271.135,212.201,401.095,0.168,-20.353,,,,,0,278.625,218.113,400.000,
1785142154.2171,PID,NORMAL_HOLD,325.89,239.21,315.50,279.153,217.349,399.837,278.625,218.113,400.000,272.867,212.591,400.862,0.163,-18.507,,,,,0,278.625,218.113,400.000,
1785142154.2223,PID,NORMAL_HOLD,325.87,239.22,314.50,279.138,217.300,400.451,278.625,218.113,400.000,271.967,212.582,397.494,-0.451,2.617,,,,,0,278.625,218.113,400.000,
1785142154.2285,PID,NORMAL_HOLD,325.88,239.15,315.00,279.145,217.329,400.142,278.625,218.113,400.000,271.394,212.149,397.817,-0.142,0.576,,,,,0,278.625,218.113,400.000,
1785142154.2348,PID,NORMAL_HOLD,325.88,239.15,315.50,279.145,217.326,399.834,278.625,218.113,400.000,271.148,212.103,399.646,0.166,-10.770,,,,,0,278.625,218.113,400.000,
1785142154.2361,PID,NORMAL_HOLD,325.88,239.15,315.50,279.145,217.326,399.834,278.625,218.113,400.000,271.023,212.063,399.898,0.166,-12.124,,,,,0,278.625,218.113,400.000,
1785142154.2411,PID,NORMAL_HOLD,325.88,239.15,315.44,279.142,217.358,399.872,278.625,218.113,400.000,270.974,211.862,399.557,0.128,-9.797,,,,,0,278.625,218.113,400.000,
1785142154.2495,PID,NORMAL_HOLD,325.88,239.15,315.44,279.142,217.358,399.872,278.625,218.113,400.000,270.936,211.938,399.205,0.128,-7.442,,,,,0,278.625,218.113,400.000,
1785142154.2509,PID,NORMAL_HOLD,325.88,239.15,315.44,279.142,217.358,399.872,278.625,218.113,400.000,270.917,211.976,398.903,0.128,-5.435,,,,,0,278.625,218.113,400.000,
1785142154.2556,PID,NORMAL_HOLD,325.50,239.11,315.19,278.795,217.340,400.028,278.625,218.113,400.000,272.749,212.092,397.955,-0.028,0.507,,,,,0,278.625,218.113,400.000,
1785142154.2624,PID,NORMAL_HOLD,325.53,239.11,315.19,278.819,217.339,400.028,278.625,218.113,400.000,271.736,212.064,397.578,-0.028,2.834,,,,,0,278.625,218.113,400.000,
1785142154.2652,PID,NORMAL_HOLD,325.89,239.18,315.50,279.158,217.311,399.834,278.625,218.113,400.000,269.549,212.190,398.428,0.166,-2.455,,,,,0,278.625,218.113,400.000,
1785142154.2718,PID,NORMAL_HOLD,325.89,239.21,315.50,279.157,217.298,399.835,278.625,218.113,400.000,270.230,212.185,398.700,0.165,-4.088,,,,,0,278.625,218.113,400.000,
1785142154.2784,PID,NORMAL_HOLD,326.00,239.18,315.50,279.255,217.319,399.833,278.625,218.113,400.000,269.985,211.985,398.730,0.167,-4.200,,,,,0,278.625,218.113,400.000,
1785142154.2814,PID,NORMAL_HOLD,326.00,239.18,315.50,279.255,217.319,399.833,278.625,218.113,400.000,270.424,212.007,398.622,0.167,-3.453,,,,,0,278.625,218.113,400.000,
1785142154.2865,PID,NORMAL_HOLD,326.00,239.18,314.81,279.255,217.323,400.257,278.625,218.113,400.000,270.642,211.994,396.594,-0.257,9.095,,,,,0,278.625,218.113,400.000,
1785142154.2935,PID,NORMAL_HOLD,326.50,239.00,314.50,279.713,217.430,400.442,278.625,218.113,400.000,268.118,211.393,394.859,-0.442,19.686,,,,,0,278.625,218.113,400.000,
1785142154.2985,PID,NORMAL_HOLD,326.50,239.00,314.44,279.710,217.462,400.480,278.625,218.113,400.000,269.434,211.517,394.662,-0.480,20.539,,,,,0,278.625,218.113,400.000,
1785142154.3016,PID,NORMAL_HOLD,326.48,239.11,314.44,279.688,217.413,400.482,278.625,218.113,400.000,270.205,212.029,395.041,-0.482,17.815,,,,,0,278.625,218.113,400.000,
1785142154.3082,PID,NORMAL_HOLD,326.50,239.11,314.42,279.708,217.451,400.497,278.625,218.113,400.000,270.354,211.796,395.487,-0.497,14.734,,,,,0,278.625,218.113,400.000,
1785142154.3129,PID,NORMAL_HOLD,326.50,239.11,314.50,279.710,217.419,400.445,278.625,218.113,400.000,270.526,212.067,396.243,-0.445,9.786,,,,,0,278.625,218.113,400.000,
1785142154.3166,PID,NORMAL_HOLD,326.48,239.11,313.84,279.687,217.430,400.854,278.625,218.113,400.000,270.762,211.969,394.866,-0.854,18.075,,,,,0,278.625,218.113,400.000,
1785142154.3230,PID,NORMAL_HOLD,326.26,239.11,313.50,279.488,217.441,401.064,278.625,218.113,400.000,271.832,211.921,393.614,-1.064,25.477,,,,,0,278.625,218.113,400.000,
1785142154.3261,PID,NORMAL_HOLD,326.19,239.11,313.00,279.429,217.406,401.371,278.625,218.113,400.000,271.625,212.142,392.384,-1.371,32.570,,,,,0,278.625,218.113,400.000,
1785142154.3319,PID,NORMAL_HOLD,326.19,239.11,313.00,279.429,217.406,401.371,278.625,218.113,400.000,271.215,212.074,392.520,-1.371,31.142,,,,,0,278.625,218.113,400.000,
1785142154.3390,PID,NORMAL_HOLD,326.00,239.12,312.50,279.256,217.364,401.680,278.625,218.113,400.000,271.986,212.281,391.777,-1.680,35.161,,,,,0,278.625,218.113,400.000,
1785142154.3418,PID,NORMAL_HOLD,326.00,239.12,313.00,279.250,217.432,401.375,278.625,218.113,400.000,271.455,211.762,393.820,-1.375,21.891,,,,,0,278.625,218.113,400.000,
1785142154.3477,PID,NORMAL_HOLD,325.91,239.14,313.00,279.170,217.418,401.376,278.625,218.113,400.000,271.610,211.959,395.027,-1.376,14.030,,,,,0,278.625,218.113,400.000,
1785142154.3543,PID,NORMAL_HOLD,326.00,239.12,312.98,279.250,217.432,401.389,278.625,218.113,400.000,270.791,211.904,395.719,-1.389,9.491,,,,,0,278.625,218.113,400.000,
1785142154.3577,PID,NORMAL_HOLD,326.00,239.12,313.20,279.249,217.439,401.255,278.625,218.113,400.000,270.829,211.912,396.826,-1.255,2.477,,,,,0,278.625,218.113,400.000,
1785142154.3607,PID,NORMAL_HOLD,326.00,239.12,313.00,279.250,217.432,401.375,278.625,218.113,400.000,270.840,211.992,396.723,-1.375,3.054,,,,,0,278.625,218.113,400.000,
1785142154.3678,PID,NORMAL_HOLD,325.92,239.02,313.00,279.175,217.514,401.376,278.625,218.113,400.000,271.268,211.540,396.706,-1.376,3.102,,,,,0,278.625,218.113,400.000,
1785142154.3724,PID,NORMAL_HOLD,326.00,239.00,313.00,279.247,217.527,401.375,278.625,218.113,400.000,270.683,211.685,396.792,-1.375,2.508,,,,,0,278.625,218.113,400.000,
1785142154.3761,PID,NORMAL_HOLD,326.00,239.00,312.50,279.244,217.571,401.684,278.625,218.113,400.000,270.788,211.570,395.291,-1.684,11.743,,,,,0,278.625,218.113,400.000,
1785142154.3828,PID,NORMAL_HOLD,325.73,238.95,313.46,278.997,217.556,401.092,278.625,218.113,400.000,272.141,211.846,397.885,-1.092,-4.473,,,,,0,278.625,218.113,400.000,
1785142154.3876,PID,NORMAL_HOLD,326.00,239.00,313.46,279.243,217.565,401.094,278.625,218.113,400.000,270.158,211.853,398.730,-1.094,-9.609,,,,,0,278.625,218.113,400.000,
1785142154.3930,PID,NORMAL_HOLD,326.29,238.88,313.38,279.508,217.613,401.140,278.625,218.113,400.000,269.009,211.638,398.634,-1.140,-8.848,,,,,0,278.625,218.113,400.000,
1785142154.3998,PID,NORMAL_HOLD,326.50,238.89,313.50,279.701,217.638,401.062,278.625,218.113,400.000,268.778,211.647,398.743,-1.062,-9.357,,,,,0,278.625,218.113,400.000,
1785142154.4011,PID,NORMAL_HOLD,326.50,238.89,313.38,279.702,217.618,401.137,278.625,218.113,400.000,269.740,211.904,398.214,-1.137,-5.920,,,,,0,278.625,218.113,400.000,
1785142154.4054,PID,NORMAL_HOLD,326.50,239.00,313.47,279.704,217.544,401.079,278.625,218.113,400.000,270.217,212.350,398.200,-1.079,-5.734,,,,,0,278.625,218.113,400.000,
1785142154.4117,PID,NORMAL_HOLD,326.50,239.00,313.78,279.703,217.564,400.893,278.625,218.113,400.000,270.476,212.050,398.895,-0.893,-9.905,,,,,0,278.625,218.113,400.000,
1785142154.4169,PID,NORMAL_HOLD,326.50,239.00,314.00,279.701,217.587,400.756,278.625,218.113,400.000,270.605,211.891,399.600,-0.756,-14.066,,,,,0,278.625,218.113,400.000,
1785142154.4223,PID,NORMAL_HOLD,326.73,238.95,313.78,279.912,217.600,400.890,278.625,218.113,400.000,269.368,211.842,398.910,-0.890,-9.554,,,,,0,278.625,218.113,400.000,
1785142154.4290,PID,NORMAL_HOLD,326.50,239.00,313.99,279.703,217.564,400.762,278.625,218.113,400.000,271.195,212.103,399.079,-0.762,-10.421,,,,,0,278.625,218.113,400.000,
1785142154.4314,PID,NORMAL_HOLD,327.00,239.00,314.00,280.160,217.589,400.750,278.625,218.113,400.000,268.510,211.901,398.871,-0.750,-8.929,,,,,0,278.625,218.113,400.000,
1785142154.4362,PID,NORMAL_HOLD,327.00,239.00,314.00,280.159,217.612,400.751,278.625,218.113,400.000,269.554,211.794,398.742,-0.751,-7.987,,,,,0,278.625,218.113,400.000,
1785142154.4432,PID,NORMAL_HOLD,327.00,239.00,314.00,280.159,217.612,400.751,278.625,218.113,400.000,270.065,211.872,398.443,-0.751,-5.991,,,,,0,278.625,218.113,400.000,
1785142154.4456,PID,NORMAL_HOLD,327.00,239.00,314.50,280.163,217.563,400.442,278.625,218.113,400.000,270.302,212.135,399.550,-0.442,-12.682,,,,,0,278.625,218.113,400.000,
1785142154.4502,PID,NORMAL_HOLD,327.00,239.00,314.00,280.160,217.589,400.750,278.625,218.113,400.000,270.453,211.866,398.244,-0.750,-4.376,,,,,0,278.625,218.113,400.000,
1785142154.4560,PID,NORMAL_HOLD,327.00,239.00,314.50,280.163,217.563,400.442,278.625,218.113,400.000,270.501,212.054,399.149,-0.442,-9.872,,,,,0,278.625,218.113,400.000,
1785142154.4605,PID,NORMAL_HOLD,327.00,239.00,315.14,280.164,217.542,400.046,278.625,218.113,400.000,270.526,212.126,401.173,-0.046,-22.173,,,,,0,278.625,218.113,400.000,
1785142154.4672,PID,NORMAL_HOLD,327.00,239.00,315.00,280.163,217.565,400.135,278.625,218.113,400.000,270.558,211.924,401.013,-0.135,-20.780,,,,,0,278.625,218.113,400.000,
1785142154.4749,PID,NORMAL_HOLD,326.19,239.11,315.00,279.425,217.432,400.142,278.625,218.113,400.000,274.654,212.683,400.440,-0.142,-16.857,,,,,0,278.625,218.113,400.000,
1785142154.4786,PID,NORMAL_HOLD,326.50,239.00,315.45,279.706,217.516,399.860,278.625,218.113,400.000,271.256,211.904,401.248,0.140,-21.534,,,,,0,278.625,218.113,400.000,
1785142154.4818,PID,NORMAL_HOLD,326.50,239.00,315.88,279.705,217.529,399.601,278.625,218.113,400.000,270.988,211.865,402.021,0.399,-25.842,,,,,0,278.625,218.113,400.000,
1785142154.4889,PID,NORMAL_HOLD,326.00,239.00,315.89,279.246,217.505,399.592,278.625,218.113,400.000,273.490,212.061,402.117,0.408,-25.995,,,,,0,278.625,218.113,400.000,
1785142154.4926,PID,NORMAL_HOLD,325.50,239.00,315.89,278.787,217.480,399.596,278.625,218.113,400.000,274.703,212.161,401.430,0.404,-21.266,,,,,0,278.625,218.113,400.000,
1785142154.4974,PID,NORMAL_HOLD,325.50,239.00,316.00,278.786,217.484,399.531,278.625,218.113,400.000,272.846,212.057,400.998,0.469,-18.194,,,,,0,278.625,218.113,400.000,
1785142154.5053,PID,NORMAL_HOLD,325.50,239.00,316.50,278.785,217.486,399.223,278.625,218.113,400.000,271.920,212.013,402.005,0.777,-24.086,,,,,0,278.625,218.113,400.000,
1785142154.5071,PID,NORMAL_HOLD,325.00,239.00,316.00,278.324,217.500,399.536,278.625,218.113,400.000,274.093,211.922,400.272,0.464,-12.937,,,,,0,278.625,218.113,400.000,
1785142154.5131,PID,NORMAL_HOLD,325.00,239.00,316.00,278.324,217.500,399.536,278.625,218.113,400.000,272.608,211.955,399.365,0.464,-7.096,,,,,0,278.625,218.113,400.000,
1785142154.5196,PID,NORMAL_HOLD,325.50,238.89,316.45,278.784,217.555,399.250,278.625,218.113,400.000,269.282,211.664,400.261,0.750,-12.496,,,,,0,278.625,218.113,400.000,
1785142154.5240,PID,NORMAL_HOLD,325.50,238.89,316.19,278.786,217.533,399.410,278.625,218.113,400.000,270.124,211.923,399.515,0.590,-7.649,,,,,0,278.625,218.113,400.000,
1785142154.5275,PID,NORMAL_HOLD,325.50,238.89,316.42,278.784,217.547,399.274,278.625,218.113,400.000,270.564,211.852,399.786,0.726,-9.186,,,,,0,278.625,218.113,400.000,
1785142154.5350,PID,NORMAL_HOLD,325.50,238.89,316.27,278.785,217.542,399.361,278.625,218.113,400.000,270.771,211.940,399.227,0.639,-5.568,,,,,0,278.625,218.113,400.000,
1785142154.5385,PID,NORMAL_HOLD,325.50,239.00,315.88,278.787,217.480,399.608,278.625,218.113,400.000,270.867,212.310,397.692,0.392,4.019,,,,,0,278.625,218.113,400.000,
1785142154.5414,PID,NORMAL_HOLD,326.00,239.00,314.99,279.249,217.474,400.150,278.625,218.113,400.000,268.424,212.182,394.740,-0.150,22.132,,,,,0,278.625,218.113,400.000,
1785142154.5494,PID,NORMAL_HOLD,326.00,239.00,314.97,279.247,217.502,400.163,278.625,218.113,400.000,269.646,211.932,394.275,-0.163,24.536,,,,,0,278.625,218.113,400.000,
1785142154.5524,PID,NORMAL_HOLD,326.50,239.00,314.50,279.705,217.538,400.446,278.625,218.113,400.000,267.860,211.774,392.996,-0.446,32.004,,,,,0,278.625,218.113,400.000,
1785142154.5570,PID,NORMAL_HOLD,326.50,239.00,314.00,279.704,217.546,400.754,278.625,218.113,400.000,269.286,211.827,391.466,-0.754,40.942,,,,,0,278.625,218.113,400.000,
1785142154.5668,PID,NORMAL_HOLD,326.00,239.12,313.45,279.248,217.449,401.096,278.625,218.113,400.000,271.308,212.182,392.524,-1.096,33.148,,,,,0,278.625,218.113,400.000,
1785142154.5722,PID,NORMAL_HOLD,326.35,239.06,312.50,279.571,217.515,401.679,278.625,218.113,400.000,269.334,211.739,389.443,-1.679,51.519,,,,,0,278.625,218.113,400.000,
1785142154.5772,PID,NORMAL_HOLD,326.28,239.12,313.00,279.503,217.446,401.371,278.625,218.113,400.000,270.431,212.266,390.822,-1.371,42.072,,,,,0,278.625,218.113,400.000,
1785142154.5836,PID,NORMAL_HOLD,326.27,239.16,312.50,279.505,217.357,401.677,278.625,218.113,400.000,270.589,212.647,390.974,-1.677,40.312,,,,,0,278.625,218.113,400.000,
1785142154.5882,PID,NORMAL_HOLD,326.27,239.16,312.50,279.505,217.357,401.677,278.625,218.113,400.000,270.676,212.341,391.933,-1.677,33.615,,,,,0,278.625,218.113,400.000,
1785142154.5944,PID,NORMAL_HOLD,326.50,239.24,312.50,279.713,217.335,401.675,278.625,218.113,400.000,269.526,212.319,392.858,-1.675,27.304,,,,,0,278.625,218.113,400.000,
1785142154.6017,PID,NORMAL_HOLD,326.50,239.24,312.00,279.713,217.338,401.982,278.625,218.113,400.000,270.113,212.164,392.381,-1.982,29.738,,,,,0,278.625,218.113,400.000,
1785142154.6035,PID,NORMAL_HOLD,326.09,239.17,311.50,279.339,217.350,402.295,278.625,218.113,400.000,272.481,212.033,391.409,-2.295,35.161,,,,,0,278.625,218.113,400.000,
1785142154.6070,PID,NORMAL_HOLD,326.09,239.14,312.00,279.331,217.426,401.989,278.625,218.113,400.000,271.688,211.613,393.327,-1.989,22.660,,,,,0,278.625,218.113,400.000,
1785142154.6160,PID,NORMAL_HOLD,326.50,239.00,312.91,279.707,217.508,401.421,278.625,218.113,400.000,269.110,211.345,397.228,-1.421,-1.839,,,,,0,278.625,218.113,400.000,
1785142154.6172,PID,NORMAL_HOLD,326.09,239.14,313.00,279.329,217.440,401.374,278.625,218.113,400.000,272.003,212.048,398.897,-1.374,-12.128,,,,,0,278.625,218.113,400.000,
1785142154.6218,PID,NORMAL_HOLD,326.00,239.12,313.20,279.247,217.464,401.250,278.625,218.113,400.000,271.822,211.910,399.697,-1.250,-16.828,,,,,0,278.625,218.113,400.000,
1785142154.6277,PID,NORMAL_HOLD,326.50,239.00,313.39,279.704,217.543,401.131,278.625,218.113,400.000,268.532,211.470,400.219,-1.131,-19.740,,,,,0,278.625,218.113,400.000,
1785142154.6335,PID,NORMAL_HOLD,326.08,238.98,313.50,279.315,217.578,401.067,278.625,218.113,400.000,271.635,211.545,400.303,-1.067,-19.898,,,,,0,278.625,218.113,400.000,
1785142154.6373,PID,NORMAL_HOLD,326.50,239.00,314.00,279.701,217.587,400.756,278.625,218.113,400.000,268.916,211.708,401.457,-0.756,-26.677,,,,,0,278.625,218.113,400.000,
1785142154.6440,PID,NORMAL_HOLD,326.50,238.89,314.50,279.701,217.632,400.447,278.625,218.113,400.000,269.808,211.581,402.658,-0.447,-33.577,,,,,0,278.625,218.113,400.000,
1785142154.6469,PID,NORMAL_HOLD,326.52,238.89,314.90,279.722,217.659,400.201,278.625,218.113,400.000,270.149,211.635,403.323,-0.201,-37.004,,,,,0,278.625,218.113,400.000,
1785142154.6532,PID,NORMAL_HOLD,326.53,238.89,315.00,279.722,217.674,400.141,278.625,218.113,400.000,270.420,211.696,403.179,-0.141,-35.427,,,,,0,278.625,218.113,400.000,
1785142154.6603,PID,NORMAL_HOLD,326.73,238.84,315.00,279.908,217.689,400.138,278.625,218.113,400.000,269.544,211.735,402.081,-0.138,-27.920,,,,,0,278.625,218.113,400.000,
1785142154.6644,PID,NORMAL_HOLD,326.75,238.84,316.00,279.929,217.659,399.522,278.625,218.113,400.000,269.968,212.008,405.417,0.478,-48.272,,,,,0,278.625,218.113,400.000,
1785142154.6672,PID,NORMAL_HOLD,326.75,238.84,316.50,279.929,217.656,399.215,278.625,218.113,400.000,270.296,211.995,406.156,0.785,-51.929,,,,,0,278.625,218.113,400.000,
1785142154.6728,PID,NORMAL_HOLD,327.14,238.90,316.80,280.289,217.656,399.033,278.625,218.113,400.000,268.455,211.973,406.150,0.967,-50.918,,,,,0,278.625,218.113,400.000,
1785142154.6771,PID,NORMAL_HOLD,327.48,238.89,316.50,280.599,217.643,399.211,278.625,218.113,400.000,267.853,212.030,404.224,0.789,-38.103,,,,,0,278.625,218.113,400.000,
1785142154.6841,PID,NORMAL_HOLD,327.00,239.00,316.78,280.163,217.571,399.046,278.625,218.113,400.000,271.751,212.427,403.424,0.954,-32.451,,,,,0,278.625,218.113,400.000,
1785142154.6909,PID,NORMAL_HOLD,327.00,239.00,316.47,280.164,217.551,399.232,278.625,218.113,400.000,271.144,212.315,401.511,0.768,-20.035,,,,,0,278.625,218.113,400.000,
1785142154.6952,PID,NORMAL_HOLD,327.00,239.00,317.00,280.164,217.553,398.907,278.625,218.113,400.000,270.848,212.137,401.936,1.093,-22.279,,,,,0,278.625,218.113,400.000,
1785142154.6984,PID,NORMAL_HOLD,327.00,239.00,317.00,280.163,217.571,398.908,278.625,218.113,400.000,270.707,211.962,401.565,1.092,-19.562,,,,,0,278.625,218.113,400.000,
1785142154.7041,PID,NORMAL_HOLD,327.00,239.00,317.00,280.163,217.571,398.908,278.625,218.113,400.000,270.629,211.970,401.048,1.092,-16.007,,,,,0,278.625,218.113,400.000,
1785142154.7093,PID,NORMAL_HOLD,327.00,239.00,317.00,280.164,217.553,398.907,278.625,218.113,400.000,270.582,212.068,400.428,1.093,-11.863,,,,,0,278.625,218.113,400.000,
1785142154.7128,PID,NORMAL_HOLD,327.00,239.00,317.00,280.163,217.571,398.908,278.625,218.113,400.000,270.574,211.919,400.017,1.092,-9.111,,,,,0,278.625,218.113,400.000,
1785142154.7189,PID,NORMAL_HOLD,326.50,239.00,317.00,279.705,217.528,398.910,278.625,218.113,400.000,273.078,212.184,399.600,1.090,-6.358,,,,,0,278.625,218.113,400.000,
1785142154.7236,PID,NORMAL_HOLD,326.50,239.00,317.00,279.706,217.515,398.909,278.625,218.113,400.000,271.877,212.156,399.370,1.091,-4.828,,,,,0,278.625,218.113,400.000,
1785142154.7290,PID,NORMAL_HOLD,326.00,239.05,317.50,279.247,217.444,398.603,278.625,218.113,400.000,274.021,212.500,400.659,1.397,-12.692,,,,,0,278.625,218.113,400.000,
1785142154.7356,PID,NORMAL_HOLD,326.00,239.00,317.00,279.251,217.424,398.909,278.625,218.113,400.000,272.402,212.363,399.349,1.091,-4.368,,,,,0,278.625,218.113,400.000,
1785142154.7381,PID,NORMAL_HOLD,325.50,239.00,316.80,278.793,217.386,399.035,278.625,218.113,400.000,274.390,212.422,398.172,0.965,2.977,,,,,0,278.625,218.113,400.000,
1785142154.7431,PID,NORMAL_HOLD,325.00,239.00,317.00,278.327,217.432,398.916,278.625,218.113,400.000,275.122,211.988,398.394,1.084,1.553,,,,,0,278.625,218.113,400.000,
1785142154.7502,PID,NORMAL_HOLD,325.00,239.00,317.70,278.326,217.422,398.483,278.625,218.113,400.000,273.116,212.068,400.540,1.517,-11.701,,,,,0,278.625,218.113,400.000,
1785142154.7538,PID,NORMAL_HOLD,324.86,239.10,316.50,278.204,217.323,399.224,278.625,218.113,400.000,272.788,212.593,397.482,0.776,7.399,,,,,0,278.625,218.113,400.000,
1785142154.7583,PID,NORMAL_HOLD,324.50,239.11,316.50,277.874,217.301,399.226,278.625,218.113,400.000,273.627,212.437,396.547,0.774,13.037,,,,,0,278.625,218.113,400.000,
1785142154.7654,PID,NORMAL_HOLD,324.50,239.11,316.50,277.874,217.301,399.226,278.625,218.113,400.000,272.433,212.250,396.625,0.774,12.294,,,,,0,278.625,218.113,400.000,
1785142154.7682,PID,NORMAL_HOLD,325.00,239.00,316.50,278.327,217.451,399.225,278.625,218.113,400.000,269.321,211.325,396.794,0.775,11.035,,,,,0,278.625,218.113,400.000,
1785142154.7734,PID,NORMAL_HOLD,325.00,239.00,316.50,278.326,217.461,399.225,278.625,218.113,400.000,270.216,211.618,397.132,0.775,8.752,,,,,0,278.625,218.113,400.000,
1785142154.7827,PID,NORMAL_HOLD,325.00,239.00,316.50,278.327,217.451,399.225,278.625,218.113,400.000,270.655,211.878,397.472,0.775,6.491,,,,,0,278.625,218.113,400.000,
1785142154.7846,PID,NORMAL_HOLD,325.00,239.00,315.50,278.332,217.406,399.841,278.625,218.113,400.000,270.847,212.196,394.661,0.159,23.742,,,,,0,278.625,218.113,400.000,
1785142154.7877,PID,NORMAL_HOLD,325.00,239.00,316.38,278.325,217.479,399.299,278.625,218.113,400.000,271.017,211.705,396.873,0.701,9.645,,,,,0,278.625,218.113,400.000,
1785142154.7944,PID,NORMAL_HOLD,325.00,239.00,316.31,278.327,217.455,399.342,278.625,218.113,400.000,271.050,211.984,397.669,0.658,4.555,,,,,0,278.625,218.113,400.000,
1785142154.8007,PID,NORMAL_HOLD,325.00,239.00,316.31,278.327,217.455,399.342,278.625,218.113,400.000,271.076,212.002,398.056,0.658,2.086,,,,,0,278.625,218.113,400.000,
1785142154.8041,PID,NORMAL_HOLD,325.19,239.11,315.50,278.513,217.307,399.839,278.625,218.113,400.000,270.042,212.846,395.866,0.161,15.558,,,,,0,278.625,218.113,400.000,
1785142154.8118,PID,NORMAL_HOLD,325.48,239.11,315.00,278.773,217.328,400.145,278.625,218.113,400.000,269.080,212.338,393.963,-0.145,27.003,,,,,0,278.625,218.113,400.000,
1785142154.8147,PID,NORMAL_HOLD,325.50,239.11,315.50,278.796,217.326,399.836,278.625,218.113,400.000,269.900,212.207,395.349,0.164,17.949,,,,,0,278.625,218.113,400.000,
1785142154.8194,PID,NORMAL_HOLD,325.50,239.24,314.50,278.797,217.272,400.455,278.625,218.113,400.000,270.424,212.425,393.239,-0.455,30.643,,,,,0,278.625,218.113,400.000,
1785142154.8263,PID,NORMAL_HOLD,325.50,239.24,314.50,278.797,217.272,400.455,278.625,218.113,400.000,270.692,212.250,393.282,-0.455,29.784,,,,,0,278.625,218.113,400.000,
1785142154.8301,PID,NORMAL_HOLD,325.50,239.24,314.00,278.800,217.241,400.762,278.625,218.113,400.000,270.810,212.329,392.407,-0.762,34.631,,,,,0,278.625,218.113,400.000,
1785142154.8335,PID,NORMAL_HOLD,325.50,239.24,314.00,278.800,217.241,400.762,278.625,218.113,400.000,270.885,212.208,392.857,-0.762,31.209,,,,,0,278.625,218.113,400.000,
1785142154.8398,PID,NORMAL_HOLD,325.70,239.28,314.00,278.982,217.230,400.760,278.625,218.113,400.000,269.904,212.212,393.737,-0.760,25.193,,,,,0,278.625,218.113,400.000,
1785142154.8442,PID,NORMAL_HOLD,326.21,239.34,314.00,279.448,217.230,400.756,278.625,218.113,400.000,267.930,212.149,394.628,-0.756,19.223,,,,,0,278.625,218.113,400.000,
1785142154.8494,PID,NORMAL_HOLD,326.21,239.31,313.50,279.449,217.283,401.064,278.625,218.113,400.000,269.340,211.818,393.866,-1.064,23.576,,,,,0,278.625,218.113,400.000,
1785142154.8555,PID,NORMAL_HOLD,326.09,239.22,313.49,279.343,217.292,401.069,278.625,218.113,400.000,270.645,211.898,394.191,-1.069,21.103,,,,,0,278.625,218.113,400.000,
1785142154.8585,PID,NORMAL_HOLD,326.09,239.22,313.50,279.341,217.318,401.064,278.625,218.113,400.000,270.731,211.837,394.725,-1.064,17.419,,,,,0,278.625,218.113,400.000,
1785142154.8649,PID,NORMAL_HOLD,326.13,239.22,313.50,279.373,217.319,401.064,278.625,218.113,400.000,270.593,211.947,395.311,-1.064,13.476,,,,,0,278.625,218.113,400.000,
1785142154.8713,PID,NORMAL_HOLD,326.07,239.22,313.50,279.323,217.314,401.065,278.625,218.113,400.000,270.980,212.033,395.843,-1.065,9.934,,,,,0,278.625,218.113,400.000,
1785142154.8739,PID,NORMAL_HOLD,326.50,239.00,313.00,279.713,217.440,401.365,278.625,218.113,400.000,268.731,211.355,394.761,-1.365,16.433,,,,,0,278.625,218.113,400.000,
1785142154.8790,PID,NORMAL_HOLD,326.00,239.12,313.95,279.248,217.453,400.793,278.625,218.113,400.000,272.245,211.622,397.521,-0.793,-0.911,,,,,0,278.625,218.113,400.000,
1785142154.8850,PID,NORMAL_HOLD,326.00,239.00,314.00,279.246,217.521,400.759,278.625,218.113,400.000,271.541,211.436,398.648,-0.759,-7.849,,,,,0,278.625,218.113,400.000,
1785142154.8894,PID,NORMAL_HOLD,326.00,239.00,314.39,279.247,217.512,400.521,278.625,218.113,400.000,271.179,211.770,400.077,-0.521,-16.535,,,,,0,278.625,218.113,400.000,
1785142154.8948,PID,NORMAL_HOLD,325.50,239.00,314.38,278.787,217.514,400.533,278.625,218.113,400.000,273.548,211.882,400.112,-0.533,-16.442,,,,,0,278.625,218.113,400.000,
1785142154.9015,PID,NORMAL_HOLD,325.50,239.00,314.00,278.785,217.537,400.766,278.625,218.113,400.000,272.260,211.827,398.644,-0.766,-7.079,,,,,0,278.625,218.113,400.000,
1785142154.9041,PID,NORMAL_HOLD,325.88,238.85,314.50,279.130,217.656,400.453,278.625,218.113,400.000,269.424,211.162,399.429,-0.453,-11.785,,,,,0,278.625,218.113,400.000,
1785142154.9094,PID,NORMAL_HOLD,325.87,238.78,314.00,279.122,217.696,400.761,278.625,218.113,400.000,270.185,211.346,397.959,-0.761,-2.486,,,,,0,278.625,218.113,400.000,
1785142154.9157,PID,NORMAL_HOLD,325.50,238.76,314.44,278.775,217.765,400.496,278.625,218.113,400.000,272.439,211.268,398.638,-0.496,-6.622,,,,,0,278.625,218.113,400.000,
1785142154.9184,PID,NORMAL_HOLD,325.50,238.68,314.49,278.775,217.801,400.465,278.625,218.113,400.000,271.702,211.411,398.935,-0.465,-8.341,,,,,0,278.625,218.113,400.000,
1785142154.9249,PID,NORMAL_HOLD,325.91,238.77,314.50,279.146,217.782,400.455,278.625,218.113,400.000,269.064,211.784,398.887,-0.455,-7.894,,,,,0,278.625,218.113,400.000,
1785142154.9319,PID,NORMAL_HOLD,325.91,238.78,314.51,279.148,217.774,400.449,278.625,218.113,400.000,269.954,211.878,398.700,-0.449,-6.587,,,,,0,278.625,218.113,400.000,
1785142154.9360,PID,NORMAL_HOLD,325.91,238.78,315.00,279.147,217.770,400.148,278.625,218.113,400.000,270.402,211.934,400.003,-0.148,-14.515,,,,,0,278.625,218.113,400.000,
1785142154.9428,PID,NORMAL_HOLD,326.00,238.88,314.90,279.241,217.634,400.204,278.625,218.113,400.000,270.099,212.698,399.856,-0.204,-13.344,,,,,0,278.625,218.113,400.000,
1785142154.9499,PID,NORMAL_HOLD,326.00,238.88,314.50,279.243,217.613,400.451,278.625,218.113,400.000,270.450,212.436,398.296,-0.451,-3.467,,,,,0,278.625,218.113,400.000,
1785142154.9531,PID,NORMAL_HOLD,326.50,239.00,314.80,279.702,217.572,400.266,278.625,218.113,400.000,267.740,212.471,398.537,-0.266,-4.889,,,,,0,278.625,218.113,400.000,
1785142154.9581,PID,NORMAL_HOLD,326.50,239.00,314.39,279.705,217.537,400.516,278.625,218.113,400.000,269.194,212.437,397.306,-0.516,2.805,,,,,0,278.625,218.113,400.000,
1785142154.9657,PID,NORMAL_HOLD,326.09,239.12,314.00,279.328,217.442,400.759,278.625,218.113,400.000,271.999,212.742,395.773,-0.759,12.209,,,,,0,278.625,218.113,400.000,
1785142154.9700,PID,NORMAL_HOLD,326.09,239.12,313.00,279.334,217.364,401.371,278.625,218.113,400.000,271.360,212.795,394.550,-1.371,19.044,,,,,0,278.625,218.113,400.000,
1785142154.9757,PID,NORMAL_HOLD,326.00,239.15,313.00,279.256,217.347,401.372,278.625,218.113,400.000,271.559,212.531,393.098,-1.372,27.646,,,,,0,278.625,218.113,400.000,
1785142154.9823,PID,NORMAL_HOLD,326.21,239.33,312.50,279.452,217.214,401.677,278.625,218.113,400.000,270.610,212.687,391.920,-1.677,34.345,,,,,0,278.625,218.113,400.000,
1785142154.9862,PID,NORMAL_HOLD,326.21,239.31,312.50,279.450,217.289,401.679,278.625,218.113,400.000,270.694,211.974,392.041,-1.679,32.973,,,,,0,278.625,218.113,400.000,
1785142154.9927,PID,NORMAL_HOLD,326.21,239.31,312.50,279.450,217.289,401.679,278.625,218.113,400.000,270.724,212.028,392.860,-1.679,27.306,,,,,0,278.625,218.113,400.000,
1785142154.9988,PID,NORMAL_HOLD,325.89,239.36,312.44,279.155,217.215,401.720,278.625,218.113,400.000,272.317,212.454,393.580,-1.720,22.345,,,,,0,278.625,218.113,400.000,
1785142155.0031,PID,NORMAL_HOLD,325.87,239.22,312.44,279.141,217.281,401.718,278.625,218.113,400.000,271.660,211.906,394.351,-1.718,17.166,,,,,0,278.625,218.113,400.000,
1785142155.0085,PID,NORMAL_HOLD,325.87,239.22,312.50,279.138,217.312,401.683,278.625,218.113,400.000,271.267,211.820,395.165,-1.683,11.819,,,,,0,278.625,218.113,400.000,
1785142155.0160,PID,NORMAL_HOLD,325.88,239.15,312.50,279.147,217.345,401.682,278.625,218.113,400.000,271.011,211.771,395.733,-1.682,8.084,,,,,0,278.625,218.113,400.000,
1785142155.0209,PID,NORMAL_HOLD,326.00,239.12,312.55,279.250,217.444,401.653,278.625,218.113,400.000,270.361,211.371,396.255,-1.653,4.708,,,,,0,278.625,218.113,400.000,
1785142155.0225,PID,NORMAL_HOLD,325.52,239.11,312.98,278.816,217.414,401.395,278.625,218.113,400.000,273.078,211.879,397.795,-1.395,-4.891,,,,,0,278.625,218.113,400.000,
1785142155.0296,PID,NORMAL_HOLD,325.50,239.00,313.38,278.788,217.520,401.150,278.625,218.113,400.000,272.167,211.377,399.381,-1.150,-14.585,,,,,0,278.625,218.113,400.000,
1785142155.0332,PID,NORMAL_HOLD,325.50,238.89,313.00,278.786,217.591,401.381,278.625,218.113,400.000,271.567,211.301,398.527,-1.381,-9.043,,,,,0,278.625,218.113,400.000,
1785142155.0376,PID,NORMAL_HOLD,325.80,238.78,313.00,279.055,217.700,401.378,278.625,218.113,400.000,269.723,211.026,398.034,-1.378,-5.836,,,,,0,278.625,218.113,400.000,
1785142155.0442,PID,NORMAL_HOLD,325.50,238.68,313.45,278.780,217.758,401.103,278.625,218.113,400.000,271.720,211.192,399.031,-1.103,-11.881,,,,,0,278.625,218.113,400.000,
1785142155.0471,PID,NORMAL_HOLD,326.00,238.50,313.50,279.231,217.947,401.068,278.625,218.113,400.000,268.663,210.450,399.202,-1.068,-12.694,,,,,0,278.625,218.113,400.000,
1785142155.0524,PID,NORMAL_HOLD,325.50,238.45,314.00,278.768,218.006,400.767,278.625,218.113,400.000,272.416,210.830,400.749,-0.767,-22.063,,,,,0,278.625,218.113,400.000,
1785142155.0594,PID,NORMAL_HOLD,325.87,238.24,314.03,279.101,218.156,400.743,278.625,218.113,400.000,269.921,210.552,400.797,-0.743,-21.964,,,,,0,278.625,218.113,400.000,
1785142155.0618,PID,NORMAL_HOLD,325.91,238.23,314.77,279.132,218.202,400.291,278.625,218.113,400.000,270.222,210.935,402.032,-0.291,-29.070,,,,,0,278.625,218.113,400.000,
1785142155.0684,PID,NORMAL_HOLD,326.00,238.28,315.00,279.219,218.176,400.147,278.625,218.113,400.000,270.015,211.527,403.323,-0.147,-36.614,,,,,0,278.625,218.113,400.000,
1785142155.0756,PID,NORMAL_HOLD,326.00,238.28,315.74,279.218,218.180,399.689,278.625,218.113,400.000,270.422,211.655,404.826,0.311,-45.208,,,,,0,278.625,218.113,400.000,
1785142155.0792,PID,NORMAL_HOLD,326.10,238.28,315.50,279.310,218.172,399.838,278.625,218.113,400.000,270.124,211.776,403.645,0.162,-37.079,,,,,0,278.625,218.113,400.000,
1785142155.0827,PID,NORMAL_HOLD,326.50,238.32,316.00,279.681,218.141,399.527,278.625,218.113,400.000,268.298,211.978,403.834,0.473,-37.539,,,,,0,278.625,218.113,400.000,
1785142155.0890,PID,NORMAL_HOLD,326.29,238.41,316.50,279.492,218.065,399.221,278.625,218.113,400.000,270.536,212.327,404.619,0.779,-41.691,,,,,0,278.625,218.113,400.000,
1785142155.0934,PID,NORMAL_HOLD,326.50,238.63,317.00,279.689,217.891,398.912,278.625,218.113,400.000,269.518,213.074,405.349,1.088,-45.395,,,,,0,278.625,218.113,400.000,
1785142155.0987,PID,NORMAL_HOLD,326.31,238.72,317.00,279.518,217.754,398.911,278.625,218.113,400.000,271.046,213.246,404.644,1.089,-40.196,,,,,0,278.625,218.113,400.000,
1785142155.1060,PID,NORMAL_HOLD,326.31,238.72,317.20,279.519,217.733,398.785,278.625,218.113,400.000,270.878,212.716,403.995,1.215,-35.406,,,,,0,278.625,218.113,400.000,
1785142155.1072,PID,NORMAL_HOLD,326.50,238.89,316.78,279.703,217.594,399.047,278.625,218.113,400.000,269.839,213.061,401.824,0.953,-21.356,,,,,0,278.625,218.113,400.000,
1785142155.1129,PID,NORMAL_HOLD,326.00,239.00,317.00,279.244,217.521,398.912,278.625,218.113,400.000,272.957,212.960,401.202,1.088,-17.117,,,,,0,278.625,218.113,400.000,
1785142155.1193,PID,NORMAL_HOLD,326.50,239.00,317.00,279.707,217.500,398.909,278.625,218.113,400.000,269.366,212.603,400.607,1.091,-13.121,,,,,0,278.625,218.113,400.000,
1785142155.1222,PID,NORMAL_HOLD,326.48,239.11,316.82,279.686,217.426,399.017,278.625,218.113,400.000,270.137,212.738,399.584,0.983,-6.558,,,,,0,278.625,218.113,400.000,
1785142155.1286,PID,NORMAL_HOLD,326.13,239.22,316.50,279.372,217.300,399.217,278.625,218.113,400.000,272.187,213.107,398.088,0.783,2.799,,,,,0,278.625,218.113,400.000,
1785142155.1363,PID,NORMAL_HOLD,326.31,239.28,316.50,279.536,217.282,399.217,278.625,218.113,400.000,270.595,212.690,397.644,0.783,5.489,,,,,0,278.625,218.113,400.000,
1785142155.1397,PID,NORMAL_HOLD,325.87,239.22,316.00,279.139,217.256,399.526,278.625,218.113,400.000,272.827,212.534,396.086,0.474,15.010,,,,,0,278.625,218.113,400.000,
1785142155.1451,PID,NORMAL_HOLD,325.91,239.22,316.00,279.173,217.230,399.524,278.625,218.113,400.000,271.636,212.463,395.957,0.476,15.510,,,,,0,278.625,218.113,400.000,
1785142155.1525,PID,NORMAL_HOLD,325.86,239.29,315.56,279.130,217.229,399.798,278.625,218.113,400.000,271.474,212.293,394.814,0.202,22.293,,,,,0,278.625,218.113,400.000,
1785142155.1537,PID,NORMAL_HOLD,325.55,239.19,316.00,278.840,217.251,399.527,278.625,218.113,400.000,272.832,212.072,396.264,0.473,12.935,,,,,0,278.625,218.113,400.000,
1785142155.1595,PID,NORMAL_HOLD,325.69,239.28,316.00,278.973,217.255,399.529,278.625,218.113,400.000,271.142,212.067,397.064,0.471,7.754,,,,,0,278.625,218.113,400.000,
1785142155.1655,PID,NORMAL_HOLD,325.50,239.11,316.00,278.795,217.323,399.528,278.625,218.113,400.000,271.987,211.713,397.554,0.472,4.583,,,,,0,278.625,218.113,400.000,
1785142155.1680,PID,NORMAL_HOLD,325.47,239.11,315.81,278.771,217.332,399.646,278.625,218.113,400.000,271.601,211.846,397.072,0.354,7.515,,,,,0,278.625,218.113,400.000,
1785142155.1731,PID,NORMAL_HOLD,325.47,239.11,315.49,278.769,217.354,399.844,278.625,218.113,400.000,271.281,211.837,396.162,0.156,13.005,,,,,0,278.625,218.113,400.000,
1785142155.1826,PID,NORMAL_HOLD,325.00,239.00,315.80,278.329,217.436,399.656,278.625,218.113,400.000,273.543,211.502,397.088,0.344,7.049,,,,,0,278.625,218.113,400.000,
1785142155.1845,PID,NORMAL_HOLD,325.00,239.00,315.50,278.327,217.483,399.844,278.625,218.113,400.000,272.329,211.516,396.687,0.156,9.391,,,,,0,278.625,218.113,400.000,
1785142155.1898,PID,NORMAL_HOLD,325.26,238.89,315.77,278.562,217.575,399.677,278.625,218.113,400.000,270.365,211.249,397.536,0.323,3.980,,,,,0,278.625,218.113,400.000,
1785142155.1988,PID,NORMAL_HOLD,325.00,238.76,315.50,278.315,217.737,399.846,278.625,218.113,400.000,271.409,211.155,397.456,0.154,4.322,,,,,0,278.625,218.113,400.000,
1785142155.2050,PID,NORMAL_HOLD,325.14,238.70,315.50,278.444,217.771,399.844,278.625,218.113,400.000,270.517,211.364,397.314,0.156,5.110,,,,,0,278.625,218.113,400.000,
1785142155.2080,PID,NORMAL_HOLD,325.28,238.57,315.81,278.569,217.880,399.652,278.625,218.113,400.000,270.110,211.069,398.340,0.348,-1.329,,,,,0,278.625,218.113,400.000,
1785142155.2156,PID,NORMAL_HOLD,325.29,238.61,315.81,278.580,217.860,399.652,278.625,218.113,400.000,270.497,211.601,398.630,0.348,-3.087,,,,,0,278.625,218.113,400.000,
1785142155.2182,PID,NORMAL_HOLD,325.50,238.50,315.50,278.771,217.911,399.840,278.625,218.113,400.000,269.648,211.469,397.825,0.160,1.922,,,,,0,278.625,218.113,400.000,
1785142155.2228,PID,NORMAL_HOLD,325.88,238.50,315.73,279.124,217.921,399.698,278.625,218.113,400.000,268.324,211.630,398.247,0.302,-0.720,,,,,0,278.625,218.113,400.000,
1785142155.2328,PID,NORMAL_HOLD,325.50,238.50,316.18,278.768,217.942,399.422,278.625,218.113,400.000,271.589,211.651,399.705,0.578,-9.706,,,,,0,278.625,218.113,400.000,
1785142155.2345,PID,NORMAL_HOLD,325.71,238.59,315.81,278.961,217.876,399.647,278.625,218.113,400.000,270.208,212.131,398.914,0.353,-4.642,,,,,0,278.625,218.113,400.000,
1785142155.2394,PID,NORMAL_HOLD,325.70,238.64,316.21,278.958,217.852,399.406,278.625,218.113,400.000,270.568,212.164,399.690,0.594,-9.345,,,,,0,278.625,218.113,400.000,
1785142155.2487,PID,NORMAL_HOLD,326.00,238.76,316.25,279.238,217.708,399.373,278.625,218.113,400.000,269.914,212.463,399.456,0.627,-7.611,,,,,0,278.625,218.113,400.000,
1785142155.2530,PID,NORMAL_HOLD,326.00,238.79,316.00,279.240,217.669,399.527,278.625,218.113,400.000,270.349,212.430,398.787,0.473,-3.338,,,,,0,278.625,218.113,400.000,
1785142155.2581,PID,NORMAL_HOLD,326.00,238.79,316.00,279.240,217.669,399.527,278.625,218.113,400.000,270.577,212.205,398.474,0.473,-1.345,,,,,0,278.625,218.113,400.000,
1785142155.2657,PID,NORMAL_HOLD,326.29,238.89,316.00,279.505,217.615,399.526,278.625,218.113,400.000,269.279,212.383,398.342,0.474,-0.504,,,,,0,278.625,218.113,400.000,
1785142155.2683,PID,NORMAL_HOLD,326.29,238.89,316.00,279.505,217.615,399.526,278.625,218.113,400.000,270.002,212.190,398.282,0.474,-0.123,,,,,0,278.625,218.113,400.000,
1785142155.2733,PID,NORMAL_HOLD,326.29,238.89,316.50,279.505,217.612,399.218,278.625,218.113,400.000,270.364,212.111,399.784,0.782,-9.396,,,,,0,278.625,218.113,400.000,
1785142155.2830,PID,NORMAL_HOLD,326.00,239.00,316.38,279.244,217.526,399.297,278.625,218.113,400.000,271.997,212.530,399.690,0.703,-8.633,,,,,0,278.625,218.113,400.000,
1785142155.2849,PID,NORMAL_HOLD,326.00,239.00,315.50,279.244,217.532,399.836,278.625,218.113,400.000,271.398,212.245,396.844,0.164,9.099,,,,,0,278.625,218.113,400.000,
1785142155.2883,PID,NORMAL_HOLD,326.00,239.00,316.46,279.244,217.526,399.243,278.625,218.113,400.000,271.103,212.168,398.919,0.757,-3.876,,,,,0,278.625,218.113,400.000,
1785142155.2958,PID,NORMAL_HOLD,326.13,238.78,316.36,279.360,217.649,399.304,278.625,218.113,400.000,270.298,211.409,399.256,0.696,-5.878,,,,,0,278.625,218.113,400.000,
1785142155.2988,PID,NORMAL_HOLD,326.00,238.91,316.26,279.241,217.599,399.370,278.625,218.113,400.000,271.187,211.971,398.940,0.630,-3.819,,,,,0,278.625,218.113,400.000,
1785142155.3034,PID,NORMAL_HOLD,325.98,238.90,316.36,279.223,217.607,399.307,278.625,218.113,400.000,271.097,211.945,399.059,0.693,-4.483,,,,,0,278.625,218.113,400.000,
1785142155.3100,PID,NORMAL_HOLD,325.54,238.81,316.36,278.821,217.627,399.309,278.625,218.113,400.000,273.110,211.866,398.975,0.691,-3.878,,,,,0,278.625,218.113,400.000,
1785142155.3142,PID,NORMAL_HOLD,325.91,238.77,316.00,279.153,217.681,399.528,278.625,218.113,400.000,270.090,211.611,397.815,0.472,3.357,,,,,0,278.625,218.113,400.000,
1785142155.3200,PID,NORMAL_HOLD,325.59,238.69,316.00,278.861,217.718,399.530,278.625,218.113,400.000,271.873,211.619,397.442,0.470,5.601,,,,,0,278.625,218.113,400.000,
1785142155.3267,PID,NORMAL_HOLD,325.50,238.68,315.50,278.774,217.795,399.841,278.625,218.113,400.000,271.968,211.288,395.971,0.159,14.570,,,,,0,278.625,218.113,400.000,
1785142155.3311,PID,NORMAL_HOLD,325.50,238.63,315.81,278.772,217.837,399.650,278.625,218.113,400.000,271.466,211.387,396.671,0.350,9.978,,,,,0,278.625,218.113,400.000,
1785142155.3342,PID,NORMAL_HOLD,325.35,238.50,315.81,278.632,217.913,399.651,278.625,218.113,400.000,271.989,211.229,397.153,0.349,6.816,,,,,0,278.625,218.113,400.000,
1785142155.3416,PID,NORMAL_HOLD,325.29,238.50,316.20,278.572,217.916,399.410,278.625,218.113,400.000,271.803,211.555,398.626,0.590,-2.397,,,,,0,278.625,218.113,400.000,
1785142155.3465,PID,NORMAL_HOLD,325.14,238.29,315.91,278.431,218.083,399.593,278.625,218.113,400.000,272.230,210.753,398.227,0.407,0.112,,,,,0,278.625,218.113,400.000,
1785142155.3522,PID,NORMAL_HOLD,325.00,238.31,316.09,278.303,218.071,399.478,278.625,218.113,400.000,272.350,211.375,398.666,0.522,-2.608,,,,,0,278.625,218.113,400.000,
1785142155.3584,PID,NORMAL_HOLD,325.10,238.28,316.00,278.391,218.123,399.537,278.625,218.113,400.000,271.210,211.319,398.460,0.463,-1.282,,,,,0,278.625,218.113,400.000,
1785142155.3614,PID,NORMAL_HOLD,324.91,238.22,316.00,278.215,218.132,399.537,278.625,218.113,400.000,272.102,211.532,398.357,0.463,-0.621,,,,,0,278.625,218.113,400.000,
1785142155.3649,PID,NORMAL_HOLD,324.91,238.22,316.45,278.214,218.144,399.257,278.625,218.113,400.000,271.617,211.626,399.639,0.743,-8.518,,,,,0,278.625,218.113,400.000,
1785142155.3714,PID,NORMAL_HOLD,325.00,238.31,316.50,278.301,218.085,399.229,278.625,218.113,400.000,270.878,212.058,400.094,0.771,-11.173,,,,,0,278.625,218.113,400.000,
1785142155.3762,PID,NORMAL_HOLD,325.00,238.31,316.50,278.301,218.085,399.229,278.625,218.113,400.000,270.982,211.958,399.968,0.771,-10.181,,,,,0,278.625,218.113,400.000,
1785142155.3814,PID,NORMAL_HOLD,324.95,238.32,316.74,278.261,218.051,399.083,278.625,218.113,400.000,271.257,212.099,400.414,0.917,-12.740,,,,,0,278.625,218.113,400.000,
1785142155.3886,PID,NORMAL_HOLD,325.05,238.39,316.00,278.354,217.969,399.535,278.625,218.113,400.000,270.670,212.429,398.222,0.465,0.999,,,,,0,278.625,218.113,400.000,
1785142155.3914,PID,NORMAL_HOLD,324.80,238.62,316.20,278.123,217.838,399.414,278.625,218.113,400.000,272.191,212.912,397.925,0.586,2.822,,,,,0,278.625,218.113,400.000,
1785142155.3956,PID,NORMAL_HOLD,325.04,238.74,316.50,278.350,217.770,399.229,278.625,218.113,400.000,270.414,212.798,398.807,0.771,-2.672,,,,,0,278.625,218.113,400.000,
1785142155.4019,PID,NORMAL_HOLD,325.31,238.72,316.00,278.602,217.682,399.532,278.625,218.113,400.000,269.331,212.869,397.609,0.468,4.766,,,,,0,278.625,218.113,400.000,
1785142155.4069,PID,NORMAL_HOLD,325.50,238.89,316.00,278.781,217.596,399.532,278.625,218.113,400.000,269.154,212.909,397.331,0.468,6.385,,,,,0,278.625,218.113,400.000,
1785142155.4122,PID,NORMAL_HOLD,325.50,238.89,316.00,278.783,217.573,399.531,278.625,218.113,400.000,270.039,212.574,397.300,0.469,6.464,,,,,0,278.625,218.113,400.000,
1785142155.4184,PID,NORMAL_HOLD,325.50,238.89,315.50,278.783,217.576,399.839,278.625,218.113,400.000,270.487,212.275,395.986,0.161,14.454,,,,,0,278.625,218.113,400.000,
1785142155.4196,PID,NORMAL_HOLD,325.50,238.89,315.50,278.783,217.576,399.839,278.625,218.113,400.000,270.714,212.144,395.833,0.161,15.129,,,,,0,278.625,218.113,400.000,
1785142155.4266,PID,NORMAL_HOLD,325.50,239.00,315.50,278.784,217.528,399.841,278.625,218.113,400.000,270.826,212.351,396.098,0.159,13.213,,,,,0,278.625,218.113,400.000,
1785142155.4322,PID,NORMAL_HOLD,325.50,239.00,315.50,278.784,217.528,399.841,278.625,218.113,400.000,270.884,212.190,396.508,0.159,10.433,,,,,0,278.625,218.113,400.000,
1785142155.4375,PID,NORMAL_HOLD,325.50,239.00,315.50,278.784,217.528,399.841,278.625,218.113,400.000,270.912,212.109,396.895,0.159,7.847,,,,,0,278.625,218.113,400.000,
1785142155.4411,PID,NORMAL_HOLD,325.50,239.00,315.00,278.784,217.531,400.149,278.625,218.113,400.000,270.924,212.052,395.864,-0.149,14.030,,,,,0,278.625,218.113,400.000,
1785142155.4489,PID,NORMAL_HOLD,325.50,239.00,315.00,278.784,217.531,400.149,278.625,218.113,400.000,270.932,212.040,395.511,-0.149,15.993,,,,,0,278.625,218.113,400.000,
1785142155.4524,PID,NORMAL_HOLD,325.73,238.84,314.50,278.991,217.640,400.454,278.625,218.113,400.000,269.888,211.482,394.483,-0.454,22.015,,,,,0,278.625,218.113,400.000,
1785142155.4574,PID,NORMAL_HOLD,325.73,238.84,314.50,278.990,217.656,400.455,278.625,218.113,400.000,270.390,211.647,394.480,-0.455,21.637,,,,,0,278.625,218.113,400.000,
1785142155.4655,PID,NORMAL_HOLD,325.83,238.71,314.50,279.078,217.744,400.453,278.625,218.113,400.000,270.172,211.349,395.064,-0.453,17.621,,,,,0,278.625,218.113,400.000,
1785142155.4671,PID,NORMAL_HOLD,325.95,238.68,315.00,279.186,217.819,400.146,278.625,218.113,400.000,269.883,211.221,397.133,-0.146,4.517,,,,,0,278.625,218.113,400.000,
1785142155.4726,PID,NORMAL_HOLD,325.70,238.64,314.44,278.962,217.831,400.493,278.625,218.113,400.000,271.614,211.516,396.275,-0.493,9.730,,,,,0,278.625,218.113,400.000,
1785142155.4793,PID,NORMAL_HOLD,325.70,238.64,314.56,278.957,217.893,400.421,278.625,218.113,400.000,271.277,211.379,396.563,-0.421,7.763,,,,,0,278.625,218.113,400.000,
1785142155.4818,PID,NORMAL_HOLD,326.00,238.46,313.81,279.230,217.963,400.875,278.625,218.113,400.000,269.672,211.291,394.899,-0.875,17.823,,,,,0,278.625,218.113,400.000,
1785142155.4876,PID,NORMAL_HOLD,325.83,238.29,314.76,279.061,218.143,400.296,278.625,218.113,400.000,271.260,210.511,397.466,-0.296,1.609,,,,,0,278.625,218.113,400.000,
1785142155.4942,PID,NORMAL_HOLD,325.69,238.28,315.00,278.938,218.162,400.150,278.625,218.113,400.000,271.738,211.071,398.999,-0.150,-7.881,,,,,0,278.625,218.113,400.000,
1785142155.4980,PID,NORMAL_HOLD,325.87,238.22,314.60,279.099,218.221,400.396,278.625,218.113,400.000,270.419,211.128,398.193,-0.396,-2.757,,,,,0,278.625,218.113,400.000,
1785142155.5033,PID,NORMAL_HOLD,325.53,238.11,314.60,278.783,218.253,400.398,278.625,218.113,400.000,272.378,211.298,397.834,-0.398,-0.492,,,,,0,278.625,218.113,400.000,
1785142155.5089,PID,NORMAL_HOLD,325.50,238.11,315.00,278.759,218.248,400.150,278.625,218.113,400.000,271.790,211.580,398.938,-0.150,-7.311,,,,,0,278.625,218.113,400.000,
1785142155.5122,PID,NORMAL_HOLD,326.00,238.00,315.50,279.214,218.354,399.838,278.625,218.113,400.000,268.760,211.091,400.588,0.162,-17.344,,,,,0,278.625,218.113,400.000,
1785142155.5178,PID,NORMAL_HOLD,326.00,238.00,315.84,279.210,218.403,399.628,278.625,218.113,400.000,269.805,211.176,401.729,0.372,-24.033,,,,,0,278.625,218.113,400.000,
1785142155.5239,PID,NORMAL_HOLD,325.50,238.11,315.90,278.755,218.280,399.595,278.625,218.113,400.000,272.749,212.128,401.753,0.405,-23.715,,,,,0,278.625,218.113,400.000,
1785142155.5265,PID,NORMAL_HOLD,325.52,238.11,315.58,278.779,218.270,399.790,278.625,218.113,400.000,271.712,212.023,400.340,0.210,-14.547,,,,,0,278.625,218.113,400.000,
1785142155.5322,PID,NORMAL_HOLD,325.53,238.11,316.43,278.780,218.257,399.267,278.625,218.113,400.000,271.322,211.992,402.290,0.733,-26.366,,,,,0,278.625,218.113,400.000,
1785142155.5394,PID,NORMAL_HOLD,326.00,238.10,317.50,279.215,218.279,398.607,278.625,218.113,400.000,268.644,211.771,405.450,1.393,-45.384,,,,,0,278.625,218.113,400.000,
1785142155.5430,PID,NORMAL_HOLD,325.91,238.22,317.30,279.135,218.149,398.732,278.625,218.113,400.000,270.169,212.509,404.918,1.268,-41.248,,,,,0,278.625,218.113,400.000,
1785142155.5475,PID,NORMAL_HOLD,326.10,238.28,317.00,279.312,218.131,398.914,278.625,218.113,400.000,269.500,212.281,402.938,1.086,-28.260,,,,,0,278.625,218.113,400.000,
1785142155.5542,PID,NORMAL_HOLD,326.00,238.50,317.20,279.227,217.946,398.789,278.625,218.113,400.000,270.609,213.094,402.206,1.211,-23.212,,,,,0,278.625,218.113,400.000,
1785142155.5581,PID,NORMAL_HOLD,326.05,238.68,317.00,279.278,217.763,398.912,278.625,218.113,400.000,270.431,213.492,400.823,1.088,-14.236,,,,,0,278.625,218.113,400.000,
1785142155.5645,PID,NORMAL_HOLD,326.31,238.72,317.00,279.523,217.685,398.909,278.625,218.113,400.000,269.247,213.160,400.033,1.091,-9.095,,,,,0,278.625,218.113,400.000,
1785142155.5725,PID,NORMAL_HOLD,326.00,239.00,317.46,279.244,217.513,398.629,278.625,218.113,400.000,270.788,213.070,400.130,1.371,-9.328,,,,,0,278.625,218.113,400.000,
1785142155.5787,PID,NORMAL_HOLD,326.00,239.00,317.42,279.248,217.460,398.651,278.625,218.113,400.000,270.768,212.865,400.455,1.349,-11.170,,,,,0,278.625,218.113,400.000,
1785142155.5824,PID,NORMAL_HOLD,326.50,239.11,316.50,279.713,217.370,399.214,278.625,218.113,400.000,268.335,212.933,397.669,0.786,6.206,,,,,0,278.625,218.113,400.000,
1785142155.5886,PID,NORMAL_HOLD,326.48,239.11,316.50,279.695,217.307,399.212,278.625,218.113,400.000,269.603,212.885,396.642,0.788,12.454,,,,,0,278.625,218.113,400.000,
1785142155.5940,PID,NORMAL_HOLD,326.50,239.32,316.00,279.720,217.192,399.521,278.625,218.113,400.000,269.999,213.098,395.300,0.479,20.470,,,,,0,278.625,218.113,400.000,
1785142155.5977,PID,NORMAL_HOLD,326.50,239.32,316.45,279.721,217.184,399.242,278.625,218.113,400.000,270.322,212.668,396.497,0.758,12.705,,,,,0,278.625,218.113,400.000,
1785142155.6042,PID,NORMAL_HOLD,326.30,239.33,315.89,279.536,217.162,399.589,278.625,218.113,400.000,271.497,212.522,395.529,0.411,18.449,,,,,0,278.625,218.113,400.000,
1785142155.6071,PID,NORMAL_HOLD,326.30,239.33,315.89,279.535,217.164,399.590,278.625,218.113,400.000,271.102,212.320,395.567,0.410,17.882,,,,,0,278.625,218.113,400.000,
1785142155.6141,PID,NORMAL_HOLD,325.96,239.25,315.78,279.221,217.217,399.661,278.625,218.113,400.000,272.514,211.962,395.704,0.339,16.694,,,,,0,278.625,218.113,400.000,
1785142155.6205,PID,NORMAL_HOLD,325.87,239.22,315.28,279.138,217.272,399.972,278.625,218.113,400.000,272.100,211.751,394.707,0.028,22.506,,,,,0,278.625,218.113,400.000,
1785142155.6220,PID,NORMAL_HOLD,325.50,239.11,314.82,278.799,217.295,400.254,278.625,218.113,400.000,273.652,211.779,393.126,-0.254,31.912,,,,,0,278.625,218.113,400.000,
1785142155.6284,PID,NORMAL_HOLD,325.50,239.11,315.50,278.789,217.408,399.839,278.625,218.113,400.000,272.341,211.346,395.483,0.161,16.772,,,,,0,278.625,218.113,400.000,
1785142155.6353,PID,NORMAL_HOLD,325.50,239.11,315.00,278.788,217.442,400.149,278.625,218.113,400.000,271.645,211.519,395.245,-0.149,17.919,,,,,0,278.625,218.113,400.000,
1785142155.6386,PID,NORMAL_HOLD,325.00,239.00,315.00,278.326,217.506,400.153,278.625,218.113,400.000,274.012,211.411,395.578,-0.153,15.509,,,,,0,278.625,218.113,400.000,
1785142155.6426,PID,NORMAL_HOLD,325.09,238.86,314.76,278.405,217.595,400.297,278.625,218.113,400.000,272.104,211.236,395.190,-0.297,17.642,,,,,0,278.625,218.113,400.000,
1785142155.6498,PID,NORMAL_HOLD,325.07,238.78,314.50,278.384,217.737,400.463,278.625,218.113,400.000,271.684,210.863,394.721,-0.463,20.211,,,,,0,278.625,218.113,400.000,
1785142155.6544,PID,NORMAL_HOLD,325.05,238.68,314.81,278.355,217.809,400.271,278.625,218.113,400.000,271.508,211.069,395.974,-0.271,12.091,,,,,0,278.625,218.113,400.000,
1785142155.6571,PID,NORMAL_HOLD,325.00,238.50,314.71,278.310,217.936,400.331,278.625,218.113,400.000,271.603,210.623,396.278,-0.331,10.008,,,,,0,278.625,218.113,400.000,
1785142155.6661,PID,NORMAL_HOLD,324.70,238.36,315.00,278.037,218.002,400.156,278.625,218.113,400.000,272.859,210.899,397.514,-0.156,2.193,,,,,0,278.625,218.113,400.000,
1785142155.6685,PID,NORMAL_HOLD,324.86,238.29,315.50,278.176,218.095,399.847,278.625,218.113,400.000,271.236,210.880,399.167,0.153,-7.969,,,,,0,278.625,218.113,400.000,
1785142155.6734,PID,NORMAL_HOLD,324.90,238.28,316.26,278.209,218.121,399.380,278.625,218.113,400.000,271.006,211.237,403.107,0.620,-32.377,,,,,0,278.625,218.113,400.000,
1785142155.6822,PID,NORMAL_HOLD,324.91,238.22,316.36,278.213,218.156,399.313,278.625,218.113,400.000,271.031,211.339,403.335,0.687,-33.172,,,,,0,278.625,218.113,400.000,
1785142155.6842,PID,NORMAL_HOLD,324.91,238.22,316.50,278.213,218.145,399.229,278.625,218.113,400.000,271.065,211.657,403.126,0.771,-31.267,,,,,0,278.625,218.113,400.000,
1785142155.6877,PID,NORMAL_HOLD,325.00,238.31,316.98,278.300,218.087,398.934,278.625,218.113,400.000,270.618,212.064,403.771,1.066,-34.664,,,,,0,278.625,218.113,400.000,
1785142155.6943,PID,NORMAL_HOLD,325.10,238.29,317.24,278.391,218.103,398.773,278.625,218.113,400.000,270.321,211.877,404.039,1.227,-35.672,,,,,0,278.625,218.113,400.000,
1785142155.6996,PID,NORMAL_HOLD,325.29,238.39,317.49,278.577,217.966,398.613,278.625,218.113,400.000,269.782,212.536,403.929,1.387,-34.293,,,,,0,278.625,218.113,400.000,
1785142155.7052,PID,NORMAL_HOLD,325.50,238.50,317.81,278.768,217.897,398.414,278.625,218.113,400.000,269.124,212.672,404.258,1.586,-35.692,,,,,0,278.625,218.113,400.000,
1785142155.7107,PID,NORMAL_HOLD,325.83,238.67,318.32,279.081,217.754,398.102,278.625,218.113,400.000,268.250,213.114,404.607,1.898,-37.072,,,,,0,278.625,218.113,400.000,
1785142155.7134,PID,NORMAL_HOLD,325.55,238.81,318.50,278.828,217.622,397.989,278.625,218.113,400.000,270.914,213.254,404.773,2.011,-37.404,,,,,0,278.625,218.113,400.000,
1785142155.7189,PID,NORMAL_HOLD,325.53,238.89,318.46,278.806,217.541,398.011,278.625,218.113,400.000,271.041,213.086,404.195,1.989,-33.211,,,,,0,278.625,218.113,400.000,
1785142155.7255,PID,NORMAL_HOLD,326.00,239.00,318.50,279.246,217.473,397.987,278.625,218.113,400.000,268.475,212.949,403.149,2.013,-26.131,,,,,0,278.625,218.113,400.000,
1785142155.7282,PID,NORMAL_HOLD,326.50,239.11,318.50,279.710,217.409,397.986,278.625,218.113,400.000,267.111,212.851,402.023,2.014,-18.646,,,,,0,278.625,218.113,400.000,
1785142155.7320,PID,NORMAL_HOLD,326.50,239.18,317.83,279.720,217.251,398.396,278.625,218.113,400.000,268.827,213.336,399.143,1.604,-0.478,,,,,0,278.625,218.113,400.000,
1785142155.7380,PID,NORMAL_HOLD,326.09,239.23,318.19,279.345,217.223,398.176,278.625,218.113,400.000,271.856,212.891,399.311,1.824,-1.501,,,,,0,278.625,218.113,400.000,
1785142155.7405,PID,NORMAL_HOLD,326.09,239.23,317.50,279.351,217.158,398.597,278.625,218.113,400.000,271.277,212.869,397.251,1.403,11.259,,,,,0,278.625,218.113,400.000,
1785142155.7469,PID,NORMAL_HOLD,326.30,239.33,317.00,279.538,217.100,398.904,278.625,218.113,400.000,269.981,212.833,395.351,1.096,22.774,,,,,0,278.625,218.113,400.000,
1785142155.7539,PID,NORMAL_HOLD,326.50,239.37,317.00,279.726,217.093,398.904,278.625,218.113,400.000,269.354,212.538,395.161,1.096,23.525,,,,,0,278.625,218.113,400.000,
1785142155.7583,PID,NORMAL_HOLD,326.34,239.40,317.00,279.579,217.069,398.905,278.625,218.113,400.000,270.879,212.498,395.626,1.095,20.216,,,,,0,278.625,218.113,400.000,
1785142155.7620,PID,NORMAL_HOLD,326.86,239.51,317.00,280.058,217.044,398.904,278.625,218.113,400.000,268.095,212.478,396.262,1.096,15.914,,,,,0,278.625,218.113,400.000,
1785142155.7695,PID,NORMAL_HOLD,326.50,239.50,316.50,279.726,217.036,399.213,278.625,218.113,400.000,271.112,212.379,395.306,0.787,21.528,,,,,0,278.625,218.113,400.000,
1785142155.7723,PID,NORMAL_HOLD,326.50,239.68,316.50,279.726,216.951,399.215,278.625,218.113,400.000,270.876,212.725,395.481,0.785,20.045,,,,,0,278.625,218.113,400.000,
1785142155.7768,PID,NORMAL_HOLD,326.38,239.50,316.00,279.611,217.033,399.521,278.625,218.113,400.000,271.488,211.956,394.400,0.479,26.371,,,,,0,278.625,218.113,400.000,
1785142155.7831,PID,NORMAL_HOLD,326.00,239.54,315.50,279.265,217.024,399.833,278.625,218.113,400.000,272.838,212.117,393.325,0.167,32.473,,,,,0,278.625,218.113,400.000,
1785142155.7879,PID,NORMAL_HOLD,326.00,239.42,315.00,279.264,217.097,400.140,278.625,218.113,400.000,271.816,211.720,392.198,-0.140,38.797,,,,,0,278.625,218.113,400.000,
1785142155.7932,PID,NORMAL_HOLD,326.00,239.42,314.50,279.263,217.121,400.449,278.625,218.113,400.000,271.306,211.823,390.832,-0.449,46.561,,,,,0,278.625,218.113,400.000,
1785142155.8004,PID,NORMAL_HOLD,325.70,239.28,315.00,278.979,217.257,400.145,278.625,218.113,400.000,272.742,211.178,393.056,-0.145,31.963,,,,,0,278.625,218.113,400.000,
1785142155.8053,PID,NORMAL_HOLD,325.50,239.24,314.50,278.797,217.272,400.455,278.625,218.113,400.000,272.742,211.576,393.189,-0.455,30.515,,,,,0,278.625,218.113,400.000,
1785142155.8082,PID,NORMAL_HOLD,325.50,239.24,314.00,278.798,217.275,400.763,278.625,218.113,400.000,271.828,211.830,392.065,-0.763,36.945,,,,,0,278.625,218.113,400.000,
1785142155.8156,PID,NORMAL_HOLD,325.50,239.24,313.50,278.798,217.278,401.071,278.625,218.113,400.000,271.372,211.959,391.263,-1.071,41.183,,,,,0,278.625,218.113,400.000,
1785142155.8187,PID,NORMAL_HOLD,325.09,239.14,314.00,278.414,217.371,400.769,278.625,218.113,400.000,273.193,211.546,393.409,-0.769,27.147,,,,,0,278.625,218.113,400.000,
1785142155.8219,PID,NORMAL_HOLD,325.09,239.14,314.00,278.414,217.371,400.769,278.625,218.113,400.000,272.115,211.820,394.609,-0.769,19.256,,,,,0,278.625,218.113,400.000,
1785142155.8289,PID,NORMAL_HOLD,325.00,239.12,314.45,278.333,217.383,400.491,278.625,218.113,400.000,272.013,211.896,396.810,-0.491,5.329,,,,,0,278.625,218.113,400.000,
1785142155.8324,PID,NORMAL_HOLD,324.91,239.12,314.00,278.256,217.362,400.770,278.625,218.113,400.000,271.972,212.113,396.366,-0.770,7.977,,,,,0,278.625,218.113,400.000,
1785142155.8371,PID,NORMAL_HOLD,324.91,239.12,314.00,278.256,217.362,400.770,278.625,218.113,400.000,271.528,212.106,396.399,-0.770,7.630,,,,,0,278.625,218.113,400.000,
1785142155.8433,PID,NORMAL_HOLD,325.00,239.21,313.80,278.339,217.285,400.893,278.625,218.113,400.000,270.871,212.508,396.015,-0.893,9.853,,,,,0,278.625,218.113,400.000,
1785142155.8473,PID,NORMAL_HOLD,324.96,239.21,314.50,278.303,217.257,400.459,278.625,218.113,400.000,271.171,212.471,398.163,-0.459,-3.583,,,,,0,278.625,218.113,400.000,
1785142155.8523,PID,NORMAL_HOLD,325.30,239.33,314.50,278.612,217.218,400.458,278.625,218.113,400.000,269.347,212.525,398.904,-0.458,-8.098,,,,,0,278.625,218.113,400.000,
1785142155.8588,PID,NORMAL_HOLD,325.50,239.32,315.20,278.798,217.211,400.022,278.625,218.113,400.000,269.131,212.374,400.941,-0.022,-20.491,,,,,0,278.625,218.113,400.000,
1785142155.8634,PID,NORMAL_HOLD,325.50,239.32,315.50,278.799,217.193,399.837,278.625,218.113,400.000,270.021,212.359,402.220,0.163,-28.010,,,,,0,278.625,218.113,400.000,
1785142155.8680,PID,NORMAL_HOLD,325.86,239.46,315.00,279.132,217.073,400.142,278.625,218.113,400.000,268.595,212.932,400.571,-0.142,-17.314,,,,,0,278.625,218.113,400.000,
1785142155.8750,PID,NORMAL_HOLD,325.71,239.45,315.00,279.001,217.026,400.141,278.625,218.113,400.000,270.465,212.830,399.579,-0.141,-10.869,,,,,0,278.625,218.113,400.000,
1785142155.8776,PID,NORMAL_HOLD,326.00,239.54,315.00,279.267,217.002,400.140,278.625,218.113,400.000,269.279,212.641,398.970,-0.140,-6.901,,,,,0,278.625,218.113,400.000,
1785142155.8840,PID,NORMAL_HOLD,326.00,239.58,315.46,279.267,216.981,399.858,278.625,218.113,400.000,270.030,212.546,400.179,0.142,-14.280,,,,,0,278.625,218.113,400.000,
1785142155.8908,PID,NORMAL_HOLD,326.00,239.58,315.46,279.267,216.982,399.859,278.625,218.113,400.000,270.405,212.373,400.091,0.141,-13.460,,,,,0,278.625,218.113,400.000,
1785142155.8943,PID,NORMAL_HOLD,326.30,239.64,315.50,279.539,216.967,399.831,278.625,218.113,400.000,269.037,212.383,399.972,0.169,-12.483,,,,,0,278.625,218.113,400.000,
1785142155.8979,PID,NORMAL_HOLD,326.28,239.59,315.50,279.524,217.007,399.831,278.625,218.113,400.000,269.944,212.085,399.622,0.169,-10.089,,,,,0,278.625,218.113,400.000,
1785142155.9059,PID,NORMAL_HOLD,326.00,239.50,315.50,279.267,217.017,399.832,278.625,218.113,400.000,271.817,212.094,399.272,0.168,-7.741,,,,,0,278.625,218.113,400.000,
1785142155.9087,PID,NORMAL_HOLD,326.03,239.51,315.00,279.293,217.017,400.139,278.625,218.113,400.000,271.152,212.149,397.579,-0.139,2.827,,,,,0,278.625,218.113,400.000,
1785142155.9142,PID,NORMAL_HOLD,326.00,239.58,315.00,279.267,216.984,400.140,278.625,218.113,400.000,271.103,212.364,396.900,-0.140,6.981,,,,,0,278.625,218.113,400.000,
1785142155.9216,PID,NORMAL_HOLD,326.00,239.54,314.50,279.267,217.006,400.448,278.625,218.113,400.000,270.939,212.175,395.391,-0.448,16.157,,,,,0,278.625,218.113,400.000,
1785142155.9243,PID,NORMAL_HOLD,326.38,239.50,314.53,279.607,217.088,400.428,278.625,218.113,400.000,268.893,211.717,395.466,-0.428,15.354,,,,,0,278.625,218.113,400.000,
1785142155.9280,PID,NORMAL_HOLD,326.00,239.46,315.00,279.262,217.107,400.142,278.625,218.113,400.000,271.707,211.851,397.179,-0.142,4.481,,,,,0,278.625,218.113,400.000,
1785142155.9345,PID,NORMAL_HOLD,325.50,239.24,314.50,278.802,217.210,400.452,278.625,218.113,400.000,273.818,211.437,396.390,-0.452,9.252,,,,,0,278.625,218.113,400.000,
1785142155.9388,PID,NORMAL_HOLD,325.50,239.24,314.50,278.797,217.272,400.455,278.625,218.113,400.000,272.392,211.474,396.226,-0.455,10.098,,,,,0,278.625,218.113,400.000,
1785142155.9435,PID,NORMAL_HOLD,325.88,239.15,315.00,279.139,217.414,400.145,278.625,218.113,400.000,269.649,210.973,397.934,-0.145,-0.636,,,,,0,278.625,218.113,400.000,
1785142155.9498,PID,NORMAL_HOLD,325.50,239.00,314.47,278.788,217.488,400.474,278.625,218.113,400.000,272.167,211.123,396.976,-0.474,5.271,,,,,0,278.625,218.113,400.000,
1785142155.9524,PID,NORMAL_HOLD,325.50,239.00,314.50,278.785,217.534,400.457,278.625,218.113,400.000,271.561,211.366,396.778,-0.457,6.402,,,,,0,278.625,218.113,400.000,
1785142155.9583,PID,NORMAL_HOLD,325.12,238.88,315.00,278.430,217.591,400.152,278.625,218.113,400.000,273.538,211.345,398.334,-0.152,-3.322,,,,,0,278.625,218.113,400.000,
1785142155.9662,PID,NORMAL_HOLD,325.12,238.85,315.00,278.432,217.620,400.152,278.625,218.113,400.000,272.274,211.528,398.749,-0.152,-5.807,,,,,0,278.625,218.113,400.000,
1785142155.9696,PID,NORMAL_HOLD,325.12,238.85,315.00,278.431,217.633,400.152,278.625,218.113,400.000,271.656,211.709,398.834,-0.152,-6.224,,,,,0,278.625,218.113,400.000,
1785142155.9730,PID,NORMAL_HOLD,325.13,238.78,314.51,278.435,217.738,400.456,278.625,218.113,400.000,271.319,211.275,397.146,-0.456,4.328,,,,,0,278.625,218.113,400.000,
1785142155.9827,PID,NORMAL_HOLD,325.13,238.78,315.00,278.437,217.703,400.153,278.625,218.113,400.000,271.165,211.807,398.126,-0.153,-1.787,,,,,0,278.625,218.113,400.000,
1785142155.9844,PID,NORMAL_HOLD,325.31,238.72,315.45,278.601,217.707,399.870,278.625,218.113,400.000,270.060,211.886,399.918,0.130,-12.832,,,,,0,278.625,218.113,400.000,
1785142155.9893,PID,NORMAL_HOLD,325.13,238.78,315.50,278.441,217.630,399.842,278.625,218.113,400.000,271.408,212.378,400.391,0.158,-15.524,,,,,0,278.625,218.113,400.000,
1785142155.9959,PID,NORMAL_HOLD,325.50,238.89,315.50,278.782,217.597,399.840,278.625,218.113,400.000,269.353,212.384,400.181,0.160,-13.937,,,,,0,278.625,218.113,400.000,
1785142156.0004,PID,NORMAL_HOLD,325.50,239.00,315.46,278.785,217.508,399.862,278.625,218.113,400.000,270.118,212.712,399.686,0.138,-10.618,,,,,0,278.625,218.113,400.000,
1785142156.0036,PID,NORMAL_HOLD,325.50,239.00,315.95,278.787,217.469,399.563,278.625,218.113,400.000,270.507,212.605,400.722,0.437,-16.811,,,,,0,278.625,218.113,400.000,
1785142156.0112,PID,NORMAL_HOLD,325.91,239.12,315.50,279.175,217.340,399.833,278.625,218.113,400.000,268.544,213.069,399.411,0.167,-8.406,,,,,0,278.625,218.113,400.000,
1785142156.0137,PID,NORMAL_HOLD,326.13,239.22,315.50,279.372,217.306,399.833,278.625,218.113,400.000,268.679,212.763,398.757,0.167,-4.214,,,,,0,278.625,218.113,400.000,
1785142156.0192,PID,NORMAL_HOLD,326.50,239.24,315.49,279.716,217.284,399.836,278.625,218.113,400.000,267.676,212.577,398.415,0.164,-2.022,,,,,0,278.625,218.113,400.000,
1785142156.0257,PID,NORMAL_HOLD,326.50,239.32,315.50,279.719,217.212,399.829,278.625,218.113,400.000,269.141,212.768,398.281,0.171,-1.160,,,,,0,278.625,218.113,400.000,
1785142156.0288,PID,NORMAL_HOLD,326.50,239.32,315.50,279.721,217.186,399.828,278.625,218.113,400.000,269.877,212.611,398.212,0.172,-0.714,,,,,0,278.625,218.113,400.000,
1785142156.0335,PID,NORMAL_HOLD,326.83,239.50,315.24,280.030,217.080,399.989,278.625,218.113,400.000,268.619,212.954,397.375,0.011,4.475,,,,,0,278.625,218.113,400.000,
1785142156.0407,PID,NORMAL_HOLD,327.00,239.54,314.63,280.184,217.055,400.357,278.625,218.113,400.000,268.667,212.725,395.442,-0.357,16.310,,,,,0,278.625,218.113,400.000,
1785142156.0437,PID,NORMAL_HOLD,326.80,239.58,314.38,280.005,217.009,400.516,278.625,218.113,400.000,270.574,212.722,394.296,-0.516,23.088,,,,,0,278.625,218.113,400.000,
1785142156.0507,PID,NORMAL_HOLD,327.00,239.50,314.38,280.185,217.053,400.513,278.625,218.113,400.000,269.573,212.228,394.413,-0.513,21.938,,,,,0,278.625,218.113,400.000,
1785142156.0571,PID,NORMAL_HOLD,327.25,239.62,313.50,280.417,216.962,401.048,278.625,218.113,400.000,268.728,212.735,392.390,-1.048,34.007,,,,,0,278.625,218.113,400.000,
1785142156.0600,PID,NORMAL_HOLD,327.30,239.67,313.62,280.455,217.025,400.978,278.625,218.113,400.000,269.362,212.138,392.990,-0.978,29.613,,,,,0,278.625,218.113,400.000,
1785142156.0647,PID,NORMAL_HOLD,327.30,239.67,313.50,280.455,217.018,401.051,278.625,218.113,400.000,269.884,212.213,393.130,-1.051,28.246,,,,,0,278.625,218.113,400.000,
1785142156.0716,PID,NORMAL_HOLD,327.50,239.50,312.62,280.638,217.118,401.586,278.625,218.113,400.000,269.125,211.664,391.508,-1.586,37.698,,,,,0,278.625,218.113,400.000,
1785142156.0741,PID,NORMAL_HOLD,327.00,239.50,312.50,280.178,217.143,401.668,278.625,218.113,400.000,272.367,211.786,391.238,-1.668,38.672,,,,,0,278.625,218.113,400.000,
1785142156.0803,PID,NORMAL_HOLD,327.00,239.40,312.55,280.176,217.212,401.638,278.625,218.113,400.000,271.438,211.617,392.172,-1.638,32.180,,,,,0,278.625,218.113,400.000,
1785142156.0862,PID,NORMAL_HOLD,327.20,239.25,313.00,280.356,217.372,401.360,278.625,218.113,400.000,269.909,210.955,394.582,-1.360,16.706,,,,,0,278.625,218.113,400.000,
1785142156.0888,PID,NORMAL_HOLD,327.00,239.12,312.50,280.162,217.511,401.671,278.625,218.113,400.000,271.259,210.762,394.293,-1.671,18.175,,,,,0,278.625,218.113,400.000,
1785142156.0953,PID,NORMAL_HOLD,326.69,239.08,312.47,279.878,217.569,401.697,278.625,218.113,400.000,272.485,211.088,394.439,-1.697,16.943,,,,,0,278.625,218.113,400.000,
1785142156.1014,PID,NORMAL_HOLD,326.50,239.00,312.50,279.699,217.621,401.679,278.625,218.113,400.000,272.511,211.286,395.085,-1.679,12.611,,,,,0,278.625,218.113,400.000,
1785142156.1044,PID,NORMAL_HOLD,326.88,238.88,312.83,280.047,217.728,401.470,278.625,218.113,400.000,269.606,211.063,396.575,-1.470,3.167,,,,,0,278.625,218.113,400.000,
1785142156.1091,PID,NORMAL_HOLD,326.50,238.76,313.22,279.693,217.791,401.237,278.625,218.113,400.000,272.000,211.193,398.361,-1.237,-7.943,,,,,0,278.625,218.113,400.000,
1785142156.1154,PID,NORMAL_HOLD,326.70,238.67,313.00,279.876,217.874,401.368,278.625,218.113,400.000,270.296,211.129,398.107,-1.368,-6.228,,,,,0,278.625,218.113,400.000,
1785142156.1194,PID,NORMAL_HOLD,326.50,238.55,313.00,279.691,217.917,401.370,278.625,218.113,400.000,271.480,211.303,397.892,-1.370,-4.793,,,,,0,278.625,218.113,400.000,
1785142156.1256,PID,NORMAL_HOLD,327.00,238.54,313.50,280.150,217.928,401.056,278.625,218.113,400.000,268.642,211.574,399.223,-1.056,-12.920,,,,,0,278.625,218.113,400.000,
1785142156.1329,PID,NORMAL_HOLD,327.30,238.72,313.52,280.426,217.861,401.044,278.625,218.113,400.000,268.735,211.964,399.385,-1.044,-13.664,,,,,0,278.625,218.113,400.000,
1785142156.1376,PID,NORMAL_HOLD,327.50,238.68,313.50,280.608,217.875,401.052,278.625,218.113,400.000,268.525,211.883,399.125,-1.052,-11.804,,,,,0,278.625,218.113,400.000,
1785142156.1429,PID,NORMAL_HOLD,327.50,238.68,313.50,280.609,217.860,401.051,278.625,218.113,400.000,269.431,212.010,398.851,-1.051,-9.904,,,,,0,278.625,218.113,400.000,
1785142156.1494,PID,NORMAL_HOLD,327.12,238.85,313.83,280.264,217.738,400.852,278.625,218.113,400.000,271.716,212.635,399.434,-0.852,-13.316,,,,,0,278.625,218.113,400.000,
1785142156.1525,PID,NORMAL_HOLD,327.50,238.89,313.83,280.612,217.738,400.849,278.625,218.113,400.000,269.149,212.322,399.338,-0.849,-12.476,,,,,0,278.625,218.113,400.000,
1785142156.1574,PID,NORMAL_HOLD,327.50,239.00,313.80,280.617,217.627,400.870,278.625,218.113,400.000,269.718,212.820,398.954,-0.870,-9.876,,,,,0,278.625,218.113,400.000,
1785142156.1653,PID,NORMAL_HOLD,327.50,239.00,314.00,280.622,217.568,400.743,278.625,218.113,400.000,270.005,212.755,398.716,-0.743,-8.112,,,,,0,278.625,218.113,400.000,
1785142156.1712,PID,NORMAL_HOLD,327.50,239.00,313.50,280.622,217.563,401.049,278.625,218.113,400.000,270.174,212.434,397.435,-1.049,-0.088,,,,,0,278.625,218.113,400.000,
1785142156.1763,PID,NORMAL_HOLD,327.88,239.15,313.54,280.979,217.405,401.020,278.625,218.113,400.000,268.221,213.151,396.942,-1.020,2.978,,,,,0,278.625,218.113,400.000,
1785142156.1832,PID,NORMAL_HOLD,327.50,239.32,313.00,280.633,217.274,401.354,278.625,218.113,400.000,270.231,213.012,395.418,-1.354,12.288,,,,,0,278.625,218.113,400.000,
1785142156.1891,PID,NORMAL_HOLD,327.50,239.32,313.44,280.636,217.238,401.080,278.625,218.113,400.000,270.264,212.786,396.375,-1.080,6.154,,,,,0,278.625,218.113,400.000,
1785142156.1921,PID,NORMAL_HOLD,327.50,239.32,313.43,280.636,217.239,401.088,278.625,218.113,400.000,270.298,212.471,396.816,-1.088,3.310,,,,,0,278.625,218.113,400.000,
1785142156.1994,PID,NORMAL_HOLD,327.50,239.50,313.00,280.633,217.189,401.356,278.625,218.113,400.000,270.330,212.588,395.748,-1.356,9.839,,,,,0,278.625,218.113,400.000,
1785142156.2030,PID,NORMAL_HOLD,327.50,239.50,312.90,280.638,217.133,401.413,278.625,218.113,400.000,270.306,212.700,395.306,-1.413,12.380,,,,,0,278.625,218.113,400.000,
1785142156.2075,PID,NORMAL_HOLD,327.00,239.50,312.50,280.180,217.112,401.667,278.625,218.113,400.000,272.901,212.564,394.362,-1.667,17.933,,,,,0,278.625,218.113,400.000,
1785142156.2162,PID,NORMAL_HOLD,327.00,239.50,312.50,280.180,217.112,401.667,278.625,218.113,400.000,271.683,212.383,394.160,-1.667,18.879,,,,,0,278.625,218.113,400.000,
1785142156.2192,PID,NORMAL_HOLD,326.50,239.50,312.50,279.723,217.090,401.673,278.625,218.113,400.000,273.686,212.420,394.604,-1.673,15.779,,,,,0,278.625,218.113,400.000,
1785142156.2222,PID,NORMAL_HOLD,326.69,239.43,312.54,279.893,217.130,401.646,278.625,218.113,400.000,271.210,212.094,395.305,-1.646,11.137,,,,,0,278.625,218.113,400.000,
1785142156.2287,PID,NORMAL_HOLD,326.50,239.45,312.50,279.721,217.141,401.674,278.625,218.113,400.000,271.827,212.087,395.532,-1.674,9.545,,,,,0,278.625,218.113,400.000,
1785142156.2347,PID,NORMAL_HOLD,326.50,239.24,313.00,279.720,217.247,401.364,278.625,218.113,400.000,271.221,211.596,397.288,-1.364,-1.454,,,,,0,278.625,218.113,400.000,
1785142156.2379,PID,NORMAL_HOLD,326.50,239.24,313.00,279.713,217.331,401.367,278.625,218.113,400.000,270.952,211.364,398.016,-1.367,-5.942,,,,,0,278.625,218.113,400.000,
1785142156.2441,PID,NORMAL_HOLD,326.09,239.14,313.50,279.336,217.352,401.063,278.625,218.113,400.000,272.941,211.632,399.500,-1.063,-14.982,,,,,0,278.625,218.113,400.000,
1785142156.2471,PID,NORMAL_HOLD,326.50,239.00,313.83,279.707,217.503,400.859,278.625,218.113,400.000,269.748,211.042,400.585,-0.859,-21.368,,,,,0,278.625,218.113,400.000,
1785142156.2536,PID,NORMAL_HOLD,326.50,239.00,314.20,279.706,217.520,400.631,278.625,218.113,400.000,270.184,211.468,401.901,-0.631,-29.144,,,,,0,278.625,218.113,400.000,
1785142156.2611,PID,NORMAL_HOLD,326.50,239.00,314.38,279.706,217.521,400.518,278.625,218.113,400.000,270.395,211.767,402.067,-0.518,-29.619,,,,,0,278.625,218.113,400.000,
1785142156.2642,PID,NORMAL_HOLD,326.00,239.00,314.50,279.248,217.498,400.451,278.625,218.113,400.000,272.975,212.053,401.847,-0.451,-27.716,,,,,0,278.625,218.113,400.000,
1785142156.2674,PID,NORMAL_HOLD,326.00,239.12,314.50,279.247,217.459,400.453,278.625,218.113,400.000,271.864,212.303,401.036,-0.453,-22.174,,,,,0,278.625,218.113,400.000,
1785142156.2745,PID,NORMAL_HOLD,326.26,239.11,314.50,279.485,217.475,400.450,278.625,218.113,400.000,270.007,212.115,400.367,-0.450,-17.642,,,,,0,278.625,218.113,400.000,
1785142156.2772,PID,NORMAL_HOLD,326.25,239.16,315.00,279.479,217.427,400.142,278.625,218.113,400.000,270.373,212.378,401.095,-0.142,-21.786,,,,,0,278.625,218.113,400.000,
1785142156.2837,PID,NORMAL_HOLD,326.13,239.22,314.83,279.366,217.392,400.249,278.625,218.113,400.000,271.121,212.432,400.484,-0.249,-17.626,,,,,0,278.625,218.113,400.000,
1785142156.2902,PID,NORMAL_HOLD,326.13,239.22,314.50,279.373,217.312,400.448,278.625,218.113,400.000,270.872,212.733,398.866,-0.448,-7.316,,,,,0,278.625,218.113,400.000,
1785142156.2946,PID,NORMAL_HOLD,326.50,239.32,314.50,279.713,217.286,400.446,278.625,218.113,400.000,268.989,212.580,398.131,-0.446,-2.645,,,,,0,278.625,218.113,400.000,
1785142156.2994,PID,NORMAL_HOLD,326.50,239.32,314.50,279.716,217.250,400.445,278.625,218.113,400.000,269.777,212.586,397.825,-0.445,-0.710,,,,,0,278.625,218.113,400.000,
1785142156.3066,PID,NORMAL_HOLD,326.30,239.33,314.04,279.533,217.201,400.730,278.625,218.113,400.000,271.196,212.643,396.208,-0.730,9.310,,,,,0,278.625,218.113,400.000,
1785142156.3114,PID,NORMAL_HOLD,326.39,239.46,313.50,279.624,217.113,401.060,278.625,218.113,400.000,270.449,212.880,394.550,-1.060,19.311,,,,,0,278.625,218.113,400.000,
1785142156.3164,PID,NORMAL_HOLD,326.50,239.50,313.00,279.723,217.081,401.366,278.625,218.113,400.000,269.956,212.729,392.449,-1.366,31.981,,,,,0,278.625,218.113,400.000,
1785142156.3232,PID,NORMAL_HOLD,326.50,239.50,312.90,279.723,217.081,401.428,278.625,218.113,400.000,270.275,212.474,392.361,-1.428,31.919,,,,,0,278.625,218.113,400.000,
1785142156.3246,PID,NORMAL_HOLD,326.50,239.50,312.50,279.724,217.082,401.673,278.625,218.113,400.000,270.433,212.344,391.884,-1.673,34.251,,,,,0,278.625,218.113,400.000,
1785142156.3305,PID,NORMAL_HOLD,326.50,239.50,312.00,279.723,217.087,401.980,278.625,218.113,400.000,270.514,212.250,390.933,-1.980,39.487,,,,,0,278.625,218.113,400.000,
1785142156.3372,PID,NORMAL_HOLD,326.50,239.47,312.00,279.722,217.117,401.981,278.625,218.113,400.000,270.561,212.072,391.685,-1.981,34.053,,,,,0,278.625,218.113,400.000,
1785142156.3385,PID,NORMAL_HOLD,326.50,239.47,311.50,279.718,217.165,402.290,278.625,218.113,400.000,270.595,211.893,390.851,-2.290,38.616,,,,,0,278.625,218.113,400.000,
1785142156.3431,PID,NORMAL_HOLD,326.50,239.47,311.00,279.718,217.174,402.597,278.625,218.113,400.000,270.597,211.994,390.207,-2.597,41.838,,,,,0,278.625,218.113,400.000,
1785142156.3494,PID,NORMAL_HOLD,326.50,239.47,311.50,279.716,217.197,402.291,278.625,218.113,400.000,270.605,211.970,392.284,-2.291,28.237,,,,,0,278.625,218.113,400.000,
1785142156.3522,PID,NORMAL_HOLD,326.21,239.31,311.00,279.450,217.298,402.602,278.625,218.113,400.000,272.105,211.502,392.167,-2.602,28.427,,,,,0,278.625,218.113,400.000,
1785142156.3588,PID,NORMAL_HOLD,326.00,239.32,311.00,279.257,217.279,402.606,278.625,218.113,400.000,272.439,211.935,392.888,-2.606,23.406,,,,,0,278.625,218.113,400.000,
1785142156.3657,PID,NORMAL_HOLD,326.50,239.13,310.50,279.712,217.395,402.903,278.625,218.113,400.000,269.056,211.408,391.807,-2.903,29.711,,,,,0,278.625,218.113,400.000,
1785142156.3699,PID,NORMAL_HOLD,326.50,239.13,310.50,279.708,217.446,402.905,278.625,218.113,400.000,269.846,211.480,392.325,-2.905,25.951,,,,,0,278.625,218.113,400.000,
1785142156.3737,PID,NORMAL_HOLD,326.50,239.13,310.50,279.705,217.483,402.906,278.625,218.113,400.000,270.236,211.586,393.112,-2.906,20.589,,,,,0,278.625,218.113,400.000,
1785142156.3823,PID,NORMAL_HOLD,326.09,239.12,311.00,279.329,217.461,402.605,278.625,218.113,400.000,272.462,211.968,395.307,-2.605,6.644,,,,,0,278.625,218.113,400.000,
1785142156.3835,PID,NORMAL_HOLD,326.50,239.00,311.00,279.702,217.582,402.599,278.625,218.113,400.000,269.419,211.336,396.240,-2.599,0.756,,,,,0,278.625,218.113,400.000,
1785142156.3882,PID,NORMAL_HOLD,326.50,239.00,311.50,279.700,217.602,402.293,278.625,218.113,400.000,270.015,211.595,397.941,-2.293,-9.730,,,,,0,278.625,218.113,400.000,
1785142156.3948,PID,NORMAL_HOLD,326.50,239.00,311.50,279.700,217.602,402.293,278.625,218.113,400.000,270.304,211.832,398.511,-2.293,-13.096,,,,,0,278.625,218.113,400.000,
1785142156.3981,PID,NORMAL_HOLD,326.46,239.00,311.50,279.662,217.600,402.293,278.625,218.113,400.000,270.659,211.962,398.345,-2.293,-11.836,,,,,0,278.625,218.113,400.000,
1785142156.4031,PID,NORMAL_HOLD,326.50,239.00,312.10,279.699,217.617,401.924,278.625,218.113,400.000,270.420,211.919,399.887,-1.924,-21.156,,,,,0,278.625,218.113,400.000,
1785142156.4092,PID,NORMAL_HOLD,326.50,239.00,312.10,279.699,217.617,401.923,278.625,218.113,400.000,270.505,211.993,399.870,-1.923,-20.648,,,,,0,278.625,218.113,400.000,
1785142156.4133,PID,NORMAL_HOLD,326.50,239.00,312.50,279.701,217.596,401.678,278.625,218.113,400.000,270.540,212.141,400.485,-1.678,-24.037,,,,,0,278.625,218.113,400.000,
1785142156.4183,PID,NORMAL_HOLD,326.50,239.00,312.50,279.701,217.596,401.678,278.625,218.113,400.000,270.565,212.106,400.406,-1.678,-23.141,,,,,0,278.625,218.113,400.000,
1785142156.4247,PID,NORMAL_HOLD,326.50,239.00,312.50,279.701,217.596,401.678,278.625,218.113,400.000,270.577,212.089,399.688,-1.678,-18.263,,,,,0,278.625,218.113,400.000,
1785142156.4276,PID,NORMAL_HOLD,326.50,239.00,313.00,279.702,217.570,401.370,278.625,218.113,400.000,270.573,212.227,400.699,-1.370,-24.203,,,,,0,278.625,218.113,400.000,
1785142156.4339,PID,NORMAL_HOLD,326.50,239.00,313.00,279.702,217.570,401.370,278.625,218.113,400.000,270.580,212.154,400.394,-1.370,-21.865,,,,,0,278.625,218.113,400.000,
1785142156.4397,PID,NORMAL_HOLD,327.00,239.12,313.00,280.160,217.541,401.365,278.625,218.113,400.000,267.847,212.293,399.859,-1.365,-18.166,,,,,0,278.625,218.113,400.000,
1785142156.4427,PID,NORMAL_HOLD,327.00,239.12,313.17,280.163,217.496,401.257,278.625,218.113,400.000,269.127,212.452,399.727,-1.257,-17.009,,,,,0,278.625,218.113,400.000,
1785142156.4492,PID,NORMAL_HOLD,326.91,239.12,313.00,280.085,217.489,401.364,278.625,218.113,400.000,270.229,212.317,398.811,-1.364,-11.044,,,,,0,278.625,218.113,400.000,
1785142156.4555,PID,NORMAL_HOLD,326.91,239.12,313.00,280.085,217.489,401.364,278.625,218.113,400.000,270.349,212.212,398.240,-1.364,-7.318,,,,,0,278.625,218.113,400.000,
1785142156.4580,PID,NORMAL_HOLD,327.00,239.15,312.83,280.165,217.466,401.470,278.625,218.113,400.000,269.911,212.307,397.368,-1.470,-1.805,,,,,0,278.625,218.113,400.000,
1785142156.4640,PID,NORMAL_HOLD,327.50,239.13,312.83,280.622,217.498,401.463,278.625,218.113,400.000,267.854,212.044,397.041,-1.463,0.238,,,,,0,278.625,218.113,400.000,
1785142156.4708,PID,NORMAL_HOLD,327.50,239.13,312.50,280.622,217.484,401.663,278.625,218.113,400.000,269.074,212.164,395.968,-1.663,6.855,,,,,0,278.625,218.113,400.000,
1785142156.4737,PID,NORMAL_HOLD,326.91,239.14,312.50,280.085,217.461,401.671,278.625,218.113,400.000,272.615,212.260,395.698,-1.671,8.387,,,,,0,278.625,218.113,400.000,
1785142156.4784,PID,NORMAL_HOLD,327.00,239.15,311.50,280.164,217.467,402.283,278.625,218.113,400.000,271.077,212.152,392.786,-2.283,26.205,,,,,0,278.625,218.113,400.000,
1785142156.4848,PID,NORMAL_HOLD,326.91,239.14,311.99,280.086,217.441,401.984,278.625,218.113,400.000,271.187,212.278,393.828,-1.984,19.277,,,,,0,278.625,218.113,400.000,
1785142156.4889,PID,NORMAL_HOLD,326.91,239.14,311.99,280.086,217.441,401.984,278.625,218.113,400.000,270.825,212.201,394.655,-1.984,13.793,,,,,0,278.625,218.113,400.000,
1785142156.4940,PID,NORMAL_HOLD,326.91,239.12,311.83,280.085,217.480,402.084,278.625,218.113,400.000,270.651,211.938,394.659,-2.084,13.526,,,,,0,278.625,218.113,400.000,
1785142156.5005,PID,NORMAL_HOLD,326.88,239.15,311.92,280.054,217.479,402.026,278.625,218.113,400.000,270.728,212.032,395.327,-2.026,9.145,,,,,0,278.625,218.113,400.000,
1785142156.5050,PID,NORMAL_HOLD,326.88,239.12,311.90,280.057,217.489,402.043,278.625,218.113,400.000,270.582,212.012,395.664,-2.043,6.888,,,,,0,278.625,218.113,400.000,
1785142156.5118,PID,NORMAL_HOLD,326.88,239.15,311.71,280.051,217.509,402.155,278.625,218.113,400.000,270.556,211.953,395.441,-2.155,8.118,,,,,0,278.625,218.113,400.000,
1785142156.5179,PID,NORMAL_HOLD,326.88,239.12,311.50,280.054,217.520,402.287,278.625,218.113,400.000,270.497,211.970,394.862,-2.287,11.538,,,,,0,278.625,218.113,400.000,
1785142156.5190,PID,NORMAL_HOLD,326.88,239.12,311.82,280.053,217.540,402.092,278.625,218.113,400.000,270.491,211.923,395.868,-2.092,5.105,,,,,0,278.625,218.113,400.000,
1785142156.5255,PID,NORMAL_HOLD,327.00,239.12,312.20,280.162,217.509,401.854,278.625,218.113,400.000,269.853,212.187,397.520,-1.854,-5.199,,,,,0,278.625,218.113,400.000,
1785142156.5322,PID,NORMAL_HOLD,326.50,239.00,312.00,279.702,217.576,401.984,278.625,218.113,400.000,272.635,211.782,397.334,-1.984,-3.956,,,,,0,278.625,218.113,400.000,
1785142156.5373,PID,NORMAL_HOLD,327.00,239.00,312.47,280.161,217.575,401.687,278.625,218.113,400.000,269.005,211.941,398.612,-1.687,-11.771,,,,,0,278.625,218.113,400.000,
1785142156.5410,PID,NORMAL_HOLD,326.50,239.00,312.20,279.706,217.532,401.859,278.625,218.113,400.000,272.188,212.246,397.989,-1.859,-7.718,,,,,0,278.625,218.113,400.000,
1785142156.5489,PID,NORMAL_HOLD,327.00,239.00,313.00,280.160,217.595,401.364,278.625,218.113,400.000,268.820,211.818,399.893,-1.364,-19.305,,,,,0,278.625,218.113,400.000,
1785142156.5501,PID,NORMAL_HOLD,327.00,239.00,313.00,280.158,217.618,401.364,278.625,218.113,400.000,269.636,211.821,400.232,-1.364,-21.053,,,,,0,278.625,218.113,400.000,
1785142156.5575,PID,NORMAL_HOLD,327.00,239.00,313.83,280.159,217.604,400.856,278.625,218.113,400.000,270.027,212.026,401.955,-0.856,-31.209,,,,,0,278.625,218.113,400.000,
1785142156.5664,PID,NORMAL_HOLD,327.00,239.00,313.50,280.160,217.589,401.056,278.625,218.113,400.000,270.223,212.133,401.364,-1.056,-27.037,,,,,0,278.625,218.113,400.000,
1785142156.5684,PID,NORMAL_HOLD,327.00,239.00,314.00,280.160,217.589,400.750,278.625,218.113,400.000,270.326,212.110,401.745,-0.750,-28.850,,,,,0,278.625,218.113,400.000,
1785142156.5719,PID,NORMAL_HOLD,327.00,239.00,314.39,280.163,217.562,400.511,278.625,218.113,400.000,270.365,212.255,402.329,-0.511,-31.886,,,,,0,278.625,218.113,400.000,
1785142156.5785,PID,NORMAL_HOLD,327.27,239.05,314.30,280.412,217.543,400.565,278.625,218.113,400.000,268.920,212.286,401.812,-0.565,-28.135,,,,,0,278.625,218.113,400.000,
1785142156.5829,PID,NORMAL_HOLD,327.19,239.11,314.00,280.340,217.501,400.747,278.625,218.113,400.000,269.994,212.406,400.014,-0.747,-16.511,,,,,0,278.625,218.113,400.000,
1785142156.5867,PID,NORMAL_HOLD,327.48,239.11,314.00,280.600,217.505,400.744,278.625,218.113,400.000,268.659,212.230,398.985,-0.744,-9.845,,,,,0,278.625,218.113,400.000,
1785142156.5934,PID,NORMAL_HOLD,327.00,239.12,314.50,280.166,217.463,400.442,278.625,218.113,400.000,272.048,212.423,400.225,-0.442,-17.399,,,,,0,278.625,218.113,400.000,
1785142156.5946,PID,NORMAL_HOLD,327.20,239.22,314.50,280.353,217.416,400.441,278.625,218.113,400.000,270.168,212.542,400.071,-0.441,-16.132,,,,,0,278.625,218.113,400.000,
1785142156.5997,PID,NORMAL_HOLD,327.13,239.22,314.00,280.289,217.366,400.746,278.625,218.113,400.000,270.605,212.603,398.157,-0.746,-4.024,,,,,0,278.625,218.113,400.000,
1785142156.6061,PID,NORMAL_HOLD,327.30,239.33,313.46,280.452,217.216,401.074,278.625,218.113,400.000,269.616,213.189,395.890,-1.074,10.020,,,,,0,278.625,218.113,400.000,
1785142156.6109,PID,NORMAL_HOLD,327.21,239.34,314.04,280.367,217.244,400.721,278.625,218.113,400.000,270.483,212.524,396.956,-0.721,3.251,,,,,0,278.625,218.113,400.000,
1785142156.6157,PID,NORMAL_HOLD,327.30,239.36,313.54,280.450,217.207,401.022,278.625,218.113,400.000,269.953,212.565,396.024,-1.022,8.919,,,,,0,278.625,218.113,400.000,
1785142156.6224,PID,NORMAL_HOLD,327.00,239.50,313.53,280.179,217.126,401.036,278.625,218.113,400.000,271.541,212.803,395.689,-1.036,10.838,,,,,0,278.625,218.113,400.000,
1785142156.6253,PID,NORMAL_HOLD,326.79,239.52,313.50,279.992,217.060,401.054,278.625,218.113,400.000,272.113,212.918,395.841,-1.054,9.682,,,,,0,278.625,218.113,400.000,
1785142156.6325,PID,NORMAL_HOLD,326.99,239.54,313.50,280.173,217.062,401.053,278.625,218.113,400.000,270.285,212.571,396.032,-1.053,8.330,,,,,0,278.625,218.113,400.000,
1785142156.6386,PID,NORMAL_HOLD,326.05,239.57,313.50,279.316,217.001,401.063,278.625,218.113,400.000,275.030,212.741,396.265,-1.063,6.728,,,,,0,278.625,218.113,400.000,
1785142156.6397,PID,NORMAL_HOLD,326.01,239.58,313.50,279.277,216.994,401.064,278.625,218.113,400.000,273.071,212.541,396.503,-1.064,5.131,,,,,0,278.625,218.113,400.000,
1785142156.6470,PID,NORMAL_HOLD,326.00,239.50,313.54,279.266,217.050,401.042,278.625,218.113,400.000,271.938,212.097,396.803,-1.042,3.185,,,,,0,278.625,218.113,400.000,
1785142156.6547,PID,NORMAL_HOLD,326.00,239.54,313.54,279.266,217.032,401.042,278.625,218.113,400.000,271.312,212.272,396.982,-1.042,2.014,,,,,0,278.625,218.113,400.000,
1785142156.6582,PID,NORMAL_HOLD,326.00,239.50,313.50,279.266,217.050,401.064,278.625,218.113,400.000,271.000,212.166,396.984,-1.064,1.958,,,,,0,278.625,218.113,400.000,
1785142156.6635,PID,NORMAL_HOLD,325.71,239.45,314.00,278.997,217.086,400.760,278.625,218.113,400.000,272.278,212.016,398.542,-0.760,-7.705,,,,,0,278.625,218.113,400.000,
1785142156.6691,PID,NORMAL_HOLD,325.30,239.33,314.00,278.620,217.129,400.763,278.625,218.113,400.000,273.730,211.879,398.841,-0.763,-9.400,,,,,0,278.625,218.113,400.000,
1785142156.6722,PID,NORMAL_HOLD,325.30,239.33,314.00,278.615,217.188,400.765,278.625,218.113,400.000,272.331,211.739,398.756,-0.765,-8.704,,,,,0,278.625,218.113,400.000,
1785142156.6773,PID,NORMAL_HOLD,325.30,239.33,314.49,278.614,217.187,400.463,278.625,218.113,400.000,271.612,211.980,399.559,-0.463,-13.398,,,,,0,278.625,218.113,400.000,
1785142156.6842,PID,NORMAL_HOLD,325.50,239.32,314.50,278.800,217.205,400.454,278.625,218.113,400.000,270.222,212.000,400.442,-0.454,-18.730,,,,,0,278.625,218.113,400.000,
1785142156.6872,PID,NORMAL_HOLD,325.50,239.32,315.50,278.796,217.230,399.839,278.625,218.113,400.000,270.545,211.963,403.001,0.161,-34.189,,,,,0,278.625,218.113,400.000,
1785142156.6926,PID,NORMAL_HOLD,325.50,239.18,315.50,278.796,217.290,399.837,278.625,218.113,400.000,270.688,211.748,403.005,0.163,-33.556,,,,,0,278.625,218.113,400.000,
1785142156.6992,PID,NORMAL_HOLD,325.50,239.11,315.50,278.796,217.326,399.836,278.625,218.113,400.000,270.759,211.769,402.359,0.164,-28.951,,,,,0,278.625,218.113,400.000,
1785142156.7026,PID,NORMAL_HOLD,325.50,239.11,315.73,278.796,217.317,399.696,278.625,218.113,400.000,270.792,212.020,402.155,0.304,-27.156,,,,,0,278.625,218.113,400.000,
1785142156.7081,PID,NORMAL_HOLD,325.53,239.11,315.50,278.820,217.325,399.836,278.625,218.113,400.000,270.677,212.056,400.779,0.164,-18.153,,,,,0,278.625,218.113,400.000,
1785142156.7155,PID,NORMAL_HOLD,325.53,239.11,315.50,278.820,217.325,399.836,278.625,218.113,400.000,270.749,212.115,399.822,0.164,-11.897,,,,,0,278.625,218.113,400.000,
1785142156.7167,PID,NORMAL_HOLD,326.13,239.22,316.45,279.366,217.380,399.251,278.625,218.113,400.000,267.553,211.816,402.443,0.749,-27.930,,,,,0,278.625,218.113,400.000,
1785142156.7217,PID,NORMAL_HOLD,326.00,239.00,316.43,279.248,217.473,399.264,278.625,218.113,400.000,269.763,211.472,402.402,0.736,-27.147,,,,,0,278.625,218.113,400.000,
1785142156.7285,PID,NORMAL_HOLD,326.19,239.11,315.96,279.425,217.424,399.550,278.625,218.113,400.000,269.223,212.077,400.432,0.450,-14.486,,,,,0,278.625,218.113,400.000,
1785142156.7337,PID,NORMAL_HOLD,326.50,239.11,315.95,279.706,217.471,399.558,278.625,218.113,400.000,268.490,211.870,399.356,0.442,-7.571,,,,,0,278.625,218.113,400.000,
1785142156.7365,PID,NORMAL_HOLD,326.50,239.11,315.74,279.706,217.465,399.688,278.625,218.113,400.000,269.517,212.040,398.114,0.312,0.248,,,,,0,278.625,218.113,400.000,
1785142156.7422,PID,NORMAL_HOLD,326.50,239.00,314.98,279.707,217.499,400.152,278.625,218.113,400.000,270.028,211.901,395.527,-0.152,16.202,,,,,0,278.625,218.113,400.000,
1785142156.7476,PID,NORMAL_HOLD,327.00,239.00,315.17,280.165,217.538,400.027,278.625,218.113,400.000,267.860,211.802,395.630,-0.027,15.244,,,,,0,278.625,218.113,400.000,
1785142156.7527,PID,NORMAL_HOLD,327.00,239.00,315.00,280.160,217.606,400.137,278.625,218.113,400.000,269.166,211.566,395.305,-0.137,16.989,,,,,0,278.625,218.113,400.000,
1785142156.7590,PID,NORMAL_HOLD,327.00,239.00,314.78,280.161,217.583,400.274,278.625,218.113,400.000,269.780,211.956,394.988,-0.274,18.625,,,,,0,278.625,218.113,400.000,
1785142156.7635,PID,NORMAL_HOLD,327.00,239.00,314.77,280.159,217.607,400.278,278.625,218.113,400.000,270.105,211.906,395.370,-0.278,15.896,,,,,0,278.625,218.113,400.000,
1785142156.7693,PID,NORMAL_HOLD,326.50,239.00,314.50,279.701,217.584,400.448,278.625,218.113,400.000,273.044,212.141,394.817,-0.448,19.048,,,,,0,278.625,218.113,400.000,
1785142156.7762,PID,NORMAL_HOLD,326.50,239.00,314.00,279.701,217.587,400.756,278.625,218.113,400.000,271.797,212.105,393.797,-0.756,24.952,,,,,0,278.625,218.113,400.000,
1785142156.7780,PID,NORMAL_HOLD,326.72,238.88,314.10,279.899,217.689,400.693,278.625,218.113,400.000,270.016,211.508,394.176,-0.693,22.152,,,,,0,278.625,218.113,400.000,
1785142156.7838,PID,NORMAL_HOLD,326.72,238.84,314.00,279.901,217.713,400.753,278.625,218.113,400.000,270.243,211.652,394.538,-0.753,19.506,,,,,0,278.625,218.113,400.000,
1785142156.7904,PID,NORMAL_HOLD,326.50,238.76,314.45,279.696,217.756,400.477,278.625,218.113,400.000,271.427,211.639,396.417,-0.477,7.544,,,,,0,278.625,218.113,400.000,
1785142156.7916,PID,NORMAL_HOLD,326.50,238.76,314.45,279.695,217.765,400.478,278.625,218.113,400.000,270.992,211.786,397.283,-0.478,2.053,,,,,0,278.625,218.113,400.000,
1785142156.7993,PID,NORMAL_HOLD,326.50,238.68,314.45,279.695,217.801,400.477,278.625,218.113,400.000,270.771,211.715,397.627,-0.477,-0.106,,,,,0,278.625,218.113,400.000,
1785142156.8060,PID,NORMAL_HOLD,326.13,238.76,314.44,279.354,217.797,400.490,278.625,218.113,400.000,272.453,211.898,397.681,-0.490,-0.439,,,,,0,278.625,218.113,400.000,
1785142156.8074,PID,NORMAL_HOLD,326.50,238.68,314.50,279.689,217.882,400.450,278.625,218.113,400.000,269.539,211.459,397.906,-0.450,-1.827,,,,,0,278.625,218.113,400.000,
1785142156.8147,PID,NORMAL_HOLD,326.29,238.61,315.20,279.498,217.921,400.020,278.625,218.113,400.000,271.086,211.517,399.971,-0.020,-14.526,,,,,0,278.625,218.113,400.000,
1785142156.8213,PID,NORMAL_HOLD,326.29,238.59,315.50,279.493,217.971,399.838,278.625,218.113,400.000,270.868,211.503,401.182,0.162,-21.704,,,,,0,278.625,218.113,400.000,
1785142156.8227,PID,NORMAL_HOLD,326.29,238.41,316.20,279.496,218.009,399.402,278.625,218.113,400.000,270.721,211.517,403.459,0.598,-35.386,,,,,0,278.625,218.113,400.000,
1785142156.8285,PID,NORMAL_HOLD,326.29,238.50,316.56,279.489,217.975,399.184,278.625,218.113,400.000,270.699,211.928,404.309,0.816,-39.944,,,,,0,278.625,218.113,400.000,
1785142156.8353,PID,NORMAL_HOLD,326.29,238.50,316.50,279.492,217.944,399.219,278.625,218.113,400.000,270.639,212.143,403.739,0.781,-35.703,,,,,0,278.625,218.113,400.000,
1785142156.8381,PID,NORMAL_HOLD,326.29,238.50,317.45,279.486,218.019,398.637,278.625,218.113,400.000,270.657,211.639,405.473,1.363,-45.737,,,,,0,278.625,218.113,400.000,
1785142156.8434,PID,NORMAL_HOLD,326.50,238.50,317.50,279.689,217.949,398.603,278.625,218.113,400.000,269.515,212.192,405.269,1.397,-43.632,,,,,0,278.625,218.113,400.000,
1785142156.8508,PID,NORMAL_HOLD,326.50,238.50,318.00,279.684,218.010,398.298,278.625,218.113,400.000,270.055,211.760,405.509,1.702,-44.251,,,,,0,278.625,218.113,400.000,
1785142156.8520,PID,NORMAL_HOLD,326.50,238.50,318.00,279.689,217.946,398.296,278.625,218.113,400.000,270.272,212.242,404.850,1.704,-39.386,,,,,0,278.625,218.113,400.000,
1785142156.8595,PID,NORMAL_HOLD,326.50,238.50,318.50,279.689,217.943,397.988,278.625,218.113,400.000,270.407,212.133,405.192,2.012,-40.770,,,,,0,278.625,218.113,400.000,
1785142156.8660,PID,NORMAL_HOLD,326.50,238.50,318.50,279.689,217.943,397.988,278.625,218.113,400.000,270.475,212.064,404.344,2.012,-34.768,,,,,0,278.625,218.113,400.000,
1785142156.8689,PID,NORMAL_HOLD,326.50,238.50,318.50,279.689,217.943,397.988,278.625,218.113,400.000,270.509,212.029,403.253,2.012,-27.371,,,,,0,278.625,218.113,400.000,
1785142156.8718,PID,NORMAL_HOLD,326.50,238.50,317.50,279.694,217.885,398.601,278.625,218.113,400.000,270.500,212.333,399.321,1.399,-2.593,,,,,0,278.625,218.113,400.000,
1785142156.8778,PID,NORMAL_HOLD,326.50,238.50,317.44,279.691,217.917,398.639,278.625,218.113,400.000,270.533,211.997,397.718,1.361,7.341,,,,,0,278.625,218.113,400.000,
1785142156.8819,PID,NORMAL_HOLD,326.30,238.67,317.50,279.501,217.861,398.606,278.625,218.113,400.000,271.532,212.296,397.400,1.394,9.176,,,,,0,278.625,218.113,400.000,
1785142156.8869,PID,NORMAL_HOLD,326.24,238.68,317.00,279.452,217.857,398.914,278.625,218.113,400.000,271.372,212.185,395.995,1.086,17.693,,,,,0,278.625,218.113,400.000,
1785142156.8939,PID,NORMAL_HOLD,326.26,238.68,316.80,279.474,217.841,399.037,278.625,218.113,400.000,270.876,212.188,395.410,0.963,20.952,,,,,0,278.625,218.113,400.000,
1785142156.8965,PID,NORMAL_HOLD,326.14,238.70,317.04,279.364,217.769,398.885,278.625,218.113,400.000,271.359,212.508,396.338,1.115,14.841,,,,,0,278.625,218.113,400.000,
1785142156.9028,PID,NORMAL_HOLD,326.50,238.82,316.50,279.696,217.728,399.219,278.625,218.113,400.000,269.074,212.519,395.306,0.781,20.952,,,,,0,278.625,218.113,400.000,
1785142156.9101,PID,NORMAL_HOLD,326.09,238.77,316.00,279.326,217.701,399.527,278.625,218.113,400.000,271.883,212.439,394.018,0.473,28.508,,,,,0,278.625,218.113,400.000,
1785142156.9133,PID,NORMAL_HOLD,326.47,238.89,316.00,279.674,217.665,399.526,278.625,218.113,400.000,269.338,212.453,394.354,0.474,25.860,,,,,0,278.625,218.113,400.000,
1785142156.9187,PID,NORMAL_HOLD,326.47,238.89,315.50,279.676,217.648,399.833,278.625,218.113,400.000,269.933,212.352,393.294,0.167,31.956,,,,,0,278.625,218.113,400.000,
1785142156.9247,PID,NORMAL_HOLD,326.00,238.88,315.50,279.241,217.628,399.836,278.625,218.113,400.000,273.017,212.347,393.653,0.164,29.159,,,,,0,278.625,218.113,400.000,
1785142156.9271,PID,NORMAL_HOLD,326.00,239.00,315.50,279.241,217.573,399.838,278.625,218.113,400.000,271.843,212.525,394.588,0.162,22.819,,,,,0,278.625,218.113,400.000,
1785142156.9321,PID,NORMAL_HOLD,325.74,238.89,315.00,279.002,217.612,400.146,278.625,218.113,400.000,272.593,212.100,393.644,-0.146,28.271,,,,,0,278.625,218.113,400.000,
1785142156.9388,PID,NORMAL_HOLD,325.52,238.89,315.00,278.806,217.599,400.148,278.625,218.113,400.000,272.744,212.171,394.099,-0.148,24.933,,,,,0,278.625,218.113,400.000,
1785142156.9431,PID,NORMAL_HOLD,325.53,238.89,314.76,278.807,217.604,400.294,278.625,218.113,400.000,271.768,212.110,394.206,-0.294,23.782,,,,,0,278.625,218.113,400.000,
1785142156.9481,PID,NORMAL_HOLD,325.52,238.89,315.00,278.804,217.622,400.149,278.625,218.113,400.000,271.301,212.004,395.359,-0.149,16.235,,,,,0,278.625,218.113,400.000,
1785142156.9558,PID,NORMAL_HOLD,325.50,238.89,314.76,278.782,217.614,400.296,278.625,218.113,400.000,271.186,212.097,395.467,-0.296,15.262,,,,,0,278.625,218.113,400.000,
1785142156.9570,PID,NORMAL_HOLD,325.50,238.89,314.50,278.781,217.628,400.458,278.625,218.113,400.000,271.002,212.023,395.056,-0.458,17.512,,,,,0,278.625,218.113,400.000,
1785142156.9621,PID,NORMAL_HOLD,325.91,238.77,314.51,279.146,217.781,400.446,278.625,218.113,400.000,268.656,211.119,395.371,-0.446,15.240,,,,,0,278.625,218.113,400.000,
1785142156.9674,PID,NORMAL_HOLD,325.91,238.78,314.51,279.148,217.774,400.449,278.625,218.113,400.000,269.672,211.619,395.842,-0.449,12.037,,,,,0,278.625,218.113,400.000,
1785142156.9715,PID,NORMAL_HOLD,326.00,238.69,314.50,279.231,217.855,400.455,278.625,218.113,400.000,269.718,211.382,396.178,-0.455,9.748,,,,,0,278.625,218.113,400.000,
1785142156.9786,PID,NORMAL_HOLD,326.05,238.68,314.81,279.272,217.858,400.262,278.625,218.113,400.000,269.960,211.682,397.484,-0.262,1.506,,,,,0,278.625,218.113,400.000,
1785142156.9861,PID,NORMAL_HOLD,326.29,238.61,314.50,279.497,217.932,400.452,278.625,218.113,400.000,269.053,211.444,397.066,-0.452,4.053,,,,,0,278.625,218.113,400.000,
1785142156.9892,PID,NORMAL_HOLD,326.29,238.41,314.55,279.491,218.088,400.423,278.625,218.113,400.000,269.855,210.925,397.140,-0.423,3.519,,,,,0,278.625,218.113,400.000,
1785142156.9924,PID,NORMAL_HOLD,326.50,238.32,315.00,279.678,218.178,400.143,278.625,218.113,400.000,269.083,210.895,398.518,-0.143,-5.032,,,,,0,278.625,218.113,400.000,
1785142156.9994,PID,NORMAL_HOLD,326.50,238.32,314.50,279.676,218.203,400.451,278.625,218.113,400.000,269.819,211.277,397.456,-0.451,1.616,,,,,0,278.625,218.113,400.000,
1785142157.0036,PID,NORMAL_HOLD,326.87,238.22,314.50,280.016,218.267,400.447,278.625,218.113,400.000,268.150,211.222,397.124,-0.447,3.639,,,,,0,278.625,218.113,400.000,
1785142157.0087,PID,NORMAL_HOLD,326.87,238.22,313.50,280.019,218.228,401.059,278.625,218.113,400.000,269.277,211.775,394.427,-1.059,20.144,,,,,0,278.625,218.113,400.000,
1785142157.0164,PID,NORMAL_HOLD,327.27,238.05,313.75,280.379,218.400,400.901,278.625,218.113,400.000,267.859,210.891,394.340,-0.901,20.337,,,,,0,278.625,218.113,400.000,
1785142157.0204,PID,NORMAL_HOLD,327.00,238.12,313.49,280.129,218.383,401.065,278.625,218.113,400.000,270.500,211.470,394.200,-1.065,20.789,,,,,0,278.625,218.113,400.000,
1785142157.0263,PID,NORMAL_HOLD,327.00,238.12,313.00,280.130,218.367,401.367,278.625,218.113,400.000,270.444,211.751,392.884,-1.367,28.557,,,,,0,278.625,218.113,400.000,
1785142157.0329,PID,NORMAL_HOLD,327.00,238.12,312.00,280.129,218.373,401.981,278.625,218.113,400.000,270.422,211.794,392.578,-1.981,29.344,,,,,0,278.625,218.113,400.000,
1785142157.0367,PID,NORMAL_HOLD,326.91,238.14,312.00,280.050,218.341,401.982,278.625,218.113,400.000,270.864,212.014,391.417,-1.982,35.957,,,,,0,278.625,218.113,400.000,
1785142157.0430,PID,NORMAL_HOLD,326.96,238.16,311.77,280.098,218.312,402.122,278.625,218.113,400.000,270.384,212.100,391.078,-2.122,37.387,,,,,0,278.625,218.113,400.000,
1785142157.0488,PID,NORMAL_HOLD,326.89,238.36,311.00,280.028,218.220,402.598,278.625,218.113,400.000,270.806,212.536,390.059,-2.598,42.851,,,,,0,278.625,218.113,400.000,
1785142157.0527,PID,NORMAL_HOLD,326.50,238.50,311.46,279.679,218.093,402.323,278.625,218.113,400.000,272.508,212.913,391.343,-2.323,34.182,,,,,0,278.625,218.113,400.000,
1785142157.0572,PID,NORMAL_HOLD,326.86,238.50,311.50,280.015,218.062,402.289,278.625,218.113,400.000,269.573,212.612,392.924,-2.289,23.782,,,,,0,278.625,218.113,400.000,
1785142157.0658,PID,NORMAL_HOLD,326.83,238.61,311.50,279.987,218.010,402.291,278.625,218.113,400.000,270.150,212.573,394.041,-2.291,16.431,,,,,0,278.625,218.113,400.000,
1785142157.0687,PID,NORMAL_HOLD,326.50,238.76,311.50,279.693,217.802,402.293,278.625,218.113,400.000,271.922,213.428,394.752,-2.293,11.731,,,,,0,278.625,218.113,400.000,
1785142157.0733,PID,NORMAL_HOLD,326.88,238.85,311.46,280.044,217.734,402.314,278.625,218.113,400.000,269.365,213.092,395.177,-2.314,8.883,,,,,0,278.625,218.113,400.000,
1785142157.0826,PID,NORMAL_HOLD,326.50,239.00,311.50,279.700,217.602,402.293,278.625,218.113,400.000,271.945,213.368,395.636,-2.293,5.876,,,,,0,278.625,218.113,400.000,
1785142157.0844,PID,NORMAL_HOLD,326.50,239.00,311.99,279.699,217.622,401.993,278.625,218.113,400.000,271.241,212.623,397.365,-1.993,-4.908,,,,,0,278.625,218.113,400.000,
1785142157.0892,PID,NORMAL_HOLD,326.50,239.00,312.50,279.701,217.596,401.678,278.625,218.113,400.000,270.869,212.501,399.440,-1.678,-17.637,,,,,0,278.625,218.113,400.000,
1785142157.0966,PID,NORMAL_HOLD,326.19,239.11,312.46,279.421,217.509,401.705,278.625,218.113,400.000,272.301,212.805,399.511,-1.705,-17.722,,,,,0,278.625,218.113,400.000,
1785142157.0996,PID,NORMAL_HOLD,326.50,239.00,312.77,279.701,217.585,401.513,278.625,218.113,400.000,269.902,212.047,400.271,-1.513,-22.116,,,,,0,278.625,218.113,400.000,
1785142157.1051,PID,NORMAL_HOLD,326.50,239.00,313.10,279.702,217.570,401.307,278.625,218.113,400.000,270.203,212.163,401.005,-1.307,-26.255,,,,,0,278.625,218.113,400.000,
1785142157.1117,PID,NORMAL_HOLD,326.50,239.00,313.38,279.702,217.570,401.139,278.625,218.113,400.000,270.359,212.139,401.423,-1.139,-28.335,,,,,0,278.625,218.113,400.000,
1785142157.1144,PID,NORMAL_HOLD,326.50,239.00,313.50,279.701,217.590,401.063,278.625,218.113,400.000,270.446,212.012,401.216,-1.063,-26.512,,,,,0,278.625,218.113,400.000,
1785142157.1190,PID,NORMAL_HOLD,326.50,238.89,313.99,279.699,217.658,400.763,278.625,218.113,400.000,270.491,211.676,402.296,-0.763,-32.735,,,,,0,278.625,218.113,400.000,
1785142157.1256,PID,NORMAL_HOLD,326.52,238.89,314.00,279.720,217.677,400.756,278.625,218.113,400.000,270.383,211.774,401.821,-0.756,-29.194,,,,,0,278.625,218.113,400.000,
1785142157.1307,PID,NORMAL_HOLD,326.69,238.72,313.50,279.874,217.771,401.059,278.625,218.113,400.000,269.584,211.402,399.537,-1.059,-14.555,,,,,0,278.625,218.113,400.000,
1785142157.1352,PID,NORMAL_HOLD,326.50,238.68,313.82,279.691,217.851,400.867,278.625,218.113,400.000,270.966,211.315,399.317,-0.867,-12.928,,,,,0,278.625,218.113,400.000,
1785142157.1417,PID,NORMAL_HOLD,326.97,238.51,314.00,280.120,217.988,400.751,278.625,218.113,400.000,268.181,210.856,399.536,-0.751,-14.048,,,,,0,278.625,218.113,400.000,
1785142157.1448,PID,NORMAL_HOLD,327.00,238.50,314.73,280.142,218.046,400.307,278.625,218.113,400.000,269.157,211.090,401.215,-0.307,-24.100,,,,,0,278.625,218.113,400.000,
1785142157.1495,PID,NORMAL_HOLD,326.75,238.38,314.55,279.911,218.125,400.419,278.625,218.113,400.000,271.045,211.094,400.991,-0.419,-22.294,,,,,0,278.625,218.113,400.000,
1785142157.1566,PID,NORMAL_HOLD,326.87,238.24,314.10,280.016,218.217,400.689,278.625,218.113,400.000,270.157,211.004,399.046,-0.689,-9.876,,,,,0,278.625,218.113,400.000,
1785142157.1599,PID,NORMAL_HOLD,326.69,238.28,314.00,279.853,218.234,400.756,278.625,218.113,400.000,271.203,211.364,397.782,-0.756,-1.894,,,,,0,278.625,218.113,400.000,
1785142157.1655,PID,NORMAL_HOLD,326.87,238.22,314.00,280.016,218.269,400.754,278.625,218.113,400.000,269.947,211.448,397.307,-0.754,1.072,,,,,0,278.625,218.113,400.000,
1785142157.1722,PID,NORMAL_HOLD,326.88,238.15,314.00,280.024,218.302,400.753,278.625,218.113,400.000,270.133,211.490,397.166,-0.753,1.922,,,,,0,278.625,218.113,400.000,
1785142157.1749,PID,NORMAL_HOLD,326.50,238.24,314.00,279.676,218.242,400.758,278.625,218.113,400.000,272.217,212.025,397.157,-0.758,1.934,,,,,0,278.625,218.113,400.000,
1785142157.1807,PID,NORMAL_HOLD,326.50,238.24,314.00,279.678,218.219,400.757,278.625,218.113,400.000,271.356,212.095,397.192,-0.757,1.681,,,,,0,278.625,218.113,400.000,
1785142157.1877,PID,NORMAL_HOLD,326.50,238.32,314.00,279.678,218.183,400.758,278.625,218.113,400.000,270.934,212.199,397.216,-0.758,1.502,,,,,0,278.625,218.113,400.000,
1785142157.1903,PID,NORMAL_HOLD,326.14,238.49,314.00,279.351,218.042,400.762,278.625,218.113,400.000,272.646,212.895,397.257,-0.762,1.218,,,,,0,278.625,218.113,400.000,
1785142157.1949,PID,NORMAL_HOLD,326.38,238.50,314.00,279.568,218.034,400.759,278.625,218.113,400.000,270.457,212.475,397.303,-0.759,0.910,,,,,0,278.625,218.113,400.000,
1785142157.2017,PID,NORMAL_HOLD,326.50,238.55,314.00,279.688,217.945,400.756,278.625,218.113,400.000,269.833,212.719,397.359,-0.756,0.544,,,,,0,278.625,218.113,400.000,
1785142157.2049,PID,NORMAL_HOLD,326.04,238.74,314.00,279.275,217.763,400.760,278.625,218.113,400.000,272.553,213.410,397.370,-0.760,0.460,,,,,0,278.625,218.113,400.000,
1785142157.2096,PID,NORMAL_HOLD,326.00,238.76,314.00,279.239,217.714,400.759,278.625,218.113,400.000,271.775,212.984,397.388,-0.759,0.343,,,,,0,278.625,218.113,400.000,
1785142157.2165,PID,NORMAL_HOLD,326.09,238.78,314.10,279.327,217.687,400.695,278.625,218.113,400.000,270.683,212.691,397.675,-0.695,-1.434,,,,,0,278.625,218.113,400.000,
1785142157.2200,PID,NORMAL_HOLD,325.75,238.84,314.50,279.009,217.654,400.455,278.625,218.113,400.000,272.409,212.566,399.112,-0.455,-10.320,,,,,0,278.625,218.113,400.000,
1785142157.2246,PID,NORMAL_HOLD,326.09,238.78,314.50,279.325,217.698,400.451,278.625,218.113,400.000,269.781,212.082,399.317,-0.451,-11.401,,,,,0,278.625,218.113,400.000,
1785142157.2322,PID,NORMAL_HOLD,326.11,238.82,314.50,279.336,217.683,400.451,278.625,218.113,400.000,270.140,212.162,399.083,-0.451,-9.738,,,,,0,278.625,218.113,400.000,
1785142157.2369,PID,NORMAL_HOLD,326.07,238.78,314.97,279.306,217.715,400.161,278.625,218.113,400.000,270.545,211.942,400.254,-0.161,-16.796,,,,,0,278.625,218.113,400.000,
1785142157.2401,PID,NORMAL_HOLD,326.09,238.78,314.88,279.321,217.750,400.220,278.625,218.113,400.000,270.495,211.810,399.968,-0.220,-14.720,,,,,0,278.625,218.113,400.000,
1785142157.2488,PID,NORMAL_HOLD,326.13,238.76,314.50,279.351,217.828,400.454,278.625,218.113,400.000,270.389,211.505,398.420,-0.454,-4.890,,,,,0,278.625,218.113,400.000,
1785142157.2506,PID,NORMAL_HOLD,326.30,238.64,314.56,279.499,217.922,400.416,278.625,218.113,400.000,269.673,211.244,397.941,-0.416,-1.849,,,,,0,278.625,218.113,400.000,
1785142157.2540,PID,NORMAL_HOLD,326.29,238.39,315.00,279.490,218.116,400.145,278.625,218.113,400.000,270.167,210.543,399.133,-0.145,-9.196,,,,,0,278.625,218.113,400.000,
1785142157.2598,PID,NORMAL_HOLD,326.30,238.33,314.88,279.494,218.138,400.221,278.625,218.113,400.000,270.343,211.120,398.904,-0.221,-7.606,,,,,0,278.625,218.113,400.000,
1785142157.2647,PID,NORMAL_HOLD,326.13,238.24,314.23,279.339,218.213,400.618,278.625,218.113,400.000,271.287,211.130,396.740,-0.618,5.888,,,,,0,278.625,218.113,400.000,
1785142157.2699,PID,NORMAL_HOLD,326.46,238.19,314.00,279.634,218.281,400.758,278.625,218.113,400.000,269.269,211.137,395.394,-0.758,14.092,,,,,0,278.625,218.113,400.000,
1785142157.2773,PID,NORMAL_HOLD,326.48,238.11,314.00,279.650,218.342,400.758,278.625,218.113,400.000,269.807,211.176,395.297,-0.758,14.415,,,,,0,278.625,218.113,400.000,
1785142157.2806,PID,NORMAL_HOLD,326.50,238.00,313.50,279.672,218.389,401.064,278.625,218.113,400.000,270.034,211.267,394.129,-1.064,21.335,,,,,0,278.625,218.113,400.000,
1785142157.2858,PID,NORMAL_HOLD,326.50,238.00,313.50,279.670,218.425,401.065,278.625,218.113,400.000,270.286,211.368,394.044,-1.065,21.483,,,,,0,278.625,218.113,400.000,
1785142157.2925,PID,NORMAL_HOLD,326.50,238.00,313.03,279.671,218.410,401.352,278.625,218.113,400.000,270.390,211.696,393.230,-1.352,26.089,,,,,0,278.625,218.113,400.000,
1785142157.2963,PID,NORMAL_HOLD,326.50,238.00,313.02,279.669,218.438,401.359,278.625,218.113,400.000,270.459,211.628,393.500,-1.359,23.923,,,,,0,278.625,218.113,400.000,
1785142157.2998,PID,NORMAL_HOLD,326.27,238.05,312.50,279.461,218.384,401.683,278.625,218.113,400.000,271.644,212.041,392.441,-1.683,30.030,,,,,0,278.625,218.113,400.000,
1785142157.3061,PID,NORMAL_HOLD,326.09,238.12,312.50,279.293,218.345,401.686,278.625,218.113,400.000,272.061,212.177,392.861,-1.686,26.854,,,,,0,278.625,218.113,400.000,
1785142157.3109,PID,NORMAL_HOLD,326.09,238.12,312.00,279.294,218.327,401.994,278.625,218.113,400.000,271.331,212.121,391.983,-1.994,31.788,,,,,0,278.625,218.113,400.000,
1785142157.3161,PID,NORMAL_HOLD,326.12,238.12,312.00,279.320,218.357,401.994,278.625,218.113,400.000,270.824,211.829,392.439,-1.994,28.378,,,,,0,278.625,218.113,400.000,
1785142157.3229,PID,NORMAL_HOLD,326.12,238.12,312.53,279.321,218.331,401.668,278.625,218.113,400.000,270.709,211.997,394.810,-1.668,13.208,,,,,0,278.625,218.113,400.000,
1785142157.3256,PID,NORMAL_HOLD,326.12,238.12,312.57,279.321,218.333,401.644,278.625,218.113,400.000,270.660,211.926,396.060,-1.644,5.247,,,,,0,278.625,218.113,400.000,
1785142157.3307,PID,NORMAL_HOLD,326.12,238.12,312.00,279.323,218.310,401.992,278.625,218.113,400.000,270.623,212.033,394.931,-1.992,12.110,,,,,0,278.625,218.113,400.000,
1785142157.3381,PID,NORMAL_HOLD,326.09,238.12,312.53,279.294,218.330,401.668,278.625,218.113,400.000,270.776,211.856,396.388,-1.668,2.887,,,,,0,278.625,218.113,400.000,
1785142157.3408,PID,NORMAL_HOLD,326.00,238.12,312.58,279.217,218.304,401.634,278.625,218.113,400.000,271.134,212.017,397.099,-1.634,-1.550,,,,,0,278.625,218.113,400.000,
1785142157.3458,PID,NORMAL_HOLD,326.48,238.11,313.32,279.647,218.378,401.180,278.625,218.113,400.000,268.504,211.544,399.712,-1.180,-17.698,,,,,0,278.625,218.113,400.000,
1785142157.3524,PID,NORMAL_HOLD,326.50,238.00,313.32,279.670,218.428,401.179,278.625,218.113,400.000,269.382,211.431,400.092,-1.179,-19.707,,,,,0,278.625,218.113,400.000,
1785142157.3552,PID,NORMAL_HOLD,326.50,238.00,313.50,279.664,218.507,401.068,278.625,218.113,400.000,269.975,211.195,400.218,-1.068,-20.091,,,,,0,278.625,218.113,400.000,
1785142157.3607,PID,NORMAL_HOLD,326.50,237.89,313.00,279.663,218.557,401.374,278.625,218.113,400.000,270.242,211.235,398.398,-1.374,-8.485,,,,,0,278.625,218.113,400.000,
1785142157.3657,PID,NORMAL_HOLD,326.91,237.86,313.50,280.034,218.682,401.065,278.625,218.113,400.000,268.327,210.837,399.032,-1.065,-12.232,,,,,0,278.625,218.113,400.000,
1785142157.3698,PID,NORMAL_HOLD,326.87,237.76,314.00,279.992,218.743,400.758,278.625,218.113,400.000,269.595,210.964,400.469,-0.758,-20.873,,,,,0,278.625,218.113,400.000,
1785142157.3749,PID,NORMAL_HOLD,326.63,237.51,314.00,279.765,218.910,400.760,278.625,218.113,400.000,271.250,210.438,400.576,-0.760,-21.156,,,,,0,278.625,218.113,400.000,
1785142157.3822,PID,NORMAL_HOLD,326.80,237.38,313.50,279.919,219.004,401.065,278.625,218.113,400.000,269.964,210.528,398.651,-1.065,-8.889,,,,,0,278.625,218.113,400.000,
1785142157.3858,PID,NORMAL_HOLD,326.95,237.32,313.82,280.058,219.110,400.869,278.625,218.113,400.000,269.431,210.521,398.734,-0.869,-9.247,,,,,0,278.625,218.113,400.000,
1785142157.3902,PID,NORMAL_HOLD,327.00,237.21,313.50,280.094,219.224,401.066,278.625,218.113,400.000,269.706,210.459,397.582,-1.066,-1.969,,,,,0,278.625,218.113,400.000,
1785142157.3989,PID,NORMAL_HOLD,327.27,237.05,314.00,280.339,219.351,400.756,278.625,218.113,400.000,269.309,210.658,398.590,-0.756,-8.149,,,,,0,278.625,218.113,400.000,
1785142157.4037,PID,NORMAL_HOLD,327.27,237.05,313.55,280.337,219.373,401.034,278.625,218.113,400.000,269.812,210.994,397.449,-1.034,-0.957,,,,,0,278.625,218.113,400.000,
1785142157.4090,PID,NORMAL_HOLD,327.00,237.12,313.81,280.088,219.349,400.879,278.625,218.113,400.000,271.474,211.417,397.771,-0.879,-2.935,,,,,0,278.625,218.113,400.000,
1785142157.4160,PID,NORMAL_HOLD,327.00,237.12,313.50,280.088,219.343,401.067,278.625,218.113,400.000,270.920,211.520,396.881,-1.067,2.619,,,,,0,278.625,218.113,400.000,
1785142157.4187,PID,NORMAL_HOLD,326.88,237.12,313.17,279.984,219.311,401.269,278.625,218.113,400.000,271.259,211.739,395.704,-1.269,9.818,,,,,0,278.625,218.113,400.000,
1785142157.4234,PID,NORMAL_HOLD,326.87,237.22,313.50,279.974,219.250,401.068,278.625,218.113,400.000,270.880,211.999,396.447,-1.068,5.051,,,,,0,278.625,218.113,400.000,
1785142157.4326,PID,NORMAL_HOLD,326.50,237.24,313.50,279.644,219.085,401.068,278.625,218.113,400.000,272.359,212.655,396.832,-1.068,2.570,,,,,0,278.625,218.113,400.000,
1785142157.4370,PID,NORMAL_HOLD,326.50,237.45,313.83,279.647,218.963,400.865,278.625,218.113,400.000,271.413,212.879,397.999,-0.865,-4.682,,,,,0,278.625,218.113,400.000,
1785142157.4421,PID,NORMAL_HOLD,327.00,237.50,314.00,280.109,218.910,400.756,278.625,218.113,400.000,268.307,212.587,398.850,-0.756,-9.848,,,,,0,278.625,218.113,400.000,
1785142157.4487,PID,NORMAL_HOLD,326.50,237.68,314.11,279.654,218.774,400.692,278.625,218.113,400.000,270.665,212.542,399.157,-0.692,-11.545,,,,,0,278.625,218.113,400.000,
1785142157.4525,PID,NORMAL_HOLD,326.33,237.72,314.43,279.502,218.726,400.497,278.625,218.113,400.000,271.419,212.404,400.094,-0.497,-17.136,,,,,0,278.625,218.113,400.000,
1785142157.4585,PID,NORMAL_HOLD,326.50,237.89,314.98,279.659,218.618,400.161,278.625,218.113,400.000,270.173,212.635,401.657,-0.161,-26.476,,,,,0,278.625,218.113,400.000,
1785142157.4656,PID,NORMAL_HOLD,326.67,237.72,314.50,279.817,218.638,400.449,278.625,218.113,400.000,269.456,212.102,400.187,-0.449,-16.912,,,,,0,278.625,218.113,400.000,
1785142157.4686,PID,NORMAL_HOLD,326.80,237.78,315.00,279.931,218.686,400.143,278.625,218.113,400.000,269.255,211.650,400.700,-0.143,-19.750,,,,,0,278.625,218.113,400.000,
1785142157.4731,PID,NORMAL_HOLD,326.67,237.72,315.00,279.814,218.669,400.143,278.625,218.113,400.000,270.498,211.804,400.535,-0.143,-18.370,,,,,0,278.625,218.113,400.000,
1785142157.4824,PID,NORMAL_HOLD,326.69,237.72,315.45,279.835,218.712,399.867,278.625,218.113,400.000,270.359,211.555,401.386,0.133,-23.289,,,,,0,278.625,218.113,400.000,
1785142157.4843,PID,NORMAL_HOLD,326.87,237.76,315.50,279.995,218.715,399.836,278.625,218.113,400.000,269.516,211.642,401.270,0.164,-22.127,,,,,0,278.625,218.113,400.000,
1785142157.4889,PID,NORMAL_HOLD,326.54,237.81,315.50,279.697,218.675,399.839,278.625,218.113,400.000,271.693,211.929,400.705,0.161,-18.218,,,,,0,278.625,218.113,400.000,
1785142157.4966,PID,NORMAL_HOLD,326.74,237.68,315.90,279.871,218.765,399.594,278.625,218.113,400.000,270.145,211.364,401.322,0.406,-21.691,,,,,0,278.625,218.113,400.000,
1785142157.4994,PID,NORMAL_HOLD,326.74,237.68,315.47,279.872,218.763,399.855,278.625,218.113,400.000,270.283,211.564,399.789,0.145,-11.824,,,,,0,278.625,218.113,400.000,
1785142157.5051,PID,NORMAL_HOLD,326.45,237.81,315.61,279.613,218.700,399.773,278.625,218.113,400.000,271.932,212.039,399.384,0.227,-9.106,,,,,0,278.625,218.113,400.000,
1785142157.5125,PID,NORMAL_HOLD,326.33,237.72,314.50,279.500,218.754,400.456,278.625,218.113,400.000,271.838,211.601,395.754,-0.456,13.458,,,,,0,278.625,218.113,400.000,
1785142157.5140,PID,NORMAL_HOLD,326.33,237.72,315.24,279.504,218.694,400.001,278.625,218.113,400.000,271.162,212.008,396.940,-0.001,5.885,,,,,0,278.625,218.113,400.000,
1785142157.5194,PID,NORMAL_HOLD,326.29,237.89,314.50,279.468,218.542,400.454,278.625,218.113,400.000,271.051,212.746,395.364,-0.454,15.490,,,,,0,278.625,218.113,400.000,
1785142157.5271,PID,NORMAL_HOLD,326.00,238.00,315.00,279.206,218.474,400.150,278.625,218.113,400.000,272.255,212.651,396.575,-0.150,7.727,,,,,0,278.625,218.113,400.000,
1785142157.5300,PID,NORMAL_HOLD,326.27,238.05,314.00,279.460,218.397,400.761,278.625,218.113,400.000,270.036,212.668,394.136,-0.761,22.653,,,,,0,278.625,218.113,400.000,
1785142157.5345,PID,NORMAL_HOLD,326.00,238.24,314.00,279.216,218.238,400.764,278.625,218.113,400.000,271.671,213.158,393.882,-0.764,23.782,,,,,0,278.625,218.113,400.000,
1785142157.5414,PID,NORMAL_HOLD,325.69,238.43,314.46,278.933,218.086,400.483,278.625,218.113,400.000,272.667,213.344,395.635,-0.483,12.519,,,,,0,278.625,218.113,400.000,
1785142157.5447,PID,NORMAL_HOLD,326.38,238.55,314.00,279.574,218.022,400.760,278.625,218.113,400.000,268.049,213.005,395.225,-0.760,14.808,,,,,0,278.625,218.113,400.000,
1785142157.5494,PID,NORMAL_HOLD,325.79,238.69,313.50,279.037,217.848,401.073,278.625,218.113,400.000,272.268,213.458,394.125,-1.073,21.265,,,,,0,278.625,218.113,400.000,
1785142157.5556,PID,NORMAL_HOLD,325.70,238.72,313.45,278.962,217.742,401.100,278.625,218.113,400.000,271.892,213.334,393.693,-1.100,23.580,,,,,0,278.625,218.113,400.000,
1785142157.5582,PID,NORMAL_HOLD,325.50,238.76,313.50,278.781,217.710,401.074,278.625,218.113,400.000,272.288,212.868,394.337,-1.074,19.166,,,,,0,278.625,218.113,400.000,
1785142157.5647,PID,NORMAL_HOLD,325.53,238.89,313.50,278.808,217.613,401.073,278.625,218.113,400.000,271.366,213.006,395.043,-1.073,14.439,,,,,0,278.625,218.113,400.000,
1785142157.5713,PID,NORMAL_HOLD,325.87,238.78,313.98,279.121,217.696,400.774,278.625,218.113,400.000,269.465,212.124,397.050,-0.774,1.779,,,,,0,278.625,218.113,400.000,
1785142157.5745,PID,NORMAL_HOLD,326.00,238.79,314.00,279.239,217.711,400.760,278.625,218.113,400.000,269.316,212.000,397.873,-0.760,-3.341,,,,,0,278.625,218.113,400.000,
1785142157.5792,PID,NORMAL_HOLD,325.70,238.64,314.19,278.960,217.864,400.650,278.625,218.113,400.000,271.466,211.205,398.607,-0.650,-7.811,,,,,0,278.625,218.113,400.000,
1785142157.5865,PID,NORMAL_HOLD,326.30,238.52,313.81,279.508,217.953,400.873,278.625,218.113,400.000,268.004,211.108,397.626,-0.873,-1.613,,,,,0,278.625,218.113,400.000,
1785142157.5895,PID,NORMAL_HOLD,326.00,238.24,314.00,279.222,218.161,400.761,278.625,218.113,400.000,270.908,210.350,397.782,-0.761,-2.547,,,,,0,278.625,218.113,400.000,
1785142157.5955,PID,NORMAL_HOLD,325.93,238.22,314.00,279.152,218.204,400.763,278.625,218.113,400.000,271.159,210.896,397.765,-0.763,-2.400,,,,,0,278.625,218.113,400.000,
1785142157.6021,PID,NORMAL_HOLD,326.00,238.00,314.00,279.214,218.367,400.762,278.625,218.113,400.000,270.563,210.531,397.701,-0.762,-1.961,,,,,0,278.625,218.113,400.000,
1785142157.6052,PID,NORMAL_HOLD,326.19,237.89,314.00,279.384,218.507,400.761,278.625,218.113,400.000,269.643,210.416,397.654,-0.761,-1.637,,,,,0,278.625,218.113,400.000,
1785142157.6105,PID,NORMAL_HOLD,326.48,237.89,313.50,279.641,218.554,401.067,278.625,218.113,400.000,268.612,210.845,396.090,-1.067,8.049,,,,,0,278.625,218.113,400.000,
1785142157.6161,PID,NORMAL_HOLD,326.13,237.78,313.49,279.321,218.619,401.078,278.625,218.113,400.000,271.300,210.966,395.714,-1.078,10.207,,,,,0,278.625,218.113,400.000,
1785142157.6185,PID,NORMAL_HOLD,326.31,237.72,313.50,279.478,218.730,401.071,278.625,218.113,400.000,270.106,210.785,395.809,-1.071,9.431,,,,,0,278.625,218.113,400.000,
1785142157.6254,PID,NORMAL_HOLD,326.09,237.86,313.46,279.278,218.658,401.102,278.625,218.113,400.000,271.530,211.708,395.897,-1.102,8.711,,,,,0,278.625,218.113,400.000,
1785142157.6321,PID,NORMAL_HOLD,326.09,237.86,313.45,279.279,218.642,401.103,278.625,218.113,400.000,271.055,211.824,396.130,-1.103,7.104,,,,,0,278.625,218.113,400.000,
1785142157.6345,PID,NORMAL_HOLD,326.12,237.85,313.50,279.308,218.647,401.074,278.625,218.113,400.000,270.661,211.769,396.521,-1.074,4.551,,,,,0,278.625,218.113,400.000,
1785142157.6396,PID,NORMAL_HOLD,325.95,237.89,313.00,279.164,218.532,401.381,278.625,218.113,400.000,271.436,212.421,395.201,-1.381,12.630,,,,,0,278.625,218.113,400.000,
1785142157.6490,PID,NORMAL_HOLD,326.00,237.88,314.00,279.203,218.565,400.766,278.625,218.113,400.000,270.915,212.019,397.159,-0.766,0.512,,,,,0,278.625,218.113,400.000,
1785142157.6536,PID,NORMAL_HOLD,326.00,237.88,314.00,279.206,218.534,400.765,278.625,218.113,400.000,270.752,212.079,398.473,-0.765,-7.605,,,,,0,278.625,218.113,400.000,
1785142157.6604,PID,NORMAL_HOLD,326.00,237.88,314.00,279.206,218.534,400.765,278.625,218.113,400.000,270.682,211.943,398.819,-0.765,-9.608,,,,,0,278.625,218.113,400.000,
1785142157.6677,PID,NORMAL_HOLD,326.00,237.88,314.00,279.206,218.534,400.765,278.625,218.113,400.000,270.648,211.875,398.687,-0.765,-8.613,,,,,0,278.625,218.113,400.000,
1785142157.6712,PID,NORMAL_HOLD,326.25,237.84,314.00,279.436,218.564,400.762,278.625,218.113,400.000,269.343,211.673,398.472,-0.762,-7.127,,,,,0,278.625,218.113,400.000,
1785142157.6742,PID,NORMAL_HOLD,326.13,237.76,315.00,279.320,218.661,400.149,278.625,218.113,400.000,270.569,211.207,401.121,-0.149,-23.325,,,,,0,278.625,218.113,400.000,
1785142157.6825,PID,NORMAL_HOLD,326.13,237.76,315.00,279.317,218.702,400.150,278.625,218.113,400.000,270.590,211.257,401.588,-0.150,-25.769,,,,,0,278.625,218.113,400.000,
1785142157.6853,PID,NORMAL_HOLD,326.29,237.59,315.50,279.461,218.825,399.841,278.625,218.113,400.000,269.779,210.817,402.218,0.159,-29.068,,,,,0,278.625,218.113,400.000,
1785142157.6887,PID,NORMAL_HOLD,326.50,237.37,315.10,279.649,218.963,400.082,278.625,218.113,400.000,269.076,210.477,401.187,-0.082,-22.221,,,,,0,278.625,218.113,400.000,
1785142157.6953,PID,NORMAL_HOLD,326.50,237.32,315.45,279.646,219.025,399.867,278.625,218.113,400.000,269.792,210.739,401.233,0.133,-22.099,,,,,0,278.625,218.113,400.000,
1785142157.7013,PID,NORMAL_HOLD,326.31,237.28,315.50,279.461,219.125,399.843,278.625,218.113,400.000,271.207,210.614,400.740,0.157,-18.620,,,,,0,278.625,218.113,400.000,
1785142157.7047,PID,NORMAL_HOLD,326.48,237.11,315.49,279.614,219.237,399.848,278.625,218.113,400.000,270.117,210.568,400.249,0.152,-15.254,,,,,0,278.625,218.113,400.000,
1785142157.7104,PID,NORMAL_HOLD,326.50,237.11,315.50,279.633,219.294,399.842,278.625,218.113,400.000,270.183,210.724,399.736,0.158,-11.809,,,,,0,278.625,218.113,400.000,
1785142157.7166,PID,NORMAL_HOLD,326.19,237.11,315.50,279.352,219.258,399.844,278.625,218.113,400.000,271.938,211.358,399.239,0.156,-8.507,,,,,0,278.625,218.113,400.000,
1785142157.7196,PID,NORMAL_HOLD,326.50,237.11,315.20,279.637,219.234,400.023,278.625,218.113,400.000,269.770,211.593,398.019,-0.023,-0.817,,,,,0,278.625,218.113,400.000,
1785142157.7259,PID,NORMAL_HOLD,326.50,237.11,314.81,279.638,219.216,400.262,278.625,218.113,400.000,270.116,211.699,396.390,-0.262,9.254,,,,,0,278.625,218.113,400.000,
1785142157.7310,PID,NORMAL_HOLD,326.50,237.32,315.00,279.644,219.047,400.147,278.625,218.113,400.000,270.262,212.595,396.590,-0.147,7.851,,,,,0,278.625,218.113,400.000,
1785142157.7370,PID,NORMAL_HOLD,326.29,237.39,314.99,279.460,218.944,400.154,278.625,218.113,400.000,271.420,212.705,396.795,-0.154,6.437,,,,,0,278.625,218.113,400.000,
1785142157.7444,PID,NORMAL_HOLD,326.17,237.66,315.10,279.348,218.750,400.089,278.625,218.113,400.000,271.596,213.273,397.336,-0.089,2.982,,,,,0,278.625,218.113,400.000,
1785142157.7457,PID,NORMAL_HOLD,326.00,237.79,314.50,279.196,218.700,400.460,278.625,218.113,400.000,271.920,212.778,395.805,-0.460,12.368,,,,,0,278.625,218.113,400.000,
1785142157.7504,PID,NORMAL_HOLD,326.00,237.88,314.50,279.205,218.531,400.457,278.625,218.113,400.000,271.217,213.093,395.652,-0.457,13.057,,,,,0,278.625,218.113,400.000,
1785142157.7569,PID,NORMAL_HOLD,325.62,237.97,314.45,278.861,218.403,400.491,278.625,218.113,400.000,273.099,213.259,395.547,-0.491,13.483,,,,,0,278.625,218.113,400.000,
1785142157.7594,PID,NORMAL_HOLD,326.00,238.00,314.50,279.213,218.385,400.455,278.625,218.113,400.000,269.909,212.654,396.072,-0.455,9.993,,,,,0,278.625,218.113,400.000,
1785142157.7662,PID,NORMAL_HOLD,326.27,238.05,314.58,279.464,218.335,400.399,278.625,218.113,400.000,268.853,212.526,396.743,-0.399,5.663,,,,,0,278.625,218.113,400.000,
1785142157.7727,PID,NORMAL_HOLD,325.53,238.11,315.00,278.781,218.265,400.150,278.625,218.113,400.000,273.452,212.581,398.331,-0.150,-4.249,,,,,0,278.625,218.113,400.000,
1785142157.7778,PID,NORMAL_HOLD,325.88,238.15,315.00,279.106,218.266,400.148,278.625,218.113,400.000,270.256,212.226,398.815,-0.148,-7.161,,,,,0,278.625,218.113,400.000,
1785142157.7826,PID,NORMAL_HOLD,325.52,238.11,315.00,278.780,218.267,400.150,278.625,218.113,400.000,272.225,212.046,398.777,-0.150,-6.791,,,,,0,278.625,218.113,400.000,
1785142157.7884,PID,NORMAL_HOLD,325.52,238.11,315.03,278.778,218.303,400.132,278.625,218.113,400.000,271.494,211.758,398.729,-0.132,-6.368,,,,,0,278.625,218.113,400.000,
1785142157.7910,PID,NORMAL_HOLD,325.50,238.00,314.88,278.752,218.387,400.228,278.625,218.113,400.000,271.247,211.380,398.108,-0.228,-2.420,,,,,0,278.625,218.113,400.000,
1785142157.7977,PID,NORMAL_HOLD,325.50,238.00,314.45,278.753,218.385,400.492,278.625,218.113,400.000,270.989,211.624,396.521,-0.492,7.426,,,,,0,278.625,218.113,400.000,
1785142157.8042,PID,NORMAL_HOLD,325.50,237.89,315.00,278.747,218.498,400.153,278.625,218.113,400.000,270.897,211.113,397.792,-0.153,-0.561,,,,,0,278.625,218.113,400.000,
1785142157.8061,PID,NORMAL_HOLD,325.50,237.89,314.50,278.747,218.501,400.461,278.625,218.113,400.000,270.817,211.446,396.699,-0.461,6.201,,,,,0,278.625,218.113,400.000,
1785142157.8114,PID,NORMAL_HOLD,325.50,237.89,314.19,278.747,218.515,400.653,278.625,218.113,400.000,270.783,211.550,395.632,-0.653,12.650,,,,,0,278.625,218.113,400.000,
1785142157.8193,PID,NORMAL_HOLD,325.50,237.89,314.49,278.745,218.533,400.472,278.625,218.113,400.000,270.772,211.580,396.347,-0.472,8.001,,,,,0,278.625,218.113,400.000,
1785142157.8211,PID,NORMAL_HOLD,325.09,237.86,314.45,278.363,218.577,400.498,278.625,218.113,400.000,272.923,211.435,396.644,-0.498,6.021,,,,,0,278.625,218.113,400.000,
1785142157.8286,PID,NORMAL_HOLD,325.50,237.89,314.00,278.745,218.538,400.771,278.625,218.113,400.000,269.761,211.831,395.639,-0.771,12.095,,,,,0,278.625,218.113,400.000,
1785142157.8352,PID,NORMAL_HOLD,325.50,237.89,314.50,278.747,218.501,400.461,278.625,218.113,400.000,270.241,212.016,396.967,-0.461,3.677,,,,,0,278.625,218.113,400.000,
1785142157.8365,PID,NORMAL_HOLD,325.50,238.00,314.50,278.748,218.453,400.463,278.625,218.113,400.000,270.489,212.179,397.573,-0.463,-0.140,,,,,0,278.625,218.113,400.000,
1785142157.8418,PID,NORMAL_HOLD,325.50,238.00,314.44,278.750,218.422,400.498,278.625,218.113,400.000,270.602,212.174,397.588,-0.498,-0.232,,,,,0,278.625,218.113,400.000,
1785142157.8493,PID,NORMAL_HOLD,325.09,237.86,314.45,278.374,218.429,400.494,278.625,218.113,400.000,272.746,211.964,397.611,-0.494,-0.374,,,,,0,278.625,218.113,400.000,
1785142157.8504,PID,NORMAL_HOLD,325.50,237.89,314.44,278.750,218.470,400.497,278.625,218.113,400.000,269.775,211.674,397.595,-0.497,-0.269,,,,,0,278.625,218.113,400.000,
1785142157.8550,PID,NORMAL_HOLD,325.50,237.89,315.50,278.746,218.496,399.845,278.625,218.113,400.000,270.278,211.592,400.809,0.155,-20.114,,,,,0,278.625,218.113,400.000,
1785142157.8622,PID,NORMAL_HOLD,325.50,237.89,315.44,278.744,218.528,399.883,278.625,218.113,400.000,270.523,211.526,401.268,0.117,-22.571,,,,,0,278.625,218.113,400.000,
1785142157.8663,PID,NORMAL_HOLD,325.69,237.72,315.89,278.916,218.671,399.606,278.625,218.113,400.000,269.707,210.895,402.150,0.394,-27.568,,,,,0,278.625,218.113,400.000,
1785142157.8714,PID,NORMAL_HOLD,325.70,237.64,316.16,278.924,218.733,399.437,278.625,218.113,400.000,270.155,210.953,402.869,0.563,-31.518,,,,,0,278.625,218.113,400.000,
1785142157.8769,PID,NORMAL_HOLD,325.71,237.41,316.46,278.921,218.899,399.250,278.625,218.113,400.000,270.434,210.448,403.242,0.750,-33.232,,,,,0,278.625,218.113,400.000,
1785142157.8833,PID,NORMAL_HOLD,325.95,237.32,316.00,279.147,218.974,399.534,278.625,218.113,400.000,269.306,210.648,401.191,0.466,-19.938,,,,,0,278.625,218.113,400.000,
1785142157.8887,PID,NORMAL_HOLD,325.69,237.28,316.50,278.899,219.091,399.231,278.625,218.113,400.000,271.381,210.484,401.567,0.769,-21.896,,,,,0,278.625,218.113,400.000,
1785142157.8950,PID,NORMAL_HOLD,325.53,237.11,316.50,278.744,219.159,399.230,278.625,218.113,400.000,271.898,210.681,401.295,0.770,-19.833,,,,,0,278.625,218.113,400.000,
1785142157.8977,PID,NORMAL_HOLD,325.54,237.11,316.50,278.756,219.188,399.231,278.625,218.113,400.000,271.254,210.982,400.687,0.769,-15.708,,,,,0,278.625,218.113,400.000,
1785142157.9034,PID,NORMAL_HOLD,325.52,237.11,316.00,278.743,219.163,399.538,278.625,218.113,400.000,271.066,211.426,398.655,0.462,-2.882,,,,,0,278.625,218.113,400.000,
1785142157.9094,PID,NORMAL_HOLD,325.53,237.11,315.81,278.744,219.162,399.654,278.625,218.113,400.000,270.897,211.521,397.275,0.346,5.690,,,,,0,278.625,218.113,400.000,
1785142157.9133,PID,NORMAL_HOLD,325.87,237.22,316.50,279.061,219.126,399.229,278.625,218.113,400.000,269.356,211.727,398.982,0.771,-4.953,,,,,0,278.625,218.113,400.000,
1785142157.9184,PID,NORMAL_HOLD,325.59,237.31,316.45,278.809,218.990,399.259,278.625,218.113,400.000,271.732,212.604,399.291,0.741,-6.758,,,,,0,278.625,218.113,400.000,
1785142157.9251,PID,NORMAL_HOLD,325.71,237.50,316.00,278.930,218.838,399.536,278.625,218.113,400.000,270.562,212.967,397.907,0.464,1.919,,,,,0,278.625,218.113,400.000,
1785142157.9292,PID,NORMAL_HOLD,325.87,237.76,316.20,279.077,218.658,399.411,278.625,218.113,400.000,269.790,213.352,398.081,0.589,0.815,,,,,0,278.625,218.113,400.000,
1785142157.9321,PID,NORMAL_HOLD,325.50,237.89,316.00,278.746,218.493,399.536,278.625,218.113,400.000,271.981,213.434,397.568,0.464,3.962,,,,,0,278.625,218.113,400.000,
1785142157.9385,PID,NORMAL_HOLD,325.70,237.89,316.20,278.926,218.483,399.410,278.625,218.113,400.000,270.287,212.678,398.085,0.590,0.700,,,,,0,278.625,218.113,400.000,
1785142157.9419,PID,NORMAL_HOLD,325.50,238.11,315.50,278.756,218.281,399.843,278.625,218.113,400.000,271.394,213.313,396.237,0.157,12.078,,,,,0,278.625,218.113,400.000,
1785142157.9493,PID,NORMAL_HOLD,325.52,238.11,316.00,278.779,218.261,399.534,278.625,218.113,400.000,270.937,212.698,397.307,0.466,5.253,,,,,0,278.625,218.113,400.000,
1785142157.9557,PID,NORMAL_HOLD,325.54,238.19,316.00,278.797,218.225,399.534,278.625,218.113,400.000,270.730,212.495,397.802,0.466,2.100,,,,,0,278.625,218.113,400.000,
1785142157.9585,PID,NORMAL_HOLD,325.46,238.19,316.00,278.718,218.203,399.534,278.625,218.113,400.000,271.168,212.312,398.025,0.466,0.688,,,,,0,278.625,218.113,400.000,
1785142157.9619,PID,NORMAL_HOLD,325.50,238.11,316.00,278.758,218.243,399.533,278.625,218.113,400.000,270.755,211.902,398.128,0.467,0.040,,,,,0,278.625,218.113,400.000,
1785142157.9690,PID,NORMAL_HOLD,325.50,238.11,316.00,278.756,218.261,399.534,278.625,218.113,400.000,270.754,211.781,398.160,0.466,-0.157,,,,,0,278.625,218.113,400.000,
1785142157.9741,PID,NORMAL_HOLD,325.50,238.11,315.50,278.756,218.281,399.843,278.625,218.113,400.000,270.750,211.717,396.779,0.157,8.345,,,,,0,278.625,218.113,400.000,
1785142157.9792,PID,NORMAL_HOLD,325.50,238.11,315.55,278.753,218.319,399.814,278.625,218.113,400.000,270.759,211.588,396.561,0.186,9.531,,,,,0,278.625,218.113,400.000,
1785142157.9846,PID,NORMAL_HOLD,325.50,238.11,315.50,278.753,218.317,399.844,278.625,218.113,400.000,270.747,211.731,396.446,0.156,10.084,,,,,0,278.625,218.113,400.000,
1785142157.9872,PID,NORMAL_HOLD,325.50,238.00,315.44,278.749,218.416,399.882,278.625,218.113,400.000,270.765,211.240,396.520,0.118,9.442,,,,,0,278.625,218.113,400.000,
1785142157.9945,PID,NORMAL_HOLD,326.00,238.00,315.00,279.210,218.412,400.148,278.625,218.113,400.000,268.162,211.557,395.458,-0.148,15.818,,,,,0,278.625,218.113,400.000,
1785142158.0007,PID,NORMAL_HOLD,326.00,238.00,315.05,279.213,218.376,400.114,278.625,218.113,400.000,269.367,211.885,395.633,-0.114,14.440,,,,,0,278.625,218.113,400.000,
1785142158.0018,PID,NORMAL_HOLD,325.74,238.11,315.00,278.976,218.298,400.149,278.625,218.113,400.000,271.310,212.298,395.841,-0.149,12.881,,,,,0,278.625,218.113,400.000,
1785142158.0087,PID,NORMAL_HOLD,325.87,238.22,314.50,279.100,218.218,400.456,278.625,218.113,400.000,270.283,212.533,394.675,-0.456,19.842,,,,,0,278.625,218.113,400.000,
1785142158.0152,PID,NORMAL_HOLD,325.91,238.22,314.54,279.134,218.200,400.433,278.625,218.113,400.000,270.274,212.310,394.818,-0.433,18.598,,,,,0,278.625,218.113,400.000,
1785142158.0179,PID,NORMAL_HOLD,326.04,238.26,315.00,279.256,218.206,400.147,278.625,218.113,400.000,269.815,212.068,396.651,-0.147,6.946,,,,,0,278.625,218.113,400.000,
1785142158.0230,PID,NORMAL_HOLD,326.04,238.25,314.50,279.258,218.191,400.454,278.625,218.113,400.000,270.192,212.065,395.934,-0.454,11.256,,,,,0,278.625,218.113,400.000,
1785142158.0326,PID,NORMAL_HOLD,326.04,238.25,315.00,279.259,218.168,400.146,278.625,218.113,400.000,270.380,212.112,397.480,-0.146,1.495,,,,,0,278.625,218.113,400.000,
1785142158.0347,PID,NORMAL_HOLD,326.00,238.24,315.27,279.220,218.178,399.977,278.625,218.113,400.000,270.692,211.951,398.860,0.023,-7.042,,,,,0,278.625,218.113,400.000,
1785142158.0381,PID,NORMAL_HOLD,326.13,238.22,315.00,279.336,218.228,400.146,278.625,218.113,400.000,269.964,211.634,398.379,-0.146,-3.942,,,,,0,278.625,218.113,400.000,
1785142158.0453,PID,NORMAL_HOLD,326.26,238.11,315.00,279.455,218.300,400.144,278.625,218.113,400.000,269.597,211.351,398.140,-0.144,-2.396,,,,,0,278.625,218.113,400.000,
1785142158.0485,PID,NORMAL_HOLD,326.00,238.00,315.05,279.213,218.376,400.114,278.625,218.113,400.000,271.263,211.228,398.122,-0.114,-2.241,,,,,0,278.625,218.113,400.000,
1785142158.0535,PID,NORMAL_HOLD,326.29,237.89,315.50,279.468,218.536,399.839,278.625,218.113,400.000,269.311,210.515,399.602,0.161,-11.376,,,,,0,278.625,218.113,400.000,
1785142158.0601,PID,NORMAL_HOLD,326.13,237.78,315.98,279.317,218.646,399.548,278.625,218.113,400.000,270.771,210.528,401.139,0.452,-20.647,,,,,0,278.625,218.113,400.000,
1785142158.0632,PID,NORMAL_HOLD,326.00,237.76,316.00,279.195,218.711,399.536,278.625,218.113,400.000,271.349,210.778,401.145,0.464,-20.265,,,,,0,278.625,218.113,400.000,
1785142158.0688,PID,NORMAL_HOLD,325.80,237.58,315.50,279.012,218.810,399.844,278.625,218.113,400.000,271.915,210.746,399.288,0.156,-8.419,,,,,0,278.625,218.113,400.000,
1785142158.0768,PID,NORMAL_HOLD,325.80,237.38,315.90,279.003,218.940,399.600,278.625,218.113,400.000,271.342,210.428,399.667,0.400,-10.613,,,,,0,278.625,218.113,400.000,
1785142158.0782,PID,NORMAL_HOLD,325.70,237.36,315.50,278.917,218.951,399.844,278.625,218.113,400.000,271.484,210.986,398.361,0.156,-2.354,,,,,0,278.625,218.113,400.000,
1785142158.0846,PID,NORMAL_HOLD,325.95,237.36,315.50,279.146,218.936,399.842,278.625,218.113,400.000,269.908,211.398,397.864,0.158,0.757,,,,,0,278.625,218.113,400.000,
1785142158.0910,PID,NORMAL_HOLD,326.00,237.50,315.98,279.189,218.893,399.549,278.625,218.113,400.000,270.000,211.796,399.139,0.451,-7.136,,,,,0,278.625,218.113,400.000,
1785142158.0940,PID,NORMAL_HOLD,326.20,237.38,315.50,279.378,218.920,399.839,278.625,218.113,400.000,269.333,211.600,398.020,0.161,-0.094,,,,,0,278.625,218.113,400.000,
1785142158.0993,PID,NORMAL_HOLD,326.00,237.69,316.00,279.195,218.742,399.535,278.625,218.113,400.000,271.034,212.696,399.078,0.465,-6.618,,,,,0,278.625,218.113,400.000,
1785142158.1047,PID,NORMAL_HOLD,325.90,237.72,316.10,279.105,218.711,399.475,278.625,218.113,400.000,271.318,212.385,399.620,0.525,-9.846,,,,,0,278.625,218.113,400.000,
1785142158.1084,PID,NORMAL_HOLD,325.86,237.71,315.89,279.070,218.693,399.603,278.625,218.113,400.000,271.163,212.156,398.961,0.397,-5.595,,,,,0,278.625,218.113,400.000,
1785142158.1145,PID,NORMAL_HOLD,325.53,237.89,315.00,278.768,218.536,400.154,278.625,218.113,400.000,272.521,212.787,395.939,-0.154,13.159,,,,,0,278.625,218.113,400.000,
1785142158.1213,PID,NORMAL_HOLD,325.53,237.89,315.50,278.770,218.499,399.844,278.625,218.113,400.000,271.613,212.482,396.659,0.156,8.468,,,,,0,278.625,218.113,400.000,
1785142158.1245,PID,NORMAL_HOLD,325.54,237.81,315.50,278.784,218.566,399.845,278.625,218.113,400.000,271.084,211.724,397.115,0.155,5.496,,,,,0,278.625,218.113,400.000,
1785142158.1300,PID,NORMAL_HOLD,325.67,237.72,315.50,278.897,218.615,399.843,278.625,218.113,400.000,270.262,211.472,397.382,0.157,3.752,,,,,0,278.625,218.113,400.000,
1785142158.1367,PID,NORMAL_HOLD,325.50,237.68,315.97,278.738,218.689,399.557,278.625,218.113,400.000,271.350,211.210,398.940,0.443,-5.934,,,,,0,278.625,218.113,400.000,
1785142158.1400,PID,NORMAL_HOLD,325.50,237.68,316.10,278.736,218.706,399.477,278.625,218.113,400.000,271.050,211.380,399.685,0.523,-10.397,,,,,0,278.625,218.113,400.000,
1785142158.1435,PID,NORMAL_HOLD,325.50,237.68,315.50,278.734,218.746,399.848,278.625,218.113,400.000,270.904,211.334,397.920,0.152,0.700,,,,,0,278.625,218.113,400.000,
1785142158.1491,PID,NORMAL_HOLD,325.50,237.68,315.50,278.734,218.746,399.848,278.625,218.113,400.000,270.820,211.526,397.361,0.152,4.134,,,,,0,278.625,218.113,400.000,
1785142158.1538,PID,NORMAL_HOLD,325.50,237.68,314.77,278.735,218.750,400.298,278.625,218.113,400.000,270.774,211.600,395.157,-0.298,17.640,,,,,0,278.625,218.113,400.000,
1785142158.1587,PID,NORMAL_HOLD,325.50,237.68,315.50,278.734,218.746,399.848,278.625,218.113,400.000,270.758,211.679,396.901,0.152,6.541,,,,,0,278.625,218.113,400.000,
1785142158.1658,PID,NORMAL_HOLD,325.50,237.68,314.97,278.739,218.694,400.174,278.625,218.113,400.000,270.719,212.015,396.098,-0.174,11.369,,,,,0,278.625,218.113,400.000,
1785142158.1690,PID,NORMAL_HOLD,325.31,237.72,313.80,278.569,218.593,400.895,278.625,218.113,400.000,271.659,212.427,392.941,-0.895,30.552,,,,,0,278.625,218.113,400.000,
1785142158.1745,PID,NORMAL_HOLD,325.50,237.89,314.19,278.747,218.515,400.653,278.625,218.113,400.000,270.241,212.529,393.225,-0.653,28.269,,,,,0,278.625,218.113,400.000,
1785142158.1826,PID,NORMAL_HOLD,325.50,238.00,314.50,278.748,218.453,400.463,278.625,218.113,400.000,270.481,212.499,395.003,-0.463,16.767,,,,,0,278.625,218.113,400.000,
1785142158.1842,PID,NORMAL_HOLD,326.00,238.00,314.50,279.206,218.477,400.458,278.625,218.113,400.000,267.940,212.011,396.038,-0.458,10.067,,,,,0,278.625,218.113,400.000,
1785142158.1900,PID,NORMAL_HOLD,325.50,238.00,314.29,278.751,218.409,400.593,278.625,218.113,400.000,271.782,212.279,396.089,-0.593,9.537,,,,,0,278.625,218.113,400.000,
1785142158.1999,PID,NORMAL_HOLD,325.52,238.11,314.05,278.778,218.310,400.736,278.625,218.113,400.000,271.105,212.597,395.314,-0.736,14.197,,,,,0,278.625,218.113,400.000,
1785142158.2015,PID,NORMAL_HOLD,325.53,238.10,314.84,278.782,218.363,400.255,278.625,218.113,400.000,270.896,211.929,397.826,-0.255,-1.569,,,,,0,278.625,218.113,400.000,
1785142158.2030,PID,NORMAL_HOLD,326.00,238.00,314.50,279.208,218.446,400.457,278.625,218.113,400.000,268.426,211.416,397.726,-0.457,-0.924,,,,,0,278.625,218.113,400.000,
1785142158.2099,PID,NORMAL_HOLD,325.50,238.00,314.50,278.748,218.453,400.463,278.625,218.113,400.000,272.071,211.572,397.642,-0.463,-0.389,,,,,0,278.625,218.113,400.000,
1785142158.2148,PID,NORMAL_HOLD,325.52,237.89,314.50,278.770,218.503,400.461,278.625,218.113,400.000,271.274,211.409,397.610,-0.461,-0.184,,,,,0,278.625,218.113,400.000,
1785142158.2179,PID,NORMAL_HOLD,325.91,237.78,314.90,279.111,218.681,400.217,278.625,218.113,400.000,269.082,210.598,398.796,-0.217,-7.509,,,,,0,278.625,218.113,400.000,
1785142158.2240,PID,NORMAL_HOLD,325.83,237.71,314.90,279.036,218.711,400.217,278.625,218.113,400.000,270.248,211.005,399.025,-0.217,-8.776,,,,,0,278.625,218.113,400.000,
1785142158.2285,PID,NORMAL_HOLD,325.96,237.74,314.78,279.157,218.720,400.291,278.625,218.113,400.000,269.797,211.316,398.564,-0.291,-5.774,,,,,0,278.625,218.113,400.000,
1785142158.2331,PID,NORMAL_HOLD,325.50,237.55,314.80,278.735,218.800,400.280,278.625,218.113,400.000,272.800,211.026,398.318,-0.280,-4.148,,,,,0,278.625,218.113,400.000,
1785142158.2396,PID,NORMAL_HOLD,326.00,237.50,314.50,279.193,218.859,400.458,278.625,218.113,400.000,269.420,211.058,397.298,-0.458,2.218,,,,,0,278.625,218.113,400.000,
1785142158.2422,PID,NORMAL_HOLD,326.00,237.69,314.38,279.195,218.752,400.536,278.625,218.113,400.000,269.994,212.000,396.597,-0.536,6.502,,,,,0,278.625,218.113,400.000,
1785142158.2491,PID,NORMAL_HOLD,325.95,237.68,314.74,279.156,218.710,400.313,278.625,218.113,400.000,270.516,212.102,397.572,-0.313,0.362,,,,,0,278.625,218.113,400.000,
1785142158.2569,PID,NORMAL_HOLD,326.00,237.76,314.87,279.198,218.684,400.231,278.625,218.113,400.000,270.330,212.054,398.310,-0.231,-4.197,,,,,0,278.625,218.113,400.000,
1785142158.2614,PID,NORMAL_HOLD,326.31,237.72,315.00,279.479,218.699,400.147,278.625,218.113,400.000,268.898,211.809,398.780,-0.147,-6.995,,,,,0,278.625,218.113,400.000,
1785142158.2647,PID,NORMAL_HOLD,326.12,237.85,314.50,279.315,218.550,400.455,278.625,218.113,400.000,270.606,212.589,397.308,-0.455,2.234,,,,,0,278.625,218.113,400.000,
1785142158.2712,PID,NORMAL_HOLD,326.50,237.89,314.50,279.664,218.549,400.452,278.625,218.113,400.000,268.625,212.184,396.868,-0.452,4.918,,,,,0,278.625,218.113,400.000,
1785142158.2750,PID,NORMAL_HOLD,326.50,237.89,315.00,279.664,218.547,400.145,278.625,218.113,400.000,269.537,211.992,398.274,-0.145,-3.836,,,,,0,278.625,218.113,400.000,
1785142158.2779,PID,NORMAL_HOLD,326.50,237.89,315.50,279.664,218.544,399.837,278.625,218.113,400.000,269.993,211.898,400.279,0.163,-16.158,,,,,0,278.625,218.113,400.000,
1785142158.2837,PID,NORMAL_HOLD,326.50,237.82,315.50,279.664,218.580,399.836,278.625,218.113,400.000,270.223,211.634,400.456,0.164,-16.914,,,,,0,278.625,218.113,400.000,
1785142158.2885,PID,NORMAL_HOLD,326.50,237.89,315.50,279.664,218.544,399.837,278.625,218.113,400.000,270.334,211.904,400.367,0.163,-16.084,,,,,0,278.625,218.113,400.000,
1785142158.2931,PID,NORMAL_HOLD,326.31,237.72,316.43,279.479,218.697,399.266,278.625,218.113,400.000,271.417,210.991,402.693,0.734,-30.148,,,,,0,278.625,218.113,400.000,
1785142158.2990,PID,NORMAL_HOLD,326.31,237.72,315.90,279.477,218.722,399.597,278.625,218.113,400.000,270.969,211.224,401.183,0.403,-20.262,,,,,0,278.625,218.113,400.000,
1785142158.3034,PID,NORMAL_HOLD,326.50,237.66,316.39,279.655,218.752,399.293,278.625,218.113,400.000,269.724,211.299,401.736,0.707,-23.307,,,,,0,278.625,218.113,400.000,
1785142158.3082,PID,NORMAL_HOLD,326.13,237.78,316.30,279.316,218.671,399.353,278.625,218.113,400.000,272.035,211.967,401.080,0.647,-18.819,,,,,0,278.625,218.113,400.000,
1785142158.3158,PID,NORMAL_HOLD,326.13,237.76,316.30,279.318,218.681,399.352,278.625,218.113,400.000,271.280,211.797,400.395,0.648,-14.232,,,,,0,278.625,218.113,400.000,
1785142158.3189,PID,NORMAL_HOLD,326.31,237.72,315.50,279.485,218.612,399.837,278.625,218.113,400.000,269.983,212.145,397.468,0.163,4.110,,,,,0,278.625,218.113,400.000,
1785142158.3236,PID,NORMAL_HOLD,326.50,237.89,315.50,279.669,218.481,399.835,278.625,218.113,400.000,269.190,212.705,396.538,0.165,9.776,,,,,0,278.625,218.113,400.000,
1785142158.3331,PID,NORMAL_HOLD,326.00,238.00,316.21,279.205,218.468,399.407,278.625,218.113,400.000,272.304,212.316,398.482,0.593,-2.390,,,,,0,278.625,218.113,400.000,
1785142158.3344,PID,NORMAL_HOLD,326.00,238.00,316.50,279.212,218.374,399.223,278.625,218.113,400.000,271.406,212.590,400.024,0.777,-11.859,,,,,0,278.625,218.113,400.000,
1785142158.3396,PID,NORMAL_HOLD,326.50,238.11,315.50,279.676,218.294,399.834,278.625,218.113,400.000,268.555,212.625,397.324,0.166,5.035,,,,,0,278.625,218.113,400.000,
1785142158.3494,PID,NORMAL_HOLD,326.47,238.11,316.50,279.652,218.285,399.219,278.625,218.113,400.000,269.568,212.263,398.622,0.781,-2.867,,,,,0,278.625,218.113,400.000,
1785142158.3534,PID,NORMAL_HOLD,326.47,238.11,317.00,279.651,218.300,398.913,278.625,218.113,400.000,270.014,211.975,400.897,1.087,-16.800,,,,,0,278.625,218.113,400.000,
1785142158.3603,PID,NORMAL_HOLD,326.25,238.16,316.00,279.448,218.255,399.529,278.625,218.113,400.000,271.441,212.176,398.404,0.471,-1.076,,,,,0,278.625,218.113,400.000,
1785142158.3659,PID,NORMAL_HOLD,326.00,238.00,316.50,279.214,218.348,399.222,278.625,218.113,400.000,272.239,211.515,399.022,0.778,-4.857,,,,,0,278.625,218.113,400.000,
1785142158.3683,PID,NORMAL_HOLD,326.00,238.00,316.89,279.212,218.366,398.982,278.625,218.113,400.000,271.417,211.573,400.247,1.018,-12.310,,,,,0,278.625,218.113,400.000,
1785142158.3747,PID,NORMAL_HOLD,326.00,237.95,317.00,279.207,218.454,398.917,278.625,218.113,400.000,271.026,211.197,400.862,1.083,-15.899,,,,,0,278.625,218.113,400.000,
1785142158.3822,PID,NORMAL_HOLD,326.00,237.95,316.82,279.209,218.430,399.024,278.625,218.113,400.000,270.792,211.631,400.133,0.976,-11.093,,,,,0,278.625,218.113,400.000,
1785142158.3849,PID,NORMAL_HOLD,326.00,238.00,317.00,279.205,218.463,398.918,278.625,218.113,400.000,270.709,211.532,400.148,1.082,-10.980,,,,,0,278.625,218.113,400.000,
1785142158.3900,PID,NORMAL_HOLD,325.50,238.00,316.04,278.751,218.374,399.512,278.625,218.113,400.000,273.247,212.175,397.011,0.488,8.596,,,,,0,278.625,218.113,400.000,
1785142158.3991,PID,NORMAL_HOLD,325.25,237.95,316.32,278.522,218.375,399.341,278.625,218.113,400.000,273.280,211.995,396.954,0.659,8.778,,,,,0,278.625,218.113,400.000,
1785142158.4005,PID,NORMAL_HOLD,326.00,238.00,315.58,279.215,218.342,399.786,278.625,218.113,400.000,268.248,212.089,394.930,0.214,21.116,,,,,0,278.625,218.113,400.000,
1785142158.4052,PID,NORMAL_HOLD,325.50,238.11,316.61,278.754,218.274,399.158,278.625,218.113,400.000,272.012,212.341,397.762,0.842,3.241,,,,,0,278.625,218.113,400.000,
1785142158.4116,PID,NORMAL_HOLD,325.54,238.19,316.00,278.798,218.208,399.534,278.625,218.113,400.000,271.121,212.463,397.045,0.466,7.602,,,,,0,278.625,218.113,400.000,
1785142158.4144,PID,NORMAL_HOLD,325.69,238.28,316.50,278.934,218.190,399.226,278.625,218.113,400.000,270.170,212.263,398.364,0.774,-0.664,,,,,0,278.625,218.113,400.000,
1785142158.4192,PID,NORMAL_HOLD,325.54,238.19,316.24,278.801,218.168,399.384,278.625,218.113,400.000,271.183,212.194,398.075,0.616,1.137,,,,,0,278.625,218.113,400.000,
1785142158.4263,PID,NORMAL_HOLD,325.69,238.28,316.50,278.938,218.136,399.224,278.625,218.113,400.000,270.178,212.218,398.739,0.776,-2.968,,,,,0,278.625,218.113,400.000,
1785142158.4292,PID,NORMAL_HOLD,325.50,238.23,317.00,278.758,218.163,398.917,278.625,218.113,400.000,271.362,211.911,400.532,1.083,-13.999,,,,,0,278.625,218.113,400.000,
1785142158.4340,PID,NORMAL_HOLD,325.50,238.21,316.50,278.758,218.194,399.226,278.625,218.113,400.000,271.043,211.713,399.285,0.774,-6.038,,,,,0,278.625,218.113,400.000,
1785142158.4402,PID,NORMAL_HOLD,325.46,238.19,316.50,278.717,218.200,399.226,278.625,218.113,400.000,271.086,211.759,398.713,0.774,-2.393,,,,,0,278.625,218.113,400.000,
1785142158.4442,PID,NORMAL_HOLD,325.47,238.11,316.00,278.734,218.239,399.533,278.625,218.113,400.000,270.806,211.586,396.937,0.467,8.619,,,,,0,278.625,218.113,400.000,
1785142158.4509,PID,NORMAL_HOLD,325.48,238.11,316.00,278.734,218.259,399.534,278.625,218.113,400.000,270.765,211.614,396.543,0.466,10.889,,,,,0,278.625,218.113,400.000,
1785142158.4582,PID,NORMAL_HOLD,325.50,238.11,316.42,278.756,218.264,399.278,278.625,218.113,400.000,270.613,211.703,397.859,0.722,2.568,,,,,0,278.625,218.113,400.000,
1785142158.4618,PID,NORMAL_HOLD,325.00,238.12,315.50,278.300,218.215,399.845,278.625,218.113,400.000,273.190,212.051,395.804,0.155,15.165,,,,,0,278.625,218.113,400.000,
1785142158.4666,PID,NORMAL_HOLD,325.13,238.22,316.00,278.417,218.173,399.537,278.625,218.113,400.000,271.434,212.169,396.786,0.463,8.824,,,,,0,278.625,218.113,400.000,
1785142158.4734,PID,NORMAL_HOLD,325.09,238.23,316.00,278.387,218.147,399.537,278.625,218.113,400.000,271.309,212.185,397.325,0.463,5.338,,,,,0,278.625,218.113,400.000,
1785142158.4761,PID,NORMAL_HOLD,325.50,238.32,315.49,278.768,218.027,399.848,278.625,218.113,400.000,269.091,212.663,396.180,0.152,12.294,,,,,0,278.625,218.113,400.000,
1785142158.4808,PID,NORMAL_HOLD,325.29,238.50,315.81,278.573,217.910,399.651,278.625,218.113,400.000,271.057,212.983,396.980,0.349,7.127,,,,,0,278.625,218.113,400.000,
1785142158.4883,PID,NORMAL_HOLD,325.50,238.63,315.50,278.769,217.877,399.843,278.625,218.113,400.000,269.807,212.659,396.462,0.157,10.199,,,,,0,278.625,218.113,400.000,
1785142158.4915,PID,NORMAL_HOLD,325.50,238.68,315.44,278.774,217.795,399.878,278.625,218.113,400.000,270.234,212.758,396.377,0.122,10.531,,,,,0,278.625,218.113,400.000,
1785142158.4964,PID,NORMAL_HOLD,325.33,238.72,315.49,278.620,217.771,399.850,278.625,218.113,400.000,271.278,212.505,396.682,0.150,8.458,,,,,0,278.625,218.113,400.000,
1785142158.5029,PID,NORMAL_HOLD,325.53,238.89,315.45,278.802,217.653,399.872,278.625,218.113,400.000,269.898,212.977,396.910,0.128,6.888,,,,,0,278.625,218.113,400.000,
1785142158.5056,PID,NORMAL_HOLD,325.59,238.69,315.00,278.857,217.797,400.149,278.625,218.113,400.000,269.990,211.699,395.708,-0.149,14.195,,,,,0,278.625,218.113,400.000,
1785142158.5108,PID,NORMAL_HOLD,325.91,238.77,315.00,279.146,217.776,400.147,278.625,218.113,400.000,268.721,211.960,395.652,-0.147,14.279,,,,,0,278.625,218.113,400.000,
1785142158.5175,PID,NORMAL_HOLD,325.70,238.67,315.00,278.957,217.847,400.149,278.625,218.113,400.000,270.684,211.599,395.971,-0.149,12.038,,,,,0,278.625,218.113,400.000,
1785142158.5200,PID,NORMAL_HOLD,325.70,238.64,314.81,278.959,217.860,400.264,278.625,218.113,400.000,270.658,211.711,395.780,-0.264,12.997,,,,,0,278.625,218.113,400.000,
1785142158.5249,PID,NORMAL_HOLD,326.30,238.52,314.50,279.508,217.949,400.450,278.625,218.113,400.000,267.673,211.360,395.074,-0.450,17.114,,,,,0,278.625,218.113,400.000,
1785142158.5329,PID,NORMAL_HOLD,325.70,238.64,314.50,278.959,217.862,400.457,278.625,218.113,400.000,272.242,212.157,395.363,-0.457,14.974,,,,,0,278.625,218.113,400.000,
1785142158.5367,PID,NORMAL_HOLD,326.00,238.60,314.50,279.234,217.843,400.452,278.625,218.113,400.000,269.944,212.170,395.583,-0.452,13.364,,,,,0,278.625,218.113,400.000,
1785142158.5400,PID,NORMAL_HOLD,325.96,238.75,313.46,279.201,217.723,401.095,278.625,218.113,400.000,270.432,212.714,392.877,-1.095,29.826,,,,,0,278.625,218.113,400.000,
1785142158.5497,PID,NORMAL_HOLD,326.00,238.76,313.50,279.239,217.722,401.067,278.625,218.113,400.000,270.276,212.373,392.868,-1.067,29.295,,,,,0,278.625,218.113,400.000,
1785142158.5529,PID,NORMAL_HOLD,326.09,238.88,313.75,279.322,217.623,400.912,278.625,218.113,400.000,269.965,212.745,394.210,-0.912,20.464,,,,,0,278.625,218.113,400.000,
1785142158.5558,PID,NORMAL_HOLD,326.13,238.78,314.00,279.359,217.686,400.757,278.625,218.113,400.000,270.053,212.057,395.883,-0.757,9.755,,,,,0,278.625,218.113,400.000,
1785142158.5666,PID,NORMAL_HOLD,326.38,238.89,314.00,279.597,217.613,400.755,278.625,218.113,400.000,268.947,212.456,396.707,-0.755,4.484,,,,,0,278.625,218.113,400.000,
1785142158.5685,PID,NORMAL_HOLD,326.29,238.88,314.00,279.506,217.630,400.756,278.625,218.113,400.000,270.202,212.158,397.093,-0.756,2.014,,,,,0,278.625,218.113,400.000,
1785142158.5729,PID,NORMAL_HOLD,326.50,239.00,314.00,279.701,217.587,400.756,278.625,218.113,400.000,269.268,212.341,397.281,-0.756,0.816,,,,,0,278.625,218.113,400.000,
1785142158.5831,PID,NORMAL_HOLD,326.50,239.00,314.50,279.701,217.584,400.448,278.625,218.113,400.000,269.845,212.216,398.833,-0.448,-8.775,,,,,0,278.625,218.113,400.000,
1785142158.5855,PID,NORMAL_HOLD,326.19,238.89,314.00,279.419,217.623,400.757,278.625,218.113,400.000,271.830,211.901,397.725,-0.757,-1.780,,,,,0,278.625,218.113,400.000,
1785142158.5887,PID,NORMAL_HOLD,326.50,239.00,314.10,279.699,217.609,400.694,278.625,218.113,400.000,269.541,212.061,397.585,-0.694,-0.887,,,,,0,278.625,218.113,400.000,
1785142158.5966,PID,NORMAL_HOLD,326.12,238.85,314.00,279.351,217.658,400.759,278.625,218.113,400.000,271.828,211.797,397.204,-0.759,1.483,,,,,0,278.625,218.113,400.000,
1785142158.5987,PID,NORMAL_HOLD,326.13,238.78,314.43,279.356,217.728,400.492,278.625,218.113,400.000,271.148,211.526,398.366,-0.492,-5.716,,,,,0,278.625,218.113,400.000,
1785142158.6018,PID,NORMAL_HOLD,326.04,238.74,314.00,279.272,217.801,400.762,278.625,218.113,400.000,271.287,211.381,397.350,-0.762,0.663,,,,,0,278.625,218.113,400.000,
1785142158.6079,PID,NORMAL_HOLD,326.04,238.77,314.00,279.273,217.749,400.761,278.625,218.113,400.000,270.911,212.002,397.026,-0.761,2.648,,,,,0,278.625,218.113,400.000,
1785142158.6118,PID,NORMAL_HOLD,326.30,238.72,313.83,279.513,217.779,400.862,278.625,218.113,400.000,269.616,211.865,396.481,-0.862,5.953,,,,,0,278.625,218.113,400.000,
1785142158.6172,PID,NORMAL_HOLD,326.00,238.76,313.46,279.239,217.723,401.094,278.625,218.113,400.000,271.969,212.331,395.247,-1.094,13.470,,,,,0,278.625,218.113,400.000,
1785142158.6232,PID,NORMAL_HOLD,326.00,238.76,313.50,279.239,217.722,401.067,278.625,218.113,400.000,271.265,212.180,395.294,-1.067,12.916,,,,,0,278.625,218.113,400.000,
1785142158.6257,PID,NORMAL_HOLD,326.09,238.78,313.90,279.325,217.708,400.823,278.625,218.113,400.000,270.466,212.176,396.745,-0.823,3.725,,,,,0,278.625,218.113,400.000,
1785142158.6320,PID,NORMAL_HOLD,326.00,238.79,314.09,279.239,217.710,400.702,278.625,218.113,400.000,270.997,212.089,398.020,-0.702,-4.237,,,,,0,278.625,218.113,400.000,
1785142158.6376,PID,NORMAL_HOLD,325.91,238.83,314.00,279.159,217.654,400.760,278.625,218.113,400.000,271.237,212.382,398.033,-0.760,-4.234,,,,,0,278.625,218.113,400.000,
1785142158.6424,PID,NORMAL_HOLD,326.00,238.79,314.50,279.240,217.690,400.452,278.625,218.113,400.000,270.453,212.006,399.490,-0.452,-13.162,,,,,0,278.625,218.113,400.000,
1785142158.6469,PID,NORMAL_HOLD,325.73,238.84,314.00,278.989,217.676,400.764,278.625,218.113,400.000,271.938,212.097,398.177,-0.764,-4.817,,,,,0,278.625,218.113,400.000,
1785142158.6541,PID,NORMAL_HOLD,325.87,238.78,314.45,279.119,217.725,400.484,278.625,218.113,400.000,270.904,211.925,398.916,-0.484,-9.285,,,,,0,278.625,218.113,400.000,
1785142158.6582,PID,NORMAL_HOLD,325.96,238.74,314.44,279.195,217.796,400.492,278.625,218.113,400.000,270.338,211.584,398.957,-0.492,-9.361,,,,,0,278.625,218.113,400.000,
1785142158.6653,PID,NORMAL_HOLD,325.86,238.51,314.00,279.103,217.931,400.762,278.625,218.113,400.000,270.975,211.028,397.452,-0.762,0.101,,,,,0,278.625,218.113,400.000,
1785142158.6717,PID,NORMAL_HOLD,325.62,238.50,314.44,278.884,217.955,400.494,278.625,218.113,400.000,271.991,211.362,398.173,-0.494,-4.346,,,,,0,278.625,218.113,400.000,
1785142158.6744,PID,NORMAL_HOLD,325.50,238.32,314.70,278.765,218.089,400.337,278.625,218.113,400.000,271.964,210.944,399.206,-0.337,-10.661,,,,,0,278.625,218.113,400.000,
1785142158.6789,PID,NORMAL_HOLD,325.50,238.32,314.24,278.762,218.137,400.623,278.625,218.113,400.000,271.349,211.158,397.883,-0.623,-2.299,,,,,0,278.625,218.113,400.000,
1785142158.6854,PID,NORMAL_HOLD,325.62,238.45,314.00,278.872,218.063,400.768,278.625,218.113,400.000,270.384,211.958,396.695,-0.768,5.069,,,,,0,278.625,218.113,400.000,
1785142158.6902,PID,NORMAL_HOLD,325.50,238.50,314.00,278.764,218.032,400.770,278.625,218.113,400.000,271.127,212.110,396.344,-0.770,7.144,,,,,0,278.625,218.113,400.000,
1785142158.6950,PID,NORMAL_HOLD,326.00,238.50,314.00,279.225,218.008,400.763,278.625,218.113,400.000,268.326,212.156,396.491,-0.763,6.081,,,,,0,278.625,218.113,400.000,
1785142158.7013,PID,NORMAL_HOLD,325.70,238.64,314.18,278.957,217.899,400.655,278.625,218.113,400.000,270.871,212.628,397.184,-0.655,1.683,,,,,0,278.625,218.113,400.000,
1785142158.7038,PID,NORMAL_HOLD,325.86,238.71,314.50,279.104,217.837,400.456,278.625,218.113,400.000,269.902,212.658,398.405,-0.456,-5.889,,,,,0,278.625,218.113,400.000,
1785142158.7091,PID,NORMAL_HOLD,325.91,238.77,314.44,279.146,217.782,400.492,278.625,218.113,400.000,270.008,212.637,398.503,-0.492,-6.379,,,,,0,278.625,218.113,400.000,
1785142158.7159,PID,NORMAL_HOLD,325.87,238.78,314.50,279.115,217.774,400.456,278.625,218.113,400.000,270.466,212.363,398.625,-0.456,-7.022,,,,,0,278.625,218.113,400.000,
1785142158.7200,PID,NORMAL_HOLD,325.53,238.89,314.50,278.807,217.604,400.457,278.625,218.113,400.000,272.234,213.127,398.456,-0.457,-5.841,,,,,0,278.625,218.113,400.000,
1785142158.7237,PID,NORMAL_HOLD,325.65,238.94,315.00,278.917,217.584,400.148,278.625,218.113,400.000,270.821,212.711,399.937,-0.148,-14.909,,,,,0,278.625,218.113,400.000,
1785142158.7322,PID,NORMAL_HOLD,325.50,238.89,314.76,278.783,217.600,400.294,278.625,218.113,400.000,271.457,212.305,399.312,-0.294,-10.776,,,,,0,278.625,218.113,400.000,
1785142158.7334,PID,NORMAL_HOLD,325.50,238.89,315.46,278.782,217.597,399.862,278.625,218.113,400.000,271.080,212.199,400.904,0.138,-20.396,,,,,0,278.625,218.113,400.000,
1785142158.7402,PID,NORMAL_HOLD,325.50,238.89,315.00,278.784,217.579,400.148,278.625,218.113,400.000,270.875,212.230,399.654,-0.148,-12.302,,,,,0,278.625,218.113,400.000,
1785142158.7488,PID,NORMAL_HOLD,325.50,238.89,315.00,278.784,217.579,400.148,278.625,218.113,400.000,270.784,212.150,398.820,-0.148,-6.896,,,,,0,278.625,218.113,400.000,
1785142158.7535,PID,NORMAL_HOLD,325.50,238.89,314.83,278.777,217.670,400.257,278.625,218.113,400.000,270.775,211.605,397.948,-0.257,-1.392,,,,,0,278.625,218.113,400.000,
1785142158.7601,PID,NORMAL_HOLD,325.50,238.89,315.10,278.781,217.616,400.088,278.625,218.113,400.000,270.714,212.131,398.446,-0.088,-4.447,,,,,0,278.625,218.113,400.000,
1785142158.7658,PID,NORMAL_HOLD,325.08,238.98,315.00,278.398,217.520,400.152,278.625,218.113,400.000,272.742,212.606,398.181,-0.152,-2.731,,,,,0,278.625,218.113,400.000,
1785142158.7703,PID,NORMAL_HOLD,325.50,239.00,314.78,278.786,217.508,400.287,278.625,218.113,400.000,269.557,212.412,397.415,-0.287,2.039,,,,,0,278.625,218.113,400.000,
1785142158.7736,PID,NORMAL_HOLD,325.50,239.00,315.27,278.786,217.500,399.979,278.625,218.113,400.000,270.125,212.300,398.722,0.021,-6.087,,,,,0,278.625,218.113,400.000,
1785142158.7823,PID,NORMAL_HOLD,325.50,239.11,315.19,278.787,217.443,400.030,278.625,218.113,400.000,270.403,212.505,398.747,-0.030,-6.123,,,,,0,278.625,218.113,400.000,
1785142158.7853,PID,NORMAL_HOLD,325.00,239.00,315.50,278.328,217.467,399.843,278.625,218.113,400.000,273.149,212.170,399.545,0.157,-10.938,,,,,0,278.625,218.113,400.000,
1785142158.7899,PID,NORMAL_HOLD,325.50,239.11,315.50,278.787,217.434,399.840,278.625,218.113,400.000,269.397,212.327,399.576,0.160,-10.924,,,,,0,278.625,218.113,400.000,
1785142158.7991,PID,NORMAL_HOLD,325.48,239.11,315.00,278.770,217.373,400.146,278.625,218.113,400.000,270.096,212.402,398.279,-0.146,-2.813,,,,,0,278.625,218.113,400.000,
1785142158.8034,PID,NORMAL_HOLD,325.00,239.00,315.00,278.333,217.415,400.150,278.625,218.113,400.000,272.828,212.034,397.478,-0.150,2.173,,,,,0,278.625,218.113,400.000,
1785142158.8098,PID,NORMAL_HOLD,325.00,239.00,315.50,278.327,217.483,399.844,278.625,218.113,400.000,271.864,211.695,398.769,0.156,-5.852,,,,,0,278.625,218.113,400.000,
1785142158.8162,PID,NORMAL_HOLD,325.00,239.00,315.50,278.327,217.483,399.844,278.625,218.113,400.000,271.347,211.899,399.028,0.156,-7.336,,,,,0,278.625,218.113,400.000,
1785142158.8207,PID,NORMAL_HOLD,325.00,239.00,315.00,278.327,217.488,400.153,278.625,218.113,400.000,271.085,211.969,397.485,-0.153,2.324,,,,,0,278.625,218.113,400.000,
1785142158.8261,PID,NORMAL_HOLD,324.50,239.00,315.50,277.866,217.478,399.848,278.625,218.113,400.000,273.605,212.092,398.454,0.152,-3.704,,,,,0,278.625,218.113,400.000,
1785142158.8331,PID,NORMAL_HOLD,324.81,238.89,315.46,278.149,217.546,399.870,278.625,218.113,400.000,270.777,211.737,398.610,0.130,-4.596,,,,,0,278.625,218.113,400.000,
1785142158.8360,PID,NORMAL_HOLD,324.50,239.00,314.96,277.865,217.513,400.183,278.625,218.113,400.000,272.328,212.084,397.103,-0.183,4.777,,,,,0,278.625,218.113,400.000,
1785142158.8407,PID,NORMAL_HOLD,324.50,239.00,315.00,277.867,217.481,400.157,278.625,218.113,400.000,271.635,212.285,396.707,-0.157,7.146,,,,,0,278.625,218.113,400.000,
1785142158.8491,PID,NORMAL_HOLD,325.00,239.00,315.42,278.327,217.480,399.896,278.625,218.113,400.000,268.762,212.204,398.003,0.104,-0.979,,,,,0,278.625,218.113,400.000,
1785142158.8510,PID,NORMAL_HOLD,325.00,239.00,315.00,278.332,217.425,400.150,278.625,218.113,400.000,269.769,212.455,397.229,-0.150,3.813,,,,,0,278.625,218.113,400.000,
1785142158.8560,PID,NORMAL_HOLD,325.00,239.00,315.50,278.328,217.467,399.843,278.625,218.113,400.000,270.324,212.053,398.453,0.157,-3.796,,,,,0,278.625,218.113,400.000,
1785142158.8655,PID,NORMAL_HOLD,325.00,239.00,315.80,278.329,217.436,399.656,278.625,218.113,400.000,270.573,212.175,399.010,0.344,-6.982,,,,,0,278.625,218.113,400.000,
1785142158.8695,PID,NORMAL_HOLD,325.48,239.11,314.80,278.772,217.349,400.270,278.625,218.113,400.000,268.267,212.624,396.611,-0.270,7.956,,,,,0,278.625,218.113,400.000,
1785142158.8745,PID,NORMAL_HOLD,325.48,239.11,315.49,278.770,217.356,399.844,278.625,218.113,400.000,269.492,212.346,398.022,0.156,-0.902,,,,,0,278.625,218.113,400.000,
1785142158.8824,PID,NORMAL_HOLD,325.00,239.00,316.18,278.331,217.406,399.420,278.625,218.113,400.000,272.382,211.986,400.458,0.580,-15.904,,,,,0,278.625,218.113,400.000,
1785142158.8869,PID,NORMAL_HOLD,325.48,239.11,316.00,278.764,217.434,399.532,278.625,218.113,400.000,269.061,211.891,400.317,0.468,-14.693,,,,,0,278.625,218.113,400.000,
1785142158.8898,PID,NORMAL_HOLD,325.00,239.00,316.50,278.325,217.476,399.226,278.625,218.113,400.000,272.184,211.784,402.061,0.774,-25.308,,,,,0,278.625,218.113,400.000,
1785142158.8994,PID,NORMAL_HOLD,325.50,239.00,316.42,278.785,217.498,399.275,278.625,218.113,400.000,268.811,211.818,401.485,0.725,-21.270,,,,,0,278.625,218.113,400.000,
1785142158.9013,PID,NORMAL_HOLD,325.00,239.00,316.50,278.326,217.461,399.225,278.625,218.113,400.000,272.337,212.171,401.069,0.775,-18.309,,,,,0,278.625,218.113,400.000,
1785142158.9055,PID,NORMAL_HOLD,325.00,239.00,316.42,278.325,217.473,399.278,278.625,218.113,400.000,271.589,212.072,400.214,0.722,-12.679,,,,,0,278.625,218.113,400.000,
1785142158.9120,PID,NORMAL_HOLD,325.50,239.00,316.37,278.783,217.523,399.306,278.625,218.113,400.000,268.735,211.825,399.531,0.694,-8.228,,,,,0,278.625,218.113,400.000,
1785142158.9155,PID,NORMAL_HOLD,325.00,239.00,315.50,278.325,217.503,399.844,278.625,218.113,400.000,272.153,212.065,396.611,0.156,9.914,,,,,0,278.625,218.113,400.000,
1785142158.9200,PID,NORMAL_HOLD,325.50,239.00,316.42,278.785,217.498,399.275,278.625,218.113,400.000,268.842,212.111,398.481,0.725,-1.811,,,,,0,278.625,218.113,400.000,
1785142158.9266,PID,NORMAL_HOLD,325.81,239.11,316.98,279.069,217.440,398.927,278.625,218.113,400.000,268.165,212.435,400.640,1.073,-15.071,,,,,0,278.625,218.113,400.000,
1785142158.9308,PID,NORMAL_HOLD,325.50,239.11,316.89,278.787,217.413,398.983,278.625,218.113,400.000,270.839,212.418,400.960,1.017,-16.775,,,,,0,278.625,218.113,400.000,
1785142158.9359,PID,NORMAL_HOLD,325.50,239.11,316.50,278.795,217.320,399.219,278.625,218.113,400.000,270.720,212.831,399.515,0.781,-7.540,,,,,0,278.625,218.113,400.000,
1785142158.9425,PID,NORMAL_HOLD,325.50,239.11,316.50,278.795,217.320,399.219,278.625,218.113,400.000,270.706,212.495,398.825,0.781,-3.140,,,,,0,278.625,218.113,400.000,
1785142158.9449,PID,NORMAL_HOLD,325.87,239.22,316.50,279.136,217.287,399.219,278.625,218.113,400.000,268.766,212.513,398.515,0.781,-1.168,,,,,0,278.625,218.113,400.000,
1785142158.9514,PID,NORMAL_HOLD,325.83,239.29,317.00,279.094,217.248,398.912,278.625,218.113,400.000,269.897,212.545,399.878,1.088,-9.555,,,,,0,278.625,218.113,400.000,
1785142158.9581,PID,NORMAL_HOLD,325.55,239.19,317.50,278.835,217.276,398.604,278.625,218.113,400.000,271.781,212.201,401.628,1.396,-20.178,,,,,0,278.625,218.113,400.000,
1785142158.9606,PID,NORMAL_HOLD,325.28,239.27,317.44,278.596,217.196,398.641,278.625,218.113,400.000,272.562,212.633,401.620,1.359,-19.744,,,,,0,278.625,218.113,400.000,
1785142158.9652,PID,NORMAL_HOLD,325.50,239.32,317.00,278.794,217.220,398.914,278.625,218.113,400.000,270.654,212.293,399.860,1.086,-8.515,,,,,0,278.625,218.113,400.000,
1785142158.9714,PID,NORMAL_HOLD,325.13,239.24,317.00,278.456,217.237,398.914,278.625,218.113,400.000,272.770,212.137,399.045,1.086,-3.325,,,,,0,278.625,218.113,400.000,
1785142158.9765,PID,NORMAL_HOLD,325.00,239.21,317.20,278.336,217.223,398.789,278.625,218.113,400.000,272.453,212.243,399.292,1.211,-4.784,,,,,0,278.625,218.113,400.000,
1785142158.9819,PID,NORMAL_HOLD,325.00,239.24,317.00,278.335,217.228,398.915,278.625,218.113,400.000,271.648,212.187,398.658,1.085,-0.780,,,,,0,278.625,218.113,400.000,
1785142158.9891,PID,NORMAL_HOLD,324.91,239.22,316.85,278.250,217.228,399.006,278.625,218.113,400.000,271.709,212.190,397.979,0.994,3.430,,,,,0,278.625,218.113,400.000,
1785142158.9927,PID,NORMAL_HOLD,324.91,239.23,316.80,278.252,217.183,399.039,278.625,218.113,400.000,271.272,212.427,397.644,0.961,5.440,,,,,0,278.625,218.113,400.000,
1785142158.9965,PID,NORMAL_HOLD,325.00,239.33,315.81,278.339,217.165,399.652,278.625,218.113,400.000,270.564,212.420,394.746,0.348,23.212,,,,,0,278.625,218.113,400.000,
1785142159.0035,PID,NORMAL_HOLD,325.20,239.38,316.00,278.530,217.083,399.529,278.625,218.113,400.000,269.641,212.768,394.844,0.471,22.162,,,,,0,278.625,218.113,400.000,
1785142159.0081,PID,NORMAL_HOLD,325.00,239.42,316.32,278.342,217.071,399.337,278.625,218.113,400.000,271.257,212.571,396.261,0.663,13.001,,,,,0,278.625,218.113,400.000,
1785142159.0131,PID,NORMAL_HOLD,325.29,239.61,315.60,278.619,216.933,399.778,278.625,218.113,400.000,269.450,213.196,394.821,0.222,21.674,,,,,0,278.625,218.113,400.000,
1785142159.0199,PID,NORMAL_HOLD,325.36,239.62,315.60,278.680,216.934,399.778,278.625,218.113,400.000,269.780,212.739,394.916,0.222,20.675,,,,,0,278.625,218.113,400.000,
1785142159.0225,PID,NORMAL_HOLD,325.29,239.61,316.00,278.617,216.945,399.530,278.625,218.113,400.000,270.642,212.439,396.575,0.470,10.051,,,,,0,278.625,218.113,400.000,
1785142159.0258,PID,NORMAL_HOLD,325.29,239.59,315.50,278.615,216.974,399.839,278.625,218.113,400.000,270.703,212.210,395.893,0.161,14.075,,,,,0,278.625,218.113,400.000,
1785142159.0322,PID,NORMAL_HOLD,325.50,239.63,315.50,278.806,216.967,399.838,278.625,218.113,400.000,269.628,212.282,396.029,0.162,12.960,,,,,0,278.625,218.113,400.000,
1785142159.0371,PID,NORMAL_HOLD,325.29,239.39,315.50,278.615,217.077,399.837,278.625,218.113,400.000,271.238,211.653,396.308,0.163,11.004,,,,,0,278.625,218.113,400.000,
1785142159.0424,PID,NORMAL_HOLD,325.50,239.32,316.20,278.799,217.175,399.407,278.625,218.113,400.000,269.930,211.385,398.768,0.593,-4.386,,,,,0,278.625,218.113,400.000,
1785142159.0498,PID,NORMAL_HOLD,325.50,239.11,315.81,278.795,217.324,399.643,278.625,218.113,400.000,270.331,210.991,398.393,0.357,-1.987,,,,,0,278.625,218.113,400.000,
1785142159.0548,PID,NORMAL_HOLD,325.50,239.11,316.00,278.787,217.423,399.532,278.625,218.113,400.000,270.548,211.119,398.714,0.468,-3.921,,,,,0,278.625,218.113,400.000,
1785142159.0593,PID,NORMAL_HOLD,325.50,239.00,316.00,278.785,217.507,399.532,278.625,218.113,400.000,270.641,211.046,398.767,0.468,-4.176,,,,,0,278.625,218.113,400.000,
1785142159.0656,PID,NORMAL_HOLD,325.50,239.00,315.77,278.783,217.526,399.675,278.625,218.113,400.000,270.674,211.471,397.971,0.325,0.825,,,,,0,278.625,218.113,400.000,
1785142159.0694,PID,NORMAL_HOLD,325.50,238.89,315.98,278.780,217.615,399.546,278.625,218.113,400.000,270.705,211.297,398.347,0.454,-1.509,,,,,0,278.625,218.113,400.000,
1785142159.0726,PID,NORMAL_HOLD,325.28,238.73,315.45,278.579,217.703,399.870,278.625,218.113,400.000,271.798,211.208,396.832,0.130,7.881,,,,,0,278.625,218.113,400.000,
1785142159.0828,PID,NORMAL_HOLD,325.50,238.68,315.00,278.777,217.758,400.148,278.625,218.113,400.000,270.142,211.322,395.183,-0.148,17.911,,,,,0,278.625,218.113,400.000,
1785142159.0848,PID,NORMAL_HOLD,325.50,238.68,315.00,278.777,217.758,400.148,278.625,218.113,400.000,270.419,211.681,394.987,-0.148,18.784,,,,,0,278.625,218.113,400.000,
1785142159.0877,PID,NORMAL_HOLD,325.70,238.67,315.20,278.964,217.758,400.024,278.625,218.113,400.000,269.557,211.859,395.939,-0.024,12.556,,,,,0,278.625,218.113,400.000,
1785142159.0945,PID,NORMAL_HOLD,326.00,238.76,315.45,279.236,217.737,399.867,278.625,218.113,400.000,268.487,212.072,397.316,0.133,3.825,,,,,0,278.625,218.113,400.000,
1785142159.0972,PID,NORMAL_HOLD,326.04,238.75,315.45,279.275,217.731,399.865,278.625,218.113,400.000,269.318,212.090,397.891,0.135,0.204,,,,,0,278.625,218.113,400.000,
1785142159.1024,PID,NORMAL_HOLD,326.04,238.75,315.81,279.277,217.710,399.647,278.625,218.113,400.000,269.924,212.190,399.138,0.353,-7.486,,,,,0,278.625,218.113,400.000,
1785142159.1088,PID,NORMAL_HOLD,326.13,238.78,315.50,279.358,217.679,399.834,278.625,218.113,400.000,269.802,212.286,398.525,0.166,-3.562,,,,,0,278.625,218.113,400.000,
1785142159.1117,PID,NORMAL_HOLD,326.09,238.78,315.50,279.326,217.677,399.835,278.625,218.113,400.000,270.362,212.191,398.227,0.165,-1.659,,,,,0,278.625,218.113,400.000,
1785142159.1187,PID,NORMAL_HOLD,326.01,238.95,316.50,279.250,217.592,399.221,278.625,218.113,400.000,270.867,212.597,401.268,0.779,-20.447,,,,,0,278.625,218.113,400.000,
1785142159.1257,PID,NORMAL_HOLD,326.02,238.91,316.62,279.257,217.609,399.149,278.625,218.113,400.000,270.669,212.248,402.110,0.851,-25.268,,,,,0,278.625,218.113,400.000,
1785142159.1271,PID,NORMAL_HOLD,326.00,238.91,316.76,279.240,217.614,399.059,278.625,218.113,400.000,270.707,212.142,402.229,0.941,-25.517,,,,,0,278.625,218.113,400.000,
1785142159.1341,PID,NORMAL_HOLD,325.86,238.90,316.50,279.111,217.604,399.222,278.625,218.113,400.000,271.348,212.168,400.931,0.778,-17.028,,,,,0,278.625,218.113,400.000,
1785142159.1396,PID,NORMAL_HOLD,325.52,238.89,316.50,278.805,217.572,399.223,278.625,218.113,400.000,272.656,212.307,400.099,0.777,-11.572,,,,,0,278.625,218.113,400.000,
1785142159.1451,PID,NORMAL_HOLD,325.91,238.86,316.50,279.160,217.627,399.221,278.625,218.113,400.000,269.856,211.921,399.539,0.779,-7.899,,,,,0,278.625,218.113,400.000,
1785142159.1492,PID,NORMAL_HOLD,325.50,238.89,317.10,278.779,217.603,398.855,278.625,218.113,400.000,272.447,212.138,400.925,1.145,-16.301,,,,,0,278.625,218.113,400.000,
1785142159.1561,PID,NORMAL_HOLD,325.50,238.89,316.77,278.782,217.568,399.057,278.625,218.113,400.000,271.551,212.318,400.084,0.943,-10.801,,,,,0,278.625,218.113,400.000,
1785142159.1581,PID,NORMAL_HOLD,325.50,238.89,316.50,278.782,217.570,399.223,278.625,218.113,400.000,271.120,212.200,398.742,0.777,-2.314,,,,,0,278.625,218.113,400.000,
1785142159.1638,PID,NORMAL_HOLD,325.50,238.89,316.77,278.782,217.568,399.057,278.625,218.113,400.000,270.907,212.159,399.011,0.943,-3.931,,,,,0,278.625,218.113,400.000,
1785142159.1700,PID,NORMAL_HOLD,325.50,239.00,316.77,278.782,217.520,399.058,278.625,218.113,400.000,270.798,212.403,399.019,0.942,-3.900,,,,,0,278.625,218.113,400.000,
1785142159.1744,PID,NORMAL_HOLD,326.00,239.00,317.10,279.245,217.506,398.851,278.625,218.113,400.000,268.322,212.333,399.934,1.149,-9.472,,,,,0,278.625,218.113,400.000,
1785142159.1784,PID,NORMAL_HOLD,326.00,239.00,317.00,279.245,217.503,398.912,278.625,218.113,400.000,269.435,212.247,399.760,1.088,-8.225,,,,,0,278.625,218.113,400.000,
1785142159.1854,PID,NORMAL_HOLD,326.00,239.00,317.00,279.245,217.503,398.912,278.625,218.113,400.000,269.993,212.184,399.472,1.088,-6.280,,,,,0,278.625,218.113,400.000,
1785142159.1890,PID,NORMAL_HOLD,326.00,239.00,317.38,279.246,217.478,398.676,278.625,218.113,400.000,270.263,212.290,400.488,1.324,-12.449,,,,,0,278.625,218.113,400.000,
1785142159.1949,PID,NORMAL_HOLD,326.00,239.00,317.00,279.246,217.490,398.911,278.625,218.113,400.000,270.409,212.143,399.370,1.089,-5.312,,,,,0,278.625,218.113,400.000,
1785142159.2017,PID,NORMAL_HOLD,326.00,239.00,317.00,279.251,217.424,398.909,278.625,218.113,400.000,270.453,212.476,398.879,1.091,-2.188,,,,,0,278.625,218.113,400.000,
1785142159.2031,PID,NORMAL_HOLD,325.71,239.11,317.45,278.984,217.403,398.635,278.625,218.113,400.000,272.124,212.439,400.263,1.365,-10.754,,,,,0,278.625,218.113,400.000,
1785142159.2084,PID,NORMAL_HOLD,326.00,239.00,317.45,279.246,217.479,398.632,278.625,218.113,400.000,269.935,211.880,400.302,1.368,-10.785,,,,,0,278.625,218.113,400.000,
1785142159.2160,PID,NORMAL_HOLD,325.50,239.11,316.50,278.784,217.453,399.224,278.625,218.113,400.000,272.860,212.151,397.151,0.776,8.885,,,,,0,278.625,218.113,400.000,
1785142159.2200,PID,NORMAL_HOLD,325.50,239.11,317.00,278.785,217.429,398.915,278.625,218.113,400.000,271.769,212.262,397.783,1.085,4.819,,,,,0,278.625,218.113,400.000,
1785142159.2250,PID,NORMAL_HOLD,325.50,239.11,317.00,278.785,217.429,398.915,278.625,218.113,400.000,271.228,212.204,398.102,1.085,2.768,,,,,0,278.625,218.113,400.000,
1785142159.2320,PID,NORMAL_HOLD,325.50,239.11,316.89,278.787,217.416,398.982,278.625,218.113,400.000,270.951,212.253,397.958,1.018,3.607,,,,,0,278.625,218.113,400.000,
1785142159.2335,PID,NORMAL_HOLD,325.50,239.11,316.45,278.788,217.412,399.252,278.625,218.113,400.000,270.814,212.224,396.716,0.748,11.197,,,,,0,278.625,218.113,400.000,
1785142159.2386,PID,NORMAL_HOLD,325.50,239.11,316.00,278.786,217.436,399.532,278.625,218.113,400.000,270.756,212.065,395.392,0.468,19.104,,,,,0,278.625,218.113,400.000,
1785142159.2461,PID,NORMAL_HOLD,325.50,239.11,316.45,278.788,217.412,399.252,278.625,218.113,400.000,270.714,212.255,396.484,0.748,12.024,,,,,0,278.625,218.113,400.000,
1785142159.2498,PID,NORMAL_HOLD,325.50,239.11,315.50,278.789,217.418,399.840,278.625,218.113,400.000,270.695,212.169,394.421,0.160,24.509,,,,,0,278.625,218.113,400.000,
1785142159.2557,PID,NORMAL_HOLD,325.50,239.11,315.50,278.789,217.408,399.839,278.625,218.113,400.000,270.686,212.218,394.128,0.161,25.875,,,,,0,278.625,218.113,400.000,
1785142159.2630,PID,NORMAL_HOLD,325.50,239.11,315.88,278.791,217.385,399.602,278.625,218.113,400.000,270.679,212.320,395.781,0.398,15.193,,,,,0,278.625,218.113,400.000,
1785142159.2649,PID,NORMAL_HOLD,325.88,239.15,315.50,279.145,217.326,399.834,278.625,218.113,400.000,268.836,212.547,395.613,0.166,15.943,,,,,0,278.625,218.113,400.000,
1785142159.2690,PID,NORMAL_HOLD,326.00,239.12,315.49,279.252,217.371,399.841,278.625,218.113,400.000,269.111,212.113,395.839,0.159,14.253,,,,,0,278.625,218.113,400.000,
1785142159.2761,PID,NORMAL_HOLD,325.53,239.11,315.50,278.820,217.325,399.836,278.625,218.113,400.000,272.434,212.421,396.263,0.164,11.373,,,,,0,278.625,218.113,400.000,
1785142159.2806,PID,NORMAL_HOLD,325.87,239.22,315.50,279.136,217.293,399.835,278.625,218.113,400.000,269.787,212.477,396.687,0.165,8.549,,,,,0,278.625,218.113,400.000,
1785142159.2858,PID,NORMAL_HOLD,325.20,239.17,315.50,278.522,217.283,399.839,278.625,218.113,400.000,273.585,212.391,397.044,0.161,6.173,,,,,0,278.625,218.113,400.000,
1785142159.2930,PID,NORMAL_HOLD,325.50,239.11,315.50,278.796,217.326,399.836,278.625,218.113,400.000,270.608,212.047,397.262,0.164,4.722,,,,,0,278.625,218.113,400.000,
1785142159.2948,PID,NORMAL_HOLD,325.13,239.22,315.50,278.455,217.256,399.840,278.625,218.113,400.000,272.491,212.494,397.456,0.160,3.437,,,,,0,278.625,218.113,400.000,
1785142159.3006,PID,NORMAL_HOLD,325.00,239.12,315.00,278.329,217.411,400.153,278.625,218.113,400.000,272.321,211.508,396.115,-0.153,11.641,,,,,0,278.625,218.113,400.000,
1785142159.3070,PID,NORMAL_HOLD,325.00,239.12,315.50,278.328,217.413,399.844,278.625,218.113,400.000,271.579,211.822,397.358,0.156,3.760,,,,,0,278.625,218.113,400.000,
1785142159.3100,PID,NORMAL_HOLD,325.00,239.12,315.50,278.328,217.413,399.844,278.625,218.113,400.000,271.202,211.990,397.910,0.156,0.277,,,,,0,278.625,218.113,400.000,
1785142159.3155,PID,NORMAL_HOLD,325.00,239.00,315.50,278.327,217.483,399.844,278.625,218.113,400.000,271.021,211.682,398.100,0.156,-0.896,,,,,0,278.625,218.113,400.000,
1785142159.3220,PID,NORMAL_HOLD,325.00,239.00,315.10,278.328,217.469,400.091,278.625,218.113,400.000,270.913,211.985,397.032,-0.091,5.689,,,,,0,278.625,218.113,400.000,
1785142159.3232,PID,NORMAL_HOLD,325.00,239.00,314.50,278.327,217.509,400.462,278.625,218.113,400.000,270.879,211.828,394.600,-0.462,20.673,,,,,0,278.625,218.113,400.000,
1785142159.3280,PID,NORMAL_HOLD,325.00,239.00,314.50,278.327,217.509,400.462,278.625,218.113,400.000,270.852,211.979,394.417,-0.462,21.419,,,,,0,278.625,218.113,400.000,
1785142159.3355,PID,NORMAL_HOLD,325.50,238.89,314.46,278.785,217.583,400.482,278.625,218.113,400.000,268.477,211.677,394.798,-0.482,18.652,,,,,0,278.625,218.113,400.000,
1785142159.3404,PID,NORMAL_HOLD,325.50,239.00,314.50,278.785,217.534,400.457,278.625,218.113,400.000,269.581,212.142,395.480,-0.457,14.084,,,,,0,278.625,218.113,400.000,
1785142159.3446,PID,NORMAL_HOLD,325.50,239.00,314.50,278.785,217.534,400.457,278.625,218.113,400.000,270.134,212.132,395.956,-0.457,10.894,,,,,0,278.625,218.113,400.000,
1785142159.3512,PID,NORMAL_HOLD,326.00,238.88,314.75,279.243,217.612,400.297,278.625,218.113,400.000,267.912,211.705,397.175,-0.297,3.169,,,,,0,278.625,218.113,400.000,
1785142159.3553,PID,NORMAL_HOLD,325.91,238.88,314.50,279.164,217.610,400.452,278.625,218.113,400.000,269.595,211.911,396.994,-0.452,4.212,,,,,0,278.625,218.113,400.000,
1785142159.3581,PID,NORMAL_HOLD,326.00,238.88,314.78,279.244,217.587,400.281,278.625,218.113,400.000,269.498,212.170,397.881,-0.281,-1.364,,,,,0,278.625,218.113,400.000,
1785142159.3654,PID,NORMAL_HOLD,326.50,239.00,315.50,279.701,217.578,399.833,278.625,218.113,400.000,267.573,212.190,400.229,0.167,-15.818,,,,,0,278.625,218.113,400.000,
1785142159.3700,PID,NORMAL_HOLD,326.00,239.00,315.50,279.242,217.553,399.837,278.625,218.113,400.000,271.467,212.285,400.819,0.163,-19.181,,,,,0,278.625,218.113,400.000,
1785142159.3729,PID,NORMAL_HOLD,326.00,239.00,315.78,279.244,217.527,399.667,278.625,218.113,400.000,270.997,212.354,401.323,0.333,-21.926,,,,,0,278.625,218.113,400.000,
1785142159.3820,PID,NORMAL_HOLD,326.00,239.00,315.50,279.242,217.553,399.837,278.625,218.113,400.000,270.781,212.095,400.172,0.163,-14.404,,,,,0,278.625,218.113,400.000,
1785142159.3836,PID,NORMAL_HOLD,326.00,239.00,315.50,279.242,217.553,399.837,278.625,218.113,400.000,270.664,212.108,399.496,0.163,-9.972,,,,,0,278.625,218.113,400.000,
1785142159.3882,PID,NORMAL_HOLD,326.00,239.00,315.50,279.242,217.553,399.837,278.625,218.113,400.000,270.605,212.114,399.019,0.163,-6.838,,,,,0,278.625,218.113,400.000,
1785142159.3950,PID,NORMAL_HOLD,326.00,239.00,315.50,279.242,217.553,399.837,278.625,218.113,400.000,270.575,212.117,398.676,0.163,-4.593,,,,,0,278.625,218.113,400.000,
1785142159.3982,PID,NORMAL_HOLD,326.00,239.00,315.50,279.244,217.532,399.836,278.625,218.113,400.000,270.551,212.238,398.479,0.164,-3.293,,,,,0,278.625,218.113,400.000,
1785142159.4031,PID,NORMAL_HOLD,326.00,239.00,315.90,279.244,217.527,399.588,278.625,218.113,400.000,270.548,212.214,399.507,0.412,-9.571,,,,,0,278.625,218.113,400.000,
1785142159.4099,PID,NORMAL_HOLD,326.00,239.00,316.00,279.248,217.481,399.527,278.625,218.113,400.000,270.527,212.423,399.955,0.473,-12.151,,,,,0,278.625,218.113,400.000,
1785142159.4123,PID,NORMAL_HOLD,326.50,239.00,315.98,279.708,217.493,399.537,278.625,218.113,400.000,267.982,212.217,399.767,0.463,-10.753,,,,,0,278.625,218.113,400.000,
1785142159.4182,PID,NORMAL_HOLD,326.19,239.11,316.00,279.426,217.418,399.526,278.625,218.113,400.000,270.827,212.612,399.551,0.474,-9.222,,,,,0,278.625,218.113,400.000,
1785142159.4238,PID,NORMAL_HOLD,326.47,239.11,315.50,279.689,217.372,399.829,278.625,218.113,400.000,269.230,212.634,397.773,0.171,1.929,,,,,0,278.625,218.113,400.000,
1785142159.4279,PID,NORMAL_HOLD,326.47,239.11,316.00,279.689,217.369,399.522,278.625,218.113,400.000,269.819,212.423,398.692,0.478,-3.779,,,,,0,278.625,218.113,400.000,
1785142159.4345,PID,NORMAL_HOLD,326.13,239.22,316.04,279.378,217.233,399.499,278.625,218.113,400.000,271.811,213.046,399.023,0.501,-5.750,,,,,0,278.625,218.113,400.000,
1785142159.4414,PID,NORMAL_HOLD,326.53,239.31,316.50,279.752,217.186,399.213,278.625,218.113,400.000,269.048,212.894,400.236,0.787,-13.083,,,,,0,278.625,218.113,400.000,
1785142159.4462,PID,NORMAL_HOLD,326.50,239.32,316.57,279.722,217.169,399.171,278.625,218.113,400.000,269.889,212.664,400.879,0.829,-16.848,,,,,0,278.625,218.113,400.000,
1785142159.4498,PID,NORMAL_HOLD,326.50,239.32,316.50,279.726,217.120,399.211,278.625,218.113,400.000,270.121,212.723,400.426,0.789,-13.740,,,,,0,278.625,218.113,400.000,
1785142159.4573,PID,NORMAL_HOLD,326.00,239.50,317.00,279.265,217.030,398.909,278.625,218.113,400.000,272.666,212.959,401.415,1.091,-19.584,,,,,0,278.625,218.113,400.000,
1785142159.4601,PID,NORMAL_HOLD,325.72,239.59,317.00,279.007,216.951,398.910,278.625,218.113,400.000,273.134,213.095,401.289,1.090,-18.437,,,,,0,278.625,218.113,400.000,
1785142159.4649,PID,NORMAL_HOLD,325.69,239.60,317.54,278.984,216.942,398.577,278.625,218.113,400.000,272.001,212.748,402.387,1.423,-24.845,,,,,0,278.625,218.113,400.000,
1785142159.4720,PID,NORMAL_HOLD,325.50,239.63,317.23,278.807,216.910,398.768,278.625,218.113,400.000,272.210,212.693,401.369,1.232,-18.100,,,,,0,278.625,218.113,400.000,
1785142159.4758,PID,NORMAL_HOLD,325.14,239.71,317.50,278.474,216.862,398.606,278.625,218.113,400.000,273.273,212.770,401.297,1.394,-17.297,,,,,0,278.625,218.113,400.000,
1785142159.4792,PID,NORMAL_HOLD,325.05,239.68,316.60,278.390,216.874,399.163,278.625,218.113,400.000,272.549,212.478,398.137,0.837,2.557,,,,,0,278.625,218.113,400.000,
1785142159.4861,PID,NORMAL_HOLD,324.70,239.64,316.54,278.076,216.879,399.199,278.625,218.113,400.000,273.421,212.377,396.990,0.801,9.586,,,,,0,278.625,218.113,400.000,
1785142159.4887,PID,NORMAL_HOLD,324.50,239.68,316.54,277.889,216.849,399.200,278.625,218.113,400.000,273.168,212.517,396.765,0.800,10.803,,,,,0,278.625,218.113,400.000,
1785142159.4931,PID,NORMAL_HOLD,325.30,239.52,317.00,278.626,216.965,398.911,278.625,218.113,400.000,267.689,211.745,398.343,1.089,0.865,,,,,0,278.625,218.113,400.000,
1785142159.5004,PID,NORMAL_HOLD,324.50,239.68,316.50,277.887,216.870,399.227,278.625,218.113,400.000,273.154,212.532,397.543,0.773,5.753,,,,,0,278.625,218.113,400.000,
1785142159.5041,PID,NORMAL_HOLD,325.00,239.50,316.00,278.346,217.004,399.532,278.625,218.113,400.000,269.445,211.674,395.489,0.468,18.397,,,,,0,278.625,218.113,400.000,
1785142159.5085,PID,NORMAL_HOLD,324.80,239.58,316.00,278.167,216.936,399.533,278.625,218.113,400.000,271.152,212.373,395.338,0.467,19.000,,,,,0,278.625,218.113,400.000,
1785142159.5152,PID,NORMAL_HOLD,325.20,239.38,316.00,278.528,217.120,399.531,278.625,218.113,400.000,269.092,211.368,395.797,0.469,15.810,,,,,0,278.625,218.113,400.000,
1785142159.5193,PID,NORMAL_HOLD,325.30,239.36,315.91,278.614,217.129,399.587,278.625,218.113,400.000,269.434,211.767,396.046,0.413,13.967,,,,,0,278.625,218.113,400.000,
1785142159.5239,PID,NORMAL_HOLD,325.30,239.28,316.00,278.616,217.197,399.530,278.625,218.113,400.000,270.071,211.623,396.669,0.470,9.873,,,,,0,278.625,218.113,400.000,
1785142159.5326,PID,NORMAL_HOLD,325.30,239.33,316.00,278.612,217.175,399.531,278.625,218.113,400.000,270.418,212.052,397.143,0.469,6.765,,,,,0,278.625,218.113,400.000,
1785142159.5356,PID,NORMAL_HOLD,325.50,239.32,316.00,278.798,217.192,399.529,278.625,218.113,400.000,269.532,212.052,397.479,0.471,4.561,,,,,0,278.625,218.113,400.000,
1785142159.5404,PID,NORMAL_HOLD,325.50,239.32,316.20,278.797,217.205,399.405,278.625,218.113,400.000,270.111,212.078,398.307,0.595,-0.635,,,,,0,278.625,218.113,400.000,
1785142159.5490,PID,NORMAL_HOLD,325.50,239.32,316.20,278.797,217.205,399.405,278.625,218.113,400.000,270.393,212.159,398.600,0.595,-2.437,,,,,0,278.625,218.113,400.000,
1785142159.5514,PID,NORMAL_HOLD,325.50,239.32,315.89,278.803,217.137,399.596,278.625,218.113,400.000,270.502,212.580,397.699,0.404,3.170,,,,,0,278.625,218.113,400.000,
1785142159.5567,PID,NORMAL_HOLD,325.20,239.38,315.50,278.532,217.078,399.838,278.625,218.113,400.000,272.060,212.741,396.309,0.162,11.688,,,,,0,278.625,218.113,400.000,
1785142159.5661,PID,NORMAL_HOLD,325.00,239.42,315.50,278.346,217.048,399.840,278.625,218.113,400.000,272.489,212.683,396.063,0.160,12.982,,,,,0,278.625,218.113,400.000,
1785142159.5681,PID,NORMAL_HOLD,324.70,239.52,315.50,278.069,216.980,399.843,278.625,218.113,400.000,273.122,212.851,396.453,0.157,10.286,,,,,0,278.625,218.113,400.000,
1785142159.5721,PID,NORMAL_HOLD,325.00,239.50,315.00,278.348,217.000,400.149,278.625,218.113,400.000,270.428,212.465,394.240,-0.149,23.982,,,,,0,278.625,218.113,400.000,
1785142159.5783,PID,NORMAL_HOLD,325.00,239.50,315.00,278.349,216.987,400.148,278.625,218.113,400.000,270.615,212.452,394.645,-0.148,21.040,,,,,0,278.625,218.113,400.000,
1785142159.5813,PID,NORMAL_HOLD,325.30,239.52,315.00,278.627,216.996,400.146,278.625,218.113,400.000,269.040,212.330,395.327,-0.146,16.427,,,,,0,278.625,218.113,400.000,
1785142159.5853,PID,NORMAL_HOLD,325.00,239.50,315.00,278.349,216.987,400.148,278.625,218.113,400.000,271.409,212.365,395.886,-0.148,12.677,,,,,0,278.625,218.113,400.000,
1785142159.5921,PID,NORMAL_HOLD,325.30,239.52,314.50,278.627,217.001,400.455,278.625,218.113,400.000,269.484,212.254,394.844,-0.455,18.880,,,,,0,278.625,218.113,400.000,
1785142159.5980,PID,NORMAL_HOLD,325.29,239.61,314.00,278.620,216.958,400.764,278.625,218.113,400.000,270.149,212.518,393.372,-0.764,27.625,,,,,0,278.625,218.113,400.000,
1785142159.6016,PID,NORMAL_HOLD,325.50,239.68,314.00,278.809,216.935,400.763,278.625,218.113,400.000,269.373,212.552,393.575,-0.763,25.841,,,,,0,278.625,218.113,400.000,
1785142159.6083,PID,NORMAL_HOLD,325.70,239.48,313.50,278.991,217.021,401.066,278.625,218.113,400.000,269.027,211.967,392.665,-1.066,30.989,,,,,0,278.625,218.113,400.000,
1785142159.6101,PID,NORMAL_HOLD,325.63,239.51,314.00,278.925,217.003,400.759,278.625,218.113,400.000,270.191,212.238,394.579,-0.759,18.590,,,,,0,278.625,218.113,400.000,
1785142159.6146,PID,NORMAL_HOLD,325.86,239.51,314.00,279.140,217.013,400.757,278.625,218.113,400.000,269.281,212.221,395.664,-0.757,11.544,,,,,0,278.625,218.113,400.000,
1785142159.6219,PID,NORMAL_HOLD,325.50,239.55,314.00,278.810,216.978,400.761,278.625,218.113,400.000,271.886,212.472,396.291,-0.761,7.458,,,,,0,278.625,218.113,400.000,
1785142159.6247,PID,NORMAL_HOLD,325.50,239.55,314.50,278.811,216.954,400.452,278.625,218.113,400.000,271.273,212.517,398.175,-0.452,-4.308,,,,,0,278.625,218.113,400.000,
1785142159.6316,PID,NORMAL_HOLD,325.69,239.72,315.30,278.991,216.844,399.961,278.625,218.113,400.000,269.861,213.100,401.129,0.039,-22.455,,,,,0,278.625,218.113,400.000,
1785142159.6381,PID,NORMAL_HOLD,325.91,239.78,315.44,279.185,216.833,399.869,278.625,218.113,400.000,269.167,212.788,402.117,0.131,-28.139,,,,,0,278.625,218.113,400.000,
1785142159.6411,PID,NORMAL_HOLD,325.65,239.94,315.20,278.954,216.666,400.018,278.625,218.113,400.000,271.135,213.494,401.113,-0.018,-21.411,,,,,0,278.625,218.113,400.000,
1785142159.6461,PID,NORMAL_HOLD,325.50,240.00,315.50,278.821,216.609,399.836,278.625,218.113,400.000,271.623,213.275,401.184,0.164,-21.460,,,,,0,278.625,218.113,400.000,
1785142159.6523,PID,NORMAL_HOLD,325.50,240.00,315.19,278.827,216.535,400.021,278.625,218.113,400.000,271.109,213.268,399.816,-0.021,-12.615,,,,,0,278.625,218.113,400.000,
1785142159.6552,PID,NORMAL_HOLD,325.50,240.00,315.45,278.827,216.528,399.863,278.625,218.113,400.000,270.887,212.901,399.790,0.137,-12.214,,,,,0,278.625,218.113,400.000,
1785142159.6603,PID,NORMAL_HOLD,325.50,240.00,315.00,278.829,216.512,400.140,278.625,218.113,400.000,270.765,212.765,398.169,-0.140,-1.975,,,,,0,278.625,218.113,400.000,
1785142159.6660,PID,NORMAL_HOLD,325.50,240.00,315.00,278.829,216.512,400.140,278.625,218.113,400.000,270.715,212.614,397.573,-0.140,1.731,,,,,0,278.625,218.113,400.000,
1785142159.6709,PID,NORMAL_HOLD,325.52,240.11,315.00,278.849,216.502,400.143,278.625,218.113,400.000,270.579,212.594,397.365,-0.143,2.988,,,,,0,278.625,218.113,400.000,
1785142159.6754,PID,NORMAL_HOLD,325.50,240.00,315.00,278.824,216.578,400.143,278.625,218.113,400.000,270.762,212.100,397.364,-0.143,2.938,,,,,0,278.625,218.113,400.000,
1785142159.6822,PID,NORMAL_HOLD,326.00,240.00,315.20,279.284,216.586,400.017,278.625,218.113,400.000,268.154,212.229,398.013,-0.017,-1.120,,,,,0,278.625,218.113,400.000,
1785142159.6846,PID,NORMAL_HOLD,326.00,240.00,315.19,279.281,216.624,400.022,278.625,218.113,400.000,269.356,212.144,398.206,-0.022,-2.288,,,,,0,278.625,218.113,400.000,
1785142159.6908,PID,NORMAL_HOLD,326.00,240.00,315.17,279.281,216.624,400.034,278.625,218.113,400.000,269.941,212.291,398.180,-0.034,-2.086,,,,,0,278.625,218.113,400.000,
1785142159.6988,PID,NORMAL_HOLD,326.00,240.00,315.50,279.280,216.634,399.832,278.625,218.113,400.000,270.240,212.308,399.049,0.168,-7.400,,,,,0,278.625,218.113,400.000,
1785142159.7019,PID,NORMAL_HOLD,325.73,239.95,315.50,279.031,216.645,399.833,278.625,218.113,400.000,271.792,212.308,399.124,0.167,-7.699,,,,,0,278.625,218.113,400.000,
1785142159.7066,PID,NORMAL_HOLD,326.29,239.89,315.50,279.542,216.700,399.828,278.625,218.113,400.000,268.601,212.092,399.186,0.172,-7.965,,,,,0,278.625,218.113,400.000,
1785142159.7161,PID,NORMAL_HOLD,326.00,239.88,316.00,279.277,216.719,399.524,278.625,218.113,400.000,270.341,212.194,399.526,0.476,-9.701,,,,,0,278.625,218.113,400.000,
1785142159.7205,PID,NORMAL_HOLD,326.00,239.88,316.00,279.279,216.685,399.523,278.625,218.113,400.000,270.419,212.490,400.081,0.477,-12.945,,,,,0,278.625,218.113,400.000,
1785142159.7259,PID,NORMAL_HOLD,326.00,240.00,316.50,279.279,216.627,399.216,278.625,218.113,400.000,270.473,212.768,401.471,0.784,-21.284,,,,,0,278.625,218.113,400.000,
1785142159.7328,PID,NORMAL_HOLD,326.00,240.00,316.50,279.285,216.551,399.213,278.625,218.113,400.000,270.464,213.041,401.417,0.787,-20.529,,,,,0,278.625,218.113,400.000,
1785142159.7359,PID,NORMAL_HOLD,326.00,240.00,316.46,279.288,216.521,399.239,278.625,218.113,400.000,270.481,212.910,400.914,0.761,-17.050,,,,,0,278.625,218.113,400.000,
1785142159.7407,PID,NORMAL_HOLD,325.50,240.00,316.00,278.829,216.492,399.523,278.625,218.113,400.000,273.207,212.858,398.958,0.477,-4.660,,,,,0,278.625,218.113,400.000,
1785142159.7493,PID,NORMAL_HOLD,325.50,240.00,316.45,278.827,216.511,399.244,278.625,218.113,400.000,271.946,212.566,399.467,0.756,-7.704,,,,,0,278.625,218.113,400.000,
1785142159.7506,PID,NORMAL_HOLD,325.50,240.11,316.00,278.828,216.457,399.525,278.625,218.113,400.000,271.297,212.813,398.110,0.475,0.819,,,,,0,278.625,218.113,400.000,
1785142159.7552,PID,NORMAL_HOLD,325.35,240.06,316.00,278.691,216.507,399.526,278.625,218.113,400.000,271.732,212.378,397.658,0.474,3.598,,,,,0,278.625,218.113,400.000,
1785142159.7613,PID,NORMAL_HOLD,325.19,240.11,315.50,278.541,216.510,399.838,278.625,218.113,400.000,272.094,212.415,396.144,0.162,12.861,,,,,0,278.625,218.113,400.000,
1785142159.7656,PID,NORMAL_HOLD,325.00,240.00,315.81,278.364,216.551,399.649,278.625,218.113,400.000,272.378,212.222,396.751,0.351,8.876,,,,,0,278.625,218.113,400.000,
1785142159.7704,PID,NORMAL_HOLD,325.00,240.00,315.44,278.365,216.552,399.875,278.625,218.113,400.000,271.585,212.342,396.048,0.125,13.056,,,,,0,278.625,218.113,400.000,
1785142159.7770,PID,NORMAL_HOLD,325.01,239.95,315.47,278.370,216.632,399.856,278.625,218.113,400.000,271.163,211.943,396.239,0.144,11.624,,,,,0,278.625,218.113,400.000,
1785142159.7814,PID,NORMAL_HOLD,325.11,239.79,315.50,278.452,216.793,399.840,278.625,218.113,400.000,270.534,211.317,396.612,0.160,9.107,,,,,0,278.625,218.113,400.000,
1785142159.7867,PID,NORMAL_HOLD,325.14,239.71,315.54,278.477,216.874,399.814,278.625,218.113,400.000,270.514,211.403,397.073,0.186,6.096,,,,,0,278.625,218.113,400.000,
1785142159.7932,PID,NORMAL_HOLD,325.05,239.68,315.93,278.388,216.915,399.574,278.625,218.113,400.000,271.131,211.660,398.527,0.426,-2.986,,,,,0,278.625,218.113,400.000,
1785142159.7959,PID,NORMAL_HOLD,325.00,239.50,316.00,278.343,217.031,399.533,278.625,218.113,400.000,271.216,211.357,399.136,0.467,-6.680,,,,,0,278.625,218.113,400.000,
1785142159.8021,PID,NORMAL_HOLD,325.30,239.36,316.49,278.610,217.161,399.232,278.625,218.113,400.000,269.652,211.177,400.819,0.768,-16.965,,,,,0,278.625,218.113,400.000,
1785142159.8079,PID,NORMAL_HOLD,325.50,239.32,316.29,278.799,217.180,399.352,278.625,218.113,400.000,269.018,211.615,400.355,0.648,-13.785,,,,,0,278.625,218.113,400.000,
1785142159.8107,PID,NORMAL_HOLD,325.50,239.32,316.44,278.798,217.192,399.258,278.625,218.113,400.000,269.850,211.883,400.372,0.742,-13.632,,,,,0,278.625,218.113,400.000,
1785142159.8170,PID,NORMAL_HOLD,325.50,239.32,316.50,278.799,217.166,399.220,278.625,218.113,400.000,270.250,212.216,400.233,0.780,-12.519,,,,,0,278.625,218.113,400.000,
1785142159.8236,PID,NORMAL_HOLD,325.50,239.32,316.81,278.797,217.192,399.032,278.625,218.113,400.000,270.475,212.095,400.790,0.968,-15.715,,,,,0,278.625,218.113,400.000,
1785142159.8264,PID,NORMAL_HOLD,325.28,239.41,317.50,278.598,217.095,398.605,278.625,218.113,400.000,271.681,212.725,402.727,1.395,-27.371,,,,,0,278.625,218.113,400.000,
1785142159.8334,PID,NORMAL_HOLD,325.00,239.50,317.00,278.347,216.956,398.912,278.625,218.113,400.000,272.580,213.278,401.321,1.088,-18.184,,,,,0,278.625,218.113,400.000,
1785142159.8397,PID,NORMAL_HOLD,325.29,239.61,317.00,278.618,216.903,398.912,278.625,218.113,400.000,270.142,213.121,400.412,1.088,-12.235,,,,,0,278.625,218.113,400.000,
1785142159.8421,PID,NORMAL_HOLD,325.00,239.76,316.50,278.351,216.806,399.223,278.625,218.113,400.000,271.879,213.270,398.359,0.777,0.660,,,,,0,278.625,218.113,400.000,
1785142159.8469,PID,NORMAL_HOLD,325.09,239.78,317.00,278.440,216.739,398.912,278.625,218.113,400.000,270.840,213.210,399.110,1.088,-3.988,,,,,0,278.625,218.113,400.000,
1785142159.8530,PID,NORMAL_HOLD,325.25,239.84,316.81,278.590,216.671,399.027,278.625,218.113,400.000,270.000,213.182,398.733,0.973,-1.580,,,,,0,278.625,218.113,400.000,
1785142159.8559,PID,NORMAL_HOLD,325.14,239.90,316.43,278.490,216.628,399.261,278.625,218.113,400.000,270.865,213.027,397.396,0.739,6.707,,,,,0,278.625,218.113,400.000,
1785142159.8624,PID,NORMAL_HOLD,325.14,239.90,316.81,278.488,216.637,399.029,278.625,218.113,400.000,270.825,212.677,398.220,0.971,1.500,,,,,0,278.625,218.113,400.000,
1785142159.8688,PID,NORMAL_HOLD,325.00,239.94,316.50,278.360,216.603,399.221,278.625,218.113,400.000,271.501,212.753,397.684,0.779,4.768,,,,,0,278.625,218.113,400.000,
1785142159.8720,PID,NORMAL_HOLD,325.14,239.90,316.50,278.489,216.627,399.220,278.625,218.113,400.000,270.425,212.473,397.541,0.780,5.570,,,,,0,278.625,218.113,400.000,
1785142159.8768,PID,NORMAL_HOLD,325.50,239.89,316.89,278.811,216.756,398.978,278.625,218.113,400.000,268.964,211.813,398.835,1.022,-2.525,,,,,0,278.625,218.113,400.000,
1785142159.8829,PID,NORMAL_HOLD,325.50,239.82,316.50,278.810,216.804,399.221,278.625,218.113,400.000,269.818,211.823,398.058,0.779,2.312,,,,,0,278.625,218.113,400.000,
1785142159.8872,PID,NORMAL_HOLD,325.59,239.69,316.50,278.892,216.881,399.220,278.625,218.113,400.000,269.784,211.680,397.810,0.780,3.803,,,,,0,278.625,218.113,400.000,
1785142159.8931,PID,NORMAL_HOLD,325.83,239.71,316.58,279.108,216.881,399.166,278.625,218.113,400.000,269.009,212.035,398.075,0.834,2.104,,,,,0,278.625,218.113,400.000,
1785142159.8987,PID,NORMAL_HOLD,325.72,239.59,316.50,279.008,216.954,399.218,278.625,218.113,400.000,270.354,211.799,397.980,0.782,2.646,,,,,0,278.625,218.113,400.000,
1785142159.9024,PID,NORMAL_HOLD,325.72,239.59,316.60,279.007,216.957,399.158,278.625,218.113,400.000,270.482,212.065,398.281,0.842,0.743,,,,,0,278.625,218.113,400.000,
1785142159.9079,PID,NORMAL_HOLD,325.72,239.59,316.50,279.008,216.954,399.218,278.625,218.113,400.000,270.542,212.230,398.094,0.782,1.890,,,,,0,278.625,218.113,400.000,
1785142159.9153,PID,NORMAL_HOLD,325.95,239.68,317.00,279.225,216.921,398.910,278.625,218.113,400.000,269.940,212.393,399.508,1.090,-6.849,,,,,0,278.625,218.113,400.000,
1785142159.9205,PID,NORMAL_HOLD,326.00,239.69,317.00,279.268,216.902,398.910,278.625,218.113,400.000,269.996,212.491,399.919,1.090,-9.255,,,,,0,278.625,218.113,400.000,
1785142159.9257,PID,NORMAL_HOLD,326.10,239.67,317.24,279.363,216.898,398.761,278.625,218.113,400.000,269.730,212.461,400.609,1.239,-13.347,,,,,0,278.625,218.113,400.000,
1785142159.9322,PID,NORMAL_HOLD,326.09,239.78,317.55,279.357,216.815,398.572,278.625,218.113,400.000,270.142,212.841,400.541,1.428,-12.457,,,,,0,278.625,218.113,400.000,
1785142159.9365,PID,NORMAL_HOLD,326.00,239.88,317.21,279.279,216.677,398.780,278.625,218.113,400.000,270.796,213.464,399.877,1.220,-8.120,,,,,0,278.625,218.113,400.000,
1785142159.9431,PID,NORMAL_HOLD,326.29,239.89,317.00,279.548,216.618,398.903,278.625,218.113,400.000,269.191,213.279,398.864,1.097,-1.716,,,,,0,278.625,218.113,400.000,
1785142159.9489,PID,NORMAL_HOLD,326.00,240.00,317.00,279.285,216.552,398.906,278.625,218.113,400.000,271.319,213.249,398.468,1.094,0.760,,,,,0,278.625,218.113,400.000,
1785142159.9535,PID,NORMAL_HOLD,326.00,240.00,316.98,279.285,216.553,398.920,278.625,218.113,400.000,270.919,212.867,398.256,1.080,2.058,,,,,0,278.625,218.113,400.000,
1785142159.9580,PID,NORMAL_HOLD,326.00,240.00,316.50,279.286,216.545,399.213,278.625,218.113,400.000,270.712,212.730,396.797,0.787,11.037,,,,,0,278.625,218.113,400.000,
1785142159.9659,PID,NORMAL_HOLD,326.00,240.00,316.22,279.282,216.597,399.390,278.625,218.113,400.000,270.627,212.460,395.761,0.610,17.205,,,,,0,278.625,218.113,400.000,
1785142159.9705,PID,NORMAL_HOLD,326.07,239.80,315.81,279.339,216.726,399.637,278.625,218.113,400.000,270.279,211.812,394.584,0.363,24.139,,,,,0,278.625,218.113,400.000,
1785142159.9762,PID,NORMAL_HOLD,326.09,239.78,316.00,279.359,216.806,399.524,278.625,218.113,400.000,270.266,211.623,395.147,0.476,20.227,,,,,0,278.625,218.113,400.000,
1785142159.9827,PID,NORMAL_HOLD,326.50,239.68,315.90,279.728,216.928,399.582,278.625,218.113,400.000,268.385,211.362,395.578,0.418,17.189,,,,,0,278.625,218.113,400.000,
1785142159.9875,PID,NORMAL_HOLD,326.50,239.68,315.50,279.726,216.958,399.830,278.625,218.113,400.000,269.397,211.703,394.894,0.170,21.095,,,,,0,278.625,218.113,400.000,
1785142159.9906,PID,NORMAL_HOLD,326.50,239.37,315.50,279.722,217.148,399.828,278.625,218.113,400.000,269.910,211.066,395.130,0.172,19.249,,,,,0,278.625,218.113,400.000,
1785142159.9995,PID,NORMAL_HOLD,326.50,239.32,315.45,279.721,217.189,399.857,278.625,218.113,400.000,270.155,211.442,395.552,0.143,16.278,,,,,0,278.625,218.113,400.000,
1785142160.0010,PID,NORMAL_HOLD,326.50,239.32,315.50,279.714,217.280,399.831,278.625,218.113,400.000,270.309,211.364,396.151,0.169,12.280,,,,,0,278.625,218.113,400.000,
1785142160.0057,PID,NORMAL_HOLD,326.53,239.31,315.49,279.747,217.258,399.836,278.625,218.113,400.000,270.159,211.942,396.618,0.164,9.170,,,,,0,278.625,218.113,400.000,
1785142160.0131,PID,NORMAL_HOLD,326.50,239.32,315.50,279.714,217.280,399.831,278.625,218.113,400.000,270.445,211.999,397.023,0.169,6.502,,,,,0,278.625,218.113,400.000,
1785142160.0178,PID,NORMAL_HOLD,326.50,239.32,316.00,279.714,217.277,399.524,278.625,218.113,400.000,270.414,212.156,398.785,0.476,-4.488,,,,,0,278.625,218.113,400.000,
1785142160.0225,PID,NORMAL_HOLD,326.29,239.39,315.45,279.531,217.144,399.859,278.625,218.113,400.000,271.459,212.987,397.702,0.141,2.279,,,,,0,278.625,218.113,400.000,
1785142160.0295,PID,NORMAL_HOLD,326.28,239.59,315.53,279.522,217.035,399.815,278.625,218.113,400.000,271.000,213.256,397.576,0.185,3.016,,,,,0,278.625,218.113,400.000,
1785142160.0311,PID,NORMAL_HOLD,326.50,239.76,315.50,279.726,216.922,399.831,278.625,218.113,400.000,269.610,213.424,397.537,0.169,3.195,,,,,0,278.625,218.113,400.000,
1785142160.0361,PID,NORMAL_HOLD,326.13,239.78,315.92,279.385,216.887,399.578,278.625,218.113,400.000,271.946,213.106,398.836,0.422,-4.884,,,,,0,278.625,218.113,400.000,
1785142160.0426,PID,NORMAL_HOLD,326.19,239.89,315.17,279.450,216.775,400.034,278.625,218.113,400.000,270.859,213.369,396.964,-0.034,6.755,,,,,0,278.625,218.113,400.000,
1785142160.0471,PID,NORMAL_HOLD,326.50,240.00,315.21,279.738,216.662,400.009,278.625,218.113,400.000,269.060,213.528,396.572,-0.009,9.054,,,,,0,278.625,218.113,400.000,
1785142160.0506,PID,NORMAL_HOLD,326.00,240.00,314.83,279.285,216.571,400.244,278.625,218.113,400.000,272.164,213.491,395.570,-0.244,15.049,,,,,0,278.625,218.113,400.000,
1785142160.0579,PID,NORMAL_HOLD,326.00,240.00,315.00,279.285,216.574,400.137,278.625,218.113,400.000,271.340,212.977,395.966,-0.137,12.336,,,,,0,278.625,218.113,400.000,
1785142160.0615,PID,NORMAL_HOLD,326.00,240.00,315.00,279.282,216.604,400.138,278.625,218.113,400.000,270.938,212.569,396.413,-0.138,9.347,,,,,0,278.625,218.113,400.000,
1785142160.0683,PID,NORMAL_HOLD,326.00,240.00,314.88,279.285,216.575,400.213,278.625,218.113,400.000,270.711,212.691,396.434,-0.213,9.035,,,,,0,278.625,218.113,400.000,
1785142160.0748,PID,NORMAL_HOLD,326.00,240.00,314.81,279.280,216.639,400.255,278.625,218.113,400.000,270.635,212.272,396.414,-0.255,8.993,,,,,0,278.625,218.113,400.000,
1785142160.0761,PID,NORMAL_HOLD,325.87,239.78,314.55,279.156,216.814,400.419,278.625,218.113,400.000,271.362,211.258,395.890,-0.419,12.046,,,,,0,278.625,218.113,400.000,
1785142160.0817,PID,NORMAL_HOLD,325.50,239.76,315.00,278.812,216.833,400.145,278.625,218.113,400.000,272.840,211.739,397.257,-0.145,3.383,,,,,0,278.625,218.113,400.000,
1785142160.0886,PID,NORMAL_HOLD,326.00,239.50,315.50,279.267,217.017,399.832,278.625,218.113,400.000,269.192,211.050,399.348,0.168,-9.586,,,,,0,278.625,218.113,400.000,
1785142160.0919,PID,NORMAL_HOLD,325.70,239.36,315.50,278.992,217.113,399.834,278.625,218.113,400.000,271.268,211.216,399.862,0.166,-12.582,,,,,0,278.625,218.113,400.000,
1785142160.0968,PID,NORMAL_HOLD,325.87,239.22,315.50,279.136,217.293,399.835,278.625,218.113,400.000,270.056,210.681,399.731,0.165,-11.535,,,,,0,278.625,218.113,400.000,
1785142160.1037,PID,NORMAL_HOLD,325.87,239.22,315.82,279.134,217.326,399.639,278.625,218.113,400.000,270.317,211.300,400.384,0.361,-15.350,,,,,0,278.625,218.113,400.000,
1785142160.1065,PID,NORMAL_HOLD,326.00,239.00,316.45,279.248,217.474,399.249,278.625,218.113,400.000,269.793,210.950,402.253,0.751,-26.616,,,,,0,278.625,218.113,400.000,
1785142160.1121,PID,NORMAL_HOLD,326.00,239.00,316.49,279.251,217.425,399.226,278.625,218.113,400.000,270.134,211.868,402.325,0.774,-26.550,,,,,0,278.625,218.113,400.000,
1785142160.1198,PID,NORMAL_HOLD,326.00,239.00,317.00,279.247,217.482,398.911,278.625,218.113,400.000,270.353,211.739,403.277,1.089,-31.917,,,,,0,278.625,218.113,400.000,
1785142160.1213,PID,NORMAL_HOLD,326.00,239.00,317.50,279.247,217.469,398.603,278.625,218.113,400.000,270.432,212.060,404.453,1.397,-38.590,,,,,0,278.625,218.113,400.000,
1785142160.1260,PID,NORMAL_HOLD,325.86,239.10,317.45,279.118,217.417,398.635,278.625,218.113,400.000,271.184,212.431,403.806,1.365,-33.864,,,,,0,278.625,218.113,400.000,
1785142160.1324,PID,NORMAL_HOLD,325.75,239.16,317.54,279.025,217.268,398.579,278.625,218.113,400.000,271.374,213.145,403.115,1.421,-28.971,,,,,0,278.625,218.113,400.000,
1785142160.1353,PID,NORMAL_HOLD,326.00,239.21,318.02,279.256,217.250,398.280,278.625,218.113,400.000,269.691,212.822,403.642,1.720,-31.670,,,,,0,278.625,218.113,400.000,
1785142160.1399,PID,NORMAL_HOLD,326.20,239.38,317.57,279.449,217.119,398.558,278.625,218.113,400.000,268.964,213.337,401.806,1.442,-19.749,,,,,0,278.625,218.113,400.000,
1785142160.1488,PID,NORMAL_HOLD,326.00,239.42,318.00,279.264,217.060,398.292,278.625,218.113,400.000,270.699,213.154,401.934,1.708,-20.154,,,,,0,278.625,218.113,400.000,
1785142160.1516,PID,NORMAL_HOLD,326.00,239.65,317.77,279.267,216.924,398.437,278.625,218.113,400.000,270.589,213.508,400.847,1.563,-13.063,,,,,0,278.625,218.113,400.000,
1785142160.1565,PID,NORMAL_HOLD,326.00,239.69,317.50,279.268,216.896,398.602,278.625,218.113,400.000,270.544,213.113,399.371,1.398,-3.701,,,,,0,278.625,218.113,400.000,
1785142160.1656,PID,NORMAL_HOLD,326.10,239.71,317.50,279.360,216.894,398.601,278.625,218.113,400.000,270.011,212.775,398.767,1.399,0.101,,,,,0,278.625,218.113,400.000,
1785142160.1668,PID,NORMAL_HOLD,326.00,239.72,317.50,279.268,216.881,398.602,278.625,218.113,400.000,270.754,212.668,398.558,1.398,1.391,,,,,0,278.625,218.113,400.000,
1785142160.1720,PID,NORMAL_HOLD,326.00,239.68,317.60,279.271,216.853,398.541,278.625,218.113,400.000,270.612,212.698,398.807,1.459,-0.166,,,,,0,278.625,218.113,400.000,
1785142160.1802,PID,NORMAL_HOLD,325.90,239.65,317.24,279.172,216.912,398.764,278.625,218.113,400.000,271.111,212.233,397.832,1.236,5.856,,,,,0,278.625,218.113,400.000,
1785142160.1833,PID,NORMAL_HOLD,326.00,239.50,317.00,279.266,217.007,398.908,278.625,218.113,400.000,270.379,211.868,396.932,1.092,11.297,,,,,0,278.625,218.113,400.000,
1785142160.1871,PID,NORMAL_HOLD,325.87,239.24,317.00,279.142,217.161,398.907,278.625,218.113,400.000,271.267,211.103,396.823,1.093,11.768,,,,,0,278.625,218.113,400.000,
1785142160.1943,PID,NORMAL_HOLD,325.87,239.22,317.00,279.141,217.212,398.908,278.625,218.113,400.000,270.910,211.429,397.077,1.092,9.985,,,,,0,278.625,218.113,400.000,
1785142160.2001,PID,NORMAL_HOLD,325.50,239.11,317.00,278.794,217.317,398.911,278.625,218.113,400.000,272.560,211.322,397.398,1.089,7.817,,,,,0,278.625,218.113,400.000,
1785142160.2036,PID,NORMAL_HOLD,325.50,239.00,317.00,278.785,217.478,398.914,278.625,218.113,400.000,271.651,210.967,397.634,1.086,6.216,,,,,0,278.625,218.113,400.000,
1785142160.2102,PID,NORMAL_HOLD,325.00,239.00,317.50,278.323,217.470,398.608,278.625,218.113,400.000,274.006,211.650,399.101,1.392,-2.889,,,,,0,278.625,218.113,400.000,
1785142160.2135,PID,NORMAL_HOLD,325.50,238.89,317.88,278.781,217.562,398.375,278.625,218.113,400.000,269.791,211.424,401.534,1.625,-18.006,,,,,0,278.625,218.113,400.000,
1785142160.2186,PID,NORMAL_HOLD,325.50,238.89,317.88,278.781,217.562,398.375,278.625,218.113,400.000,270.223,211.819,401.392,1.625,-16.756,,,,,0,278.625,218.113,400.000,
1785142160.2249,PID,NORMAL_HOLD,325.50,238.82,317.50,278.781,217.600,398.605,278.625,218.113,400.000,270.437,211.799,399.925,1.395,-7.381,,,,,0,278.625,218.113,400.000,
1785142160.2286,PID,NORMAL_HOLD,325.00,239.00,318.00,278.321,217.488,398.300,278.625,218.113,400.000,272.930,212.585,400.707,1.700,-12.058,,,,,0,278.625,218.113,400.000,
1785142160.2340,PID,NORMAL_HOLD,325.00,239.00,318.36,278.320,217.485,398.075,278.625,218.113,400.000,271.865,212.425,401.727,1.925,-18.103,,,,,0,278.625,218.113,400.000,
1785142160.2403,PID,NORMAL_HOLD,325.00,239.00,318.27,278.323,217.456,398.130,278.625,218.113,400.000,271.316,212.498,401.455,1.870,-16.073,,,,,0,278.625,218.113,400.000,
1785142160.2416,PID,NORMAL_HOLD,325.00,239.00,318.50,278.325,217.423,397.989,278.625,218.113,400.000,271.043,212.557,401.810,2.011,-17.987,,,,,0,278.625,218.113,400.000,
1785142160.2468,PID,NORMAL_HOLD,325.50,239.11,318.00,278.793,217.310,398.294,278.625,218.113,400.000,268.412,213.010,399.978,1.706,-6.339,,,,,0,278.625,218.113,400.000,
1785142160.2526,PID,NORMAL_HOLD,325.50,239.32,318.00,278.796,217.180,398.296,278.625,218.113,400.000,269.514,213.399,399.181,1.704,-1.297,,,,,0,278.625,218.113,400.000,
1785142160.2555,PID,NORMAL_HOLD,325.50,239.32,317.50,278.802,217.109,398.601,278.625,218.113,400.000,270.046,213.266,397.437,1.399,9.483,,,,,0,278.625,218.113,400.000,
1785142160.2639,PID,NORMAL_HOLD,325.34,239.40,317.00,278.658,217.036,398.910,278.625,218.113,400.000,271.162,213.223,395.487,1.090,21.351,,,,,0,278.625,218.113,400.000,
1785142160.2695,PID,NORMAL_HOLD,325.70,239.50,317.00,278.991,216.992,398.909,278.625,218.113,400.000,269.120,213.041,395.283,1.091,22.214,,,,,0,278.625,218.113,400.000,
1785142160.2732,PID,NORMAL_HOLD,325.69,239.66,317.00,278.981,216.919,398.911,278.625,218.113,400.000,269.909,213.129,395.692,1.089,19.282,,,,,0,278.625,218.113,400.000,
1785142160.2778,PID,NORMAL_HOLD,325.90,239.72,317.00,279.176,216.903,398.911,278.625,218.113,400.000,269.166,212.862,396.377,1.089,14.679,,,,,0,278.625,218.113,400.000,
1785142160.2847,PID,NORMAL_HOLD,325.90,239.72,316.76,279.179,216.866,399.058,278.625,218.113,400.000,269.833,212.843,396.007,0.942,16.731,,,,,0,278.625,218.113,400.000,
1785142160.2892,PID,NORMAL_HOLD,325.90,239.72,316.50,279.178,216.886,399.218,278.625,218.113,400.000,270.189,212.539,395.556,0.782,19.207,,,,,0,278.625,218.113,400.000,
1785142160.2930,PID,NORMAL_HOLD,326.00,239.69,316.23,279.267,216.925,399.384,278.625,218.113,400.000,269.819,212.242,395.055,0.616,21.943,,,,,0,278.625,218.113,400.000,
1785142160.2989,PID,NORMAL_HOLD,326.00,239.50,315.50,279.267,217.017,399.832,278.625,218.113,400.000,270.162,211.816,393.322,0.168,32.202,,,,,0,278.625,218.113,400.000,
1785142160.3033,PID,NORMAL_HOLD,326.00,239.50,315.50,279.265,217.042,399.833,278.625,218.113,400.000,270.345,211.959,393.356,0.167,31.390,,,,,0,278.625,218.113,400.000,
1785142160.3091,PID,NORMAL_HOLD,326.30,239.28,315.55,279.538,217.193,399.800,278.625,218.113,400.000,268.975,211.371,394.168,0.200,25.802,,,,,0,278.625,218.113,400.000,
1785142160.3166,PID,NORMAL_HOLD,326.00,239.24,315.50,279.255,217.288,399.834,278.625,218.113,400.000,271.363,211.294,394.913,0.166,20.724,,,,,0,278.625,218.113,400.000,
1785142160.3198,PID,NORMAL_HOLD,326.00,239.18,315.50,279.255,217.319,399.833,278.625,218.113,400.000,270.936,211.629,395.646,0.167,15.813,,,,,0,278.625,218.113,400.000,
1785142160.3227,PID,NORMAL_HOLD,326.19,239.11,315.50,279.431,217.357,399.831,278.625,218.113,400.000,269.723,211.747,396.252,0.169,11.776,,,,,0,278.625,218.113,400.000,
1785142160.3327,PID,NORMAL_HOLD,326.00,239.00,315.98,279.249,217.468,399.540,278.625,218.113,400.000,271.069,211.421,398.143,0.460,-0.107,,,,,0,278.625,218.113,400.000,
1785142160.3350,PID,NORMAL_HOLD,326.00,239.00,315.50,279.248,217.481,399.834,278.625,218.113,400.000,270.793,211.758,397.404,0.166,4.450,,,,,0,278.625,218.113,400.000,
1785142160.3404,PID,NORMAL_HOLD,326.19,239.11,315.97,279.423,217.453,399.547,278.625,218.113,400.000,269.720,212.152,398.481,0.453,-2.239,,,,,0,278.625,218.113,400.000,
1785142160.3497,PID,NORMAL_HOLD,326.50,239.11,315.00,279.713,217.379,400.136,278.625,218.113,400.000,269.221,212.427,397.047,-0.136,6.420,,,,,0,278.625,218.113,400.000,
1785142160.3537,PID,NORMAL_HOLD,326.50,239.11,315.96,279.708,217.443,399.548,278.625,218.113,400.000,269.822,212.014,398.750,0.452,-4.190,,,,,0,278.625,218.113,400.000,
1785142160.3583,PID,NORMAL_HOLD,326.91,239.14,315.99,280.089,217.416,399.528,278.625,218.113,400.000,267.816,212.300,399.415,0.472,-8.218,,,,,0,278.625,218.113,400.000,
1785142160.3656,PID,NORMAL_HOLD,326.50,239.24,315.50,279.717,217.265,399.829,278.625,218.113,400.000,271.129,213.139,397.951,0.171,0.983,,,,,0,278.625,218.113,400.000,
1785142160.3691,PID,NORMAL_HOLD,326.50,239.32,315.50,279.718,217.218,399.829,278.625,218.113,400.000,270.742,212.977,397.495,0.171,3.783,,,,,0,278.625,218.113,400.000,
1785142160.3749,PID,NORMAL_HOLD,326.50,239.32,315.02,279.719,217.212,400.122,278.625,218.113,400.000,270.548,212.692,396.003,-0.122,12.919,,,,,0,278.625,218.113,400.000,
1785142160.3832,PID,NORMAL_HOLD,326.50,239.45,315.00,279.722,217.110,400.136,278.625,218.113,400.000,270.436,213.093,395.687,-0.136,14.632,,,,,0,278.625,218.113,400.000,
1785142160.3847,PID,NORMAL_HOLD,327.00,239.46,315.00,280.181,217.129,400.132,278.625,218.113,400.000,267.820,212.620,395.925,-0.132,12.888,,,,,0,278.625,218.113,400.000,
1785142160.3885,PID,NORMAL_HOLD,327.00,239.42,315.27,280.182,217.135,399.963,278.625,218.113,400.000,269.015,212.459,397.106,0.037,5.363,,,,,0,278.625,218.113,400.000,
1785142160.3964,PID,NORMAL_HOLD,327.00,239.50,315.27,280.182,217.098,399.964,278.625,218.113,400.000,269.617,212.611,397.653,0.036,1.881,,,,,0,278.625,218.113,400.000,
1785142160.4001,PID,NORMAL_HOLD,326.64,239.62,314.50,279.854,217.002,400.443,278.625,218.113,400.000,271.622,212.991,395.837,-0.443,12.988,,,,,0,278.625,218.113,400.000,
1785142160.4030,PID,NORMAL_HOLD,326.70,239.64,314.50,279.913,216.994,400.443,278.625,218.113,400.000,270.620,212.742,395.055,-0.443,17.633,,,,,0,278.625,218.113,400.000,
1785142160.4101,PID,NORMAL_HOLD,326.50,239.50,314.00,279.725,217.052,400.750,278.625,218.113,400.000,271.506,212.251,393.898,-0.750,24.433,,,,,0,278.625,218.113,400.000,
1785142160.4135,PID,NORMAL_HOLD,326.50,239.50,314.00,279.725,217.052,400.750,278.625,218.113,400.000,270.931,212.319,394.166,-0.750,22.281,,,,,0,278.625,218.113,400.000,
1785142160.4182,PID,NORMAL_HOLD,326.50,239.32,314.00,279.721,217.187,400.750,278.625,218.113,400.000,270.667,211.596,394.569,-0.750,19.395,,,,,0,278.625,218.113,400.000,
1785142160.4254,PID,NORMAL_HOLD,326.50,239.24,314.50,279.718,217.261,400.443,278.625,218.113,400.000,270.528,211.594,396.703,-0.443,5.853,,,,,0,278.625,218.113,400.000,
1785142160.4288,PID,NORMAL_HOLD,326.13,239.22,314.50,279.373,217.312,400.448,278.625,218.113,400.000,272.428,211.662,397.539,-0.448,0.586,,,,,0,278.625,218.113,400.000,
1785142160.4359,PID,NORMAL_HOLD,326.00,239.18,314.50,279.251,217.376,400.451,278.625,218.113,400.000,272.095,211.644,397.838,-0.451,-1.267,,,,,0,278.625,218.113,400.000,
1785142160.4434,PID,NORMAL_HOLD,326.00,239.12,315.00,279.248,217.433,400.144,278.625,218.113,400.000,271.312,211.645,399.262,-0.144,-10.000,,,,,0,278.625,218.113,400.000,
1785142160.4455,PID,NORMAL_HOLD,326.00,239.00,315.45,279.247,217.490,399.864,278.625,218.113,400.000,270.910,211.624,401.294,0.136,-22.419,,,,,0,278.625,218.113,400.000,
1785142160.4497,PID,NORMAL_HOLD,326.00,239.00,315.00,279.246,217.515,400.143,278.625,218.113,400.000,270.712,211.799,399.939,-0.143,-13.640,,,,,0,278.625,218.113,400.000,
1785142160.4560,PID,NORMAL_HOLD,326.00,239.00,315.50,279.245,217.517,399.836,278.625,218.113,400.000,270.608,212.012,400.780,0.164,-18.604,,,,,0,278.625,218.113,400.000,
1785142160.4617,PID,NORMAL_HOLD,326.00,239.00,316.00,279.246,217.496,399.527,278.625,218.113,400.000,270.547,212.233,401.659,0.473,-23.582,,,,,0,278.625,218.113,400.000,
1785142160.4633,PID,NORMAL_HOLD,325.52,239.11,315.50,278.816,217.358,399.837,278.625,218.113,400.000,273.306,213.136,400.285,0.163,-14.678,,,,,0,278.625,218.113,400.000,
1785142160.4700,PID,NORMAL_HOLD,325.87,239.22,315.81,279.137,217.291,399.642,278.625,218.113,400.000,270.163,213.093,400.399,0.358,-15.112,,,,,0,278.625,218.113,400.000,
1785142160.4747,PID,NORMAL_HOLD,325.87,239.22,316.20,279.137,217.269,399.402,278.625,218.113,400.000,270.342,212.822,401.382,0.598,-20.930,,,,,0,278.625,218.113,400.000,
1785142160.4802,PID,NORMAL_HOLD,326.00,239.42,315.58,279.265,217.076,399.779,278.625,218.113,400.000,269.757,213.598,399.403,0.221,-8.336,,,,,0,278.625,218.113,400.000,
1785142160.4867,PID,NORMAL_HOLD,325.63,239.51,316.00,278.922,217.013,399.527,278.625,218.113,400.000,272.334,213.398,399.811,0.473,-10.731,,,,,0,278.625,218.113,400.000,
1785142160.4915,PID,NORMAL_HOLD,325.50,239.68,316.22,278.810,216.878,399.390,278.625,218.113,400.000,272.083,213.646,400.308,0.610,-13.597,,,,,0,278.625,218.113,400.000,
1785142160.4936,PID,NORMAL_HOLD,325.50,239.76,316.00,278.811,216.826,399.529,278.625,218.113,400.000,271.346,213.338,399.498,0.471,-8.347,,,,,0,278.625,218.113,400.000,
1785142160.4986,PID,NORMAL_HOLD,325.91,239.86,315.50,279.193,216.775,399.834,278.625,218.113,400.000,268.961,213.171,397.582,0.166,3.627,,,,,0,278.625,218.113,400.000,
1785142160.5030,PID,NORMAL_HOLD,325.87,239.78,316.00,279.159,216.758,399.523,278.625,218.113,400.000,269.934,212.928,398.486,0.477,-2.024,,,,,0,278.625,218.113,400.000,
1785142160.5110,PID,NORMAL_HOLD,325.53,239.89,315.50,278.842,216.692,399.835,278.625,218.113,400.000,271.982,213.070,397.216,0.165,5.856,,,,,0,278.625,218.113,400.000,
1785142160.5180,PID,NORMAL_HOLD,325.53,239.89,315.49,278.842,216.693,399.844,278.625,218.113,400.000,271.299,212.781,396.876,0.156,7.843,,,,,0,278.625,218.113,400.000,
1785142160.5194,PID,NORMAL_HOLD,325.53,239.89,315.20,278.842,216.695,400.020,278.625,218.113,400.000,270.956,212.628,396.076,-0.020,12.631,,,,,0,278.625,218.113,400.000,
1785142160.5256,PID,NORMAL_HOLD,325.91,239.78,315.89,279.186,216.821,399.594,278.625,218.113,400.000,269.008,211.915,398.088,0.406,-0.006,,,,,0,278.625,218.113,400.000,
1785142160.5327,PID,NORMAL_HOLD,325.95,239.68,315.50,279.227,216.911,399.833,278.625,218.113,400.000,269.507,211.642,397.658,0.167,2.653,,,,,0,278.625,218.113,400.000,
1785142160.5340,PID,NORMAL_HOLD,325.70,239.64,315.00,278.996,216.940,400.144,278.625,218.113,400.000,271.141,211.895,396.223,-0.144,11.421,,,,,0,278.625,218.113,400.000,
1785142160.5392,PID,NORMAL_HOLD,325.81,239.50,315.50,279.092,217.043,399.834,278.625,218.113,400.000,270.234,211.499,397.387,0.166,4.021,,,,,0,278.625,218.113,400.000,
1785142160.5459,PID,NORMAL_HOLD,325.96,239.23,314.50,279.223,217.237,400.448,278.625,218.113,400.000,269.651,210.861,394.950,-0.448,18.976,,,,,0,278.625,218.113,400.000,
1785142160.5496,PID,NORMAL_HOLD,325.91,239.14,315.00,279.169,217.398,400.144,278.625,218.113,400.000,270.341,210.804,395.983,-0.144,12.234,,,,,0,278.625,218.113,400.000,
1785142160.5543,PID,NORMAL_HOLD,325.50,239.00,315.46,278.785,217.508,399.862,278.625,218.113,400.000,272.838,210.864,398.032,0.138,-0.653,,,,,0,278.625,218.113,400.000,
1785142160.5628,PID,NORMAL_HOLD,326.00,238.88,315.50,279.242,217.607,399.836,278.625,218.113,400.000,269.162,211.003,398.746,0.164,-5.030,,,,,0,278.625,218.113,400.000,
1785142160.5669,PID,NORMAL_HOLD,325.75,238.84,316.00,279.008,217.650,399.530,278.625,218.113,400.000,270.952,211.410,400.449,0.470,-15.453,,,,,0,278.625,218.113,400.000,
1785142160.5706,PID,NORMAL_HOLD,325.90,238.72,316.19,279.140,217.816,399.415,278.625,218.113,400.000,269.884,210.724,401.415,0.585,-21.163,,,,,0,278.625,218.113,400.000,
1785142160.5767,PID,NORMAL_HOLD,325.90,238.72,316.19,279.140,217.816,399.415,278.625,218.113,400.000,270.204,211.447,401.149,0.585,-19.125,,,,,0,278.625,218.113,400.000,
1785142160.5808,PID,NORMAL_HOLD,326.00,238.61,316.44,279.232,217.847,399.258,278.625,218.113,400.000,269.840,211.627,401.438,0.742,-20.560,,,,,0,278.625,218.113,400.000,
1785142160.5867,PID,NORMAL_HOLD,326.05,238.64,317.19,279.273,217.864,398.799,278.625,218.113,400.000,269.917,211.794,403.255,1.201,-31.379,,,,,0,278.625,218.113,400.000,
1785142160.5927,PID,NORMAL_HOLD,326.05,238.68,317.50,279.271,217.845,398.607,278.625,218.113,400.000,270.209,212.068,403.972,1.393,-35.178,,,,,0,278.625,218.113,400.000,
1785142160.5940,PID,NORMAL_HOLD,326.05,238.68,317.20,279.279,217.742,398.785,278.625,218.113,400.000,270.294,212.779,402.798,1.215,-27.300,,,,,0,278.625,218.113,400.000,
1785142160.5990,PID,NORMAL_HOLD,326.13,238.76,317.00,279.359,217.711,398.912,278.625,218.113,400.000,269.942,212.663,401.097,1.088,-16.286,,,,,0,278.625,218.113,400.000,
1785142160.6064,PID,NORMAL_HOLD,326.13,238.76,317.00,279.361,217.683,398.911,278.625,218.113,400.000,270.187,212.588,400.115,1.089,-9.919,,,,,0,278.625,218.113,400.000,
1785142160.6116,PID,NORMAL_HOLD,326.31,238.72,317.46,279.521,217.708,398.626,278.625,218.113,400.000,269.404,212.253,400.817,1.374,-14.037,,,,,0,278.625,218.113,400.000,
1785142160.6163,PID,NORMAL_HOLD,326.50,238.89,317.50,279.701,217.614,398.602,278.625,218.113,400.000,269.039,212.680,400.944,1.398,-14.554,,,,,0,278.625,218.113,400.000,
1785142160.6226,PID,NORMAL_HOLD,326.50,238.89,317.10,279.703,217.598,398.846,278.625,218.113,400.000,269.686,212.561,399.461,1.154,-5.120,,,,,0,278.625,218.113,400.000,
1785142160.6242,PID,NORMAL_HOLD,326.50,239.00,317.00,279.705,217.528,398.910,278.625,218.113,400.000,270.008,212.793,398.529,1.090,0.729,,,,,0,278.625,218.113,400.000,
1785142160.6284,PID,NORMAL_HOLD,326.00,239.00,316.50,279.247,217.485,399.219,278.625,218.113,400.000,272.753,212.765,396.727,0.781,11.842,,,,,0,278.625,218.113,400.000,
1785142160.6346,PID,NORMAL_HOLD,326.00,239.00,316.50,279.246,217.501,399.220,278.625,218.113,400.000,271.626,212.434,396.381,0.780,13.745,,,,,0,278.625,218.113,400.000,
1785142160.6408,PID,NORMAL_HOLD,326.14,239.10,316.80,279.379,217.402,399.035,278.625,218.113,400.000,270.321,212.894,397.428,0.965,7.029,,,,,0,278.625,218.113,400.000,
1785142160.6461,PID,NORMAL_HOLD,326.00,239.18,316.40,279.249,217.374,399.282,278.625,218.113,400.000,271.136,212.758,396.782,0.718,10.888,,,,,0,278.625,218.113,400.000,
1785142160.6534,PID,NORMAL_HOLD,325.87,239.22,315.50,279.137,217.293,399.835,278.625,218.113,400.000,271.436,212.981,394.212,0.165,26.522,,,,,0,278.625,218.113,400.000,
1785142160.6569,PID,NORMAL_HOLD,326.27,239.05,315.50,279.503,217.388,399.830,278.625,218.113,400.000,268.947,212.131,393.778,0.170,28.724,,,,,0,278.625,218.113,400.000,
1785142160.6600,PID,NORMAL_HOLD,325.87,239.22,316.00,279.137,217.290,399.527,278.625,218.113,400.000,271.732,212.766,395.777,0.473,15.852,,,,,0,278.625,218.113,400.000,
1785142160.6673,PID,NORMAL_HOLD,325.50,239.11,315.50,278.796,217.326,399.836,278.625,218.113,400.000,273.001,212.353,395.381,0.164,17.993,,,,,0,278.625,218.113,400.000,
1785142160.6722,PID,NORMAL_HOLD,325.52,239.11,315.50,278.819,217.327,399.836,278.625,218.113,400.000,271.682,212.333,395.664,0.164,15.903,,,,,0,278.625,218.113,400.000,
1785142160.6756,PID,NORMAL_HOLD,325.50,239.11,315.00,278.796,217.329,400.145,278.625,218.113,400.000,271.273,212.316,394.693,-0.145,21.577,,,,,0,278.625,218.113,400.000,
1785142160.6822,PID,NORMAL_HOLD,325.50,239.11,315.50,278.796,217.326,399.836,278.625,218.113,400.000,270.950,212.336,396.238,0.164,11.643,,,,,0,278.625,218.113,400.000,
1785142160.6867,PID,NORMAL_HOLD,325.48,239.11,315.97,278.765,217.421,399.552,278.625,218.113,400.000,270.959,211.801,398.352,0.448,-1.602,,,,,0,278.625,218.113,400.000,
1785142160.6901,PID,NORMAL_HOLD,325.48,239.11,316.00,278.765,217.421,399.532,278.625,218.113,400.000,270.795,212.047,399.290,0.468,-7.372,,,,,0,278.625,218.113,400.000,
1785142160.6994,PID,NORMAL_HOLD,325.47,239.11,316.00,278.768,217.364,399.530,278.625,218.113,400.000,270.703,212.339,399.082,0.470,-5.870,,,,,0,278.625,218.113,400.000,
1785142160.7040,PID,NORMAL_HOLD,325.50,239.11,316.00,278.790,217.385,399.530,278.625,218.113,400.000,270.539,212.207,399.119,0.470,-5.985,,,,,0,278.625,218.113,400.000,
1785142160.7109,PID,NORMAL_HOLD,325.50,239.11,315.80,278.794,217.344,399.653,278.625,218.113,400.000,270.561,212.486,398.437,0.347,-1.672,,,,,0,278.625,218.113,400.000,
1785142160.7171,PID,NORMAL_HOLD,325.50,239.11,315.80,278.794,217.344,399.653,278.625,218.113,400.000,270.591,212.403,398.108,0.347,0.397,,,,,0,278.625,218.113,400.000,
1785142160.7201,PID,NORMAL_HOLD,325.47,239.11,316.00,278.771,217.319,399.528,278.625,218.113,400.000,270.736,212.508,398.632,0.472,-2.847,,,,,0,278.625,218.113,400.000,
1785142160.7244,PID,NORMAL_HOLD,325.80,239.17,316.50,279.069,217.307,399.219,278.625,218.113,400.000,269.096,212.484,400.255,0.781,-12.814,,,,,0,278.625,218.113,400.000,
1785142160.7321,PID,NORMAL_HOLD,325.50,239.32,316.00,278.798,217.192,399.529,278.625,218.113,400.000,271.280,213.026,399.045,0.471,-5.107,,,,,0,278.625,218.113,400.000,
1785142160.7351,PID,NORMAL_HOLD,325.69,239.28,316.20,278.979,217.174,399.405,278.625,218.113,400.000,269.870,212.809,399.109,0.595,-5.405,,,,,0,278.625,218.113,400.000,
1785142160.7400,PID,NORMAL_HOLD,325.96,239.26,315.50,279.223,217.188,399.831,278.625,218.113,400.000,268.876,212.514,396.945,0.169,8.047,,,,,0,278.625,218.113,400.000,
1785142160.7486,PID,NORMAL_HOLD,325.95,239.32,315.00,279.222,217.142,400.139,278.625,218.113,400.000,269.691,212.710,394.910,-0.139,20.446,,,,,0,278.625,218.113,400.000,
1785142160.7498,PID,NORMAL_HOLD,325.95,239.32,315.00,279.219,217.183,400.141,278.625,218.113,400.000,270.107,212.340,394.621,-0.141,21.842,,,,,0,278.625,218.113,400.000,
1785142160.7549,PID,NORMAL_HOLD,325.96,239.25,315.00,279.219,217.253,400.141,278.625,218.113,400.000,270.296,211.924,394.965,-0.141,19.320,,,,,0,278.625,218.113,400.000,
1785142160.7615,PID,NORMAL_HOLD,325.96,239.23,314.50,279.218,217.300,400.450,278.625,218.113,400.000,270.400,211.870,394.101,-0.450,24.277,,,,,0,278.625,218.113,400.000,
1785142160.7642,PID,NORMAL_HOLD,325.87,239.22,314.50,279.137,217.300,400.451,278.625,218.113,400.000,270.876,212.109,394.355,-0.451,22.240,,,,,0,278.625,218.113,400.000,
1785142160.7702,PID,NORMAL_HOLD,325.87,239.22,314.50,279.138,217.300,400.451,278.625,218.113,400.000,270.691,212.224,394.813,-0.451,19.021,,,,,0,278.625,218.113,400.000,
1785142160.7771,PID,NORMAL_HOLD,325.52,239.11,314.98,278.814,217.401,400.161,278.625,218.113,400.000,272.419,211.711,396.856,-0.161,6.057,,,,,0,278.625,218.113,400.000,
1785142160.7798,PID,NORMAL_HOLD,326.00,239.00,315.00,279.246,217.515,400.143,278.625,218.113,400.000,269.314,211.432,397.784,-0.143,0.226,,,,,0,278.625,218.113,400.000,
1785142160.7861,PID,NORMAL_HOLD,326.00,239.00,314.50,279.243,217.559,400.453,278.625,218.113,400.000,269.915,211.586,396.643,-0.453,7.258,,,,,0,278.625,218.113,400.000,
1785142160.7923,PID,NORMAL_HOLD,325.50,239.00,314.77,278.784,217.532,400.291,278.625,218.113,400.000,272.725,212.070,397.177,-0.291,3.826,,,,,0,278.625,218.113,400.000,
1785142160.7971,PID,NORMAL_HOLD,325.52,238.89,314.90,278.804,217.623,400.214,278.625,218.113,400.000,271.565,211.662,397.821,-0.214,-0.216,,,,,0,278.625,218.113,400.000,
1785142160.7999,PID,NORMAL_HOLD,325.26,238.82,315.45,278.561,217.663,399.872,278.625,218.113,400.000,272.401,211.741,399.696,0.128,-11.783,,,,,0,278.625,218.113,400.000,
1785142160.8064,PID,NORMAL_HOLD,325.20,238.83,315.00,278.501,217.712,400.154,278.625,218.113,400.000,271.858,211.724,398.743,-0.154,-5.681,,,,,0,278.625,218.113,400.000,
1785142160.8106,PID,NORMAL_HOLD,325.50,238.68,315.50,278.771,217.826,399.843,278.625,218.113,400.000,269.629,211.272,399.700,0.157,-11.460,,,,,0,278.625,218.113,400.000,
1785142160.8160,PID,NORMAL_HOLD,325.50,238.63,316.00,278.771,217.848,399.534,278.625,218.113,400.000,270.130,211.616,401.541,0.466,-22.659,,,,,0,278.625,218.113,400.000,
1785142160.8232,PID,NORMAL_HOLD,325.50,238.63,316.50,278.770,217.845,399.225,278.625,218.113,400.000,270.380,211.914,403.016,0.775,-31.331,,,,,0,278.625,218.113,400.000,
1785142160.8260,PID,NORMAL_HOLD,325.50,238.50,316.50,278.767,217.936,399.225,278.625,218.113,400.000,270.517,211.537,402.821,0.775,-29.537,,,,,0,278.625,218.113,400.000,
1785142160.8310,PID,NORMAL_HOLD,325.71,238.50,317.29,278.963,217.956,398.740,278.625,218.113,400.000,269.495,211.736,404.429,1.260,-38.898,,,,,0,278.625,218.113,400.000,
1785142160.8374,PID,NORMAL_HOLD,325.72,238.43,317.47,278.968,217.964,398.624,278.625,218.113,400.000,270.000,211.893,404.764,1.376,-40.247,,,,,0,278.625,218.113,400.000,
1785142160.8398,PID,NORMAL_HOLD,325.71,238.50,317.50,278.968,217.883,398.605,278.625,218.113,400.000,270.284,212.478,404.034,1.395,-34.990,,,,,0,278.625,218.113,400.000,
1785142160.8460,PID,NORMAL_HOLD,326.00,238.50,318.00,279.230,217.905,398.297,278.625,218.113,400.000,268.958,212.201,404.476,1.703,-37.053,,,,,0,278.625,218.113,400.000,
1785142160.8523,PID,NORMAL_HOLD,326.00,238.61,318.29,279.232,217.824,398.121,278.625,218.113,400.000,269.709,212.620,404.692,1.879,-37.700,,,,,0,278.625,218.113,400.000,
1785142160.8557,PID,NORMAL_HOLD,326.00,238.69,318.10,279.239,217.702,398.232,278.625,218.113,400.000,270.057,213.093,403.269,1.768,-28.183,,,,,0,278.625,218.113,400.000,
1785142160.8603,PID,NORMAL_HOLD,326.00,238.79,318.50,279.239,217.652,397.988,278.625,218.113,400.000,270.268,212.926,403.467,2.012,-28.898,,,,,0,278.625,218.113,400.000,
1785142160.8675,PID,NORMAL_HOLD,326.34,238.85,318.00,279.553,217.602,398.294,278.625,218.113,400.000,268.743,212.840,401.352,1.706,-15.301,,,,,0,278.625,218.113,400.000,
1785142160.8706,PID,NORMAL_HOLD,326.00,239.00,318.00,279.244,217.497,398.296,278.625,218.113,400.000,271.455,213.194,400.242,1.704,-8.161,,,,,0,278.625,218.113,400.000,
1785142160.8750,PID,NORMAL_HOLD,326.00,239.00,318.00,279.248,217.456,398.294,278.625,218.113,400.000,270.949,212.971,399.679,1.706,-4.530,,,,,0,278.625,218.113,400.000,
1785142160.8825,PID,NORMAL_HOLD,326.00,239.18,317.50,279.250,217.358,398.604,278.625,218.113,400.000,270.702,213.146,397.931,1.396,6.339,,,,,0,278.625,218.113,400.000,
1785142160.8856,PID,NORMAL_HOLD,326.47,239.11,317.50,279.690,217.360,398.599,278.625,218.113,400.000,267.952,212.721,397.447,1.401,9.207,,,,,0,278.625,218.113,400.000,
1785142160.8905,PID,NORMAL_HOLD,326.00,239.21,317.50,279.254,217.290,398.602,278.625,218.113,400.000,271.618,212.919,397.411,1.398,9.272,,,,,0,278.625,218.113,400.000,
1785142160.8993,PID,NORMAL_HOLD,326.00,239.21,317.20,279.255,217.272,398.785,278.625,218.113,400.000,271.037,212.736,396.836,1.215,12.633,,,,,0,278.625,218.113,400.000,
1785142160.9027,PID,NORMAL_HOLD,325.55,239.19,316.88,278.841,217.216,398.985,278.625,218.113,400.000,273.047,212.856,395.861,1.015,18.428,,,,,0,278.625,218.113,400.000,
1785142160.9062,PID,NORMAL_HOLD,325.55,239.19,316.81,278.837,217.268,399.029,278.625,218.113,400.000,271.843,212.350,395.783,0.971,18.558,,,,,0,278.625,218.113,400.000,
1785142160.9160,PID,NORMAL_HOLD,325.54,239.19,317.00,278.835,217.282,398.912,278.625,218.113,400.000,271.236,212.269,396.683,1.088,12.665,,,,,0,278.625,218.113,400.000,
1785142160.9178,PID,NORMAL_HOLD,325.46,239.19,317.00,278.754,217.277,398.912,278.625,218.113,400.000,271.366,212.335,397.296,1.088,8.647,,,,,0,278.625,218.113,400.000,
1785142160.9206,PID,NORMAL_HOLD,325.46,239.19,317.00,278.754,217.277,398.912,278.625,218.113,400.000,270.995,212.345,397.721,1.088,5.868,,,,,0,278.625,218.113,400.000,
1785142160.9274,PID,NORMAL_HOLD,325.46,239.19,317.50,278.753,217.274,398.604,278.625,218.113,400.000,270.813,212.368,399.437,1.396,-4.816,,,,,0,278.625,218.113,400.000,
1785142160.9314,PID,NORMAL_HOLD,325.46,239.19,317.50,278.753,217.274,398.604,278.625,218.113,400.000,270.719,212.362,400.057,1.396,-8.569,,,,,0,278.625,218.113,400.000,
1785142160.9363,PID,NORMAL_HOLD,325.47,239.11,318.00,278.769,217.307,398.294,278.625,218.113,400.000,270.585,212.178,401.506,1.706,-17.342,,,,,0,278.625,218.113,400.000,
1785142160.9446,PID,NORMAL_HOLD,325.46,239.19,318.00,278.753,217.271,398.295,278.625,218.113,400.000,270.695,212.467,401.617,1.705,-17.694,,,,,0,278.625,218.113,400.000,
1785142160.9473,PID,NORMAL_HOLD,325.14,239.10,318.00,278.462,217.297,398.295,278.625,218.113,400.000,272.285,212.268,401.211,1.705,-14.837,,,,,0,278.625,218.113,400.000,
1785142160.9522,PID,NORMAL_HOLD,325.14,239.10,318.19,278.459,217.325,398.177,278.625,218.113,400.000,271.513,212.154,401.508,1.823,-16.424,,,,,0,278.625,218.113,400.000,
1785142160.9586,PID,NORMAL_HOLD,325.14,239.10,318.49,278.459,217.325,397.994,278.625,218.113,400.000,271.117,212.249,401.935,2.006,-18.723,,,,,0,278.625,218.113,400.000,
1785142160.9621,PID,NORMAL_HOLD,325.27,239.00,318.50,278.577,217.375,397.986,278.625,218.113,400.000,270.290,212.030,401.810,2.014,-17.607,,,,,0,278.625,218.113,400.000,
1785142160.9666,PID,NORMAL_HOLD,325.50,239.00,318.00,278.790,217.393,398.294,278.625,218.113,400.000,269.256,212.079,399.865,1.706,-5.272,,,,,0,278.625,218.113,400.000,
1785142160.9731,PID,NORMAL_HOLD,325.00,239.00,318.49,278.329,217.362,397.993,278.625,218.113,400.000,272.534,212.375,400.534,2.007,-9.304,,,,,0,278.625,218.113,400.000,
1785142160.9763,PID,NORMAL_HOLD,326.00,239.00,318.50,279.248,217.449,397.986,278.625,218.113,400.000,267.234,211.937,400.554,2.014,-9.247,,,,,0,278.625,218.113,400.000,
1785142160.9825,PID,NORMAL_HOLD,326.00,239.00,318.49,279.251,217.412,397.994,278.625,218.113,400.000,268.837,212.349,400.343,2.006,-7.767,,,,,0,278.625,218.113,400.000,
1785142160.9893,PID,NORMAL_HOLD,326.00,239.00,318.00,279.251,217.418,398.293,278.625,218.113,400.000,269.655,212.317,398.755,1.707,2.161,,,,,0,278.625,218.113,400.000,
1785142160.9938,PID,NORMAL_HOLD,326.00,239.00,318.00,279.248,217.446,398.294,278.625,218.113,400.000,270.077,212.157,398.121,1.706,6.044,,,,,0,278.625,218.113,400.000,
1785142161.0003,PID,NORMAL_HOLD,326.00,239.00,318.00,279.251,217.418,398.293,278.625,218.113,400.000,270.263,212.393,398.033,1.707,6.488,,,,,0,278.625,218.113,400.000,
1785142161.0070,PID,NORMAL_HOLD,326.00,239.00,317.45,279.247,217.468,398.633,278.625,218.113,400.000,270.386,212.081,397.491,1.367,9.487,,,,,0,278.625,218.113,400.000,
1785142161.0120,PID,NORMAL_HOLD,326.00,239.00,317.45,279.247,217.468,398.633,278.625,218.113,400.000,270.430,212.192,396.805,1.367,13.551,,,,,0,278.625,218.113,400.000,
1785142161.0169,PID,NORMAL_HOLD,326.00,239.05,317.45,279.247,217.443,398.634,278.625,218.113,400.000,270.451,212.386,396.875,1.366,12.873,,,,,0,278.625,218.113,400.000,
1785142161.0236,PID,NORMAL_HOLD,326.00,239.00,317.45,279.247,217.468,398.633,278.625,218.113,400.000,270.462,212.213,397.244,1.367,10.345,,,,,0,278.625,218.113,400.000,
1785142161.0270,PID,NORMAL_HOLD,325.99,239.05,317.43,279.238,217.442,398.649,278.625,218.113,400.000,270.521,212.403,397.462,1.351,8.819,,,,,0,278.625,218.113,400.000,
1785142161.0342,PID,NORMAL_HOLD,325.86,239.10,317.45,279.118,217.417,398.635,278.625,218.113,400.000,271.150,212.492,397.818,1.365,6.466,,,,,0,278.625,218.113,400.000,
1785142161.0411,PID,NORMAL_HOLD,325.89,239.18,317.45,279.151,217.379,398.636,278.625,218.113,400.000,270.643,212.626,398.095,1.364,4.640,,,,,0,278.625,218.113,400.000,
1785142161.0439,PID,NORMAL_HOLD,325.99,239.05,317.00,279.241,217.399,398.910,278.625,218.113,400.000,270.083,212.371,396.956,1.090,11.586,,,,,0,278.625,218.113,400.000,
1785142161.0480,PID,NORMAL_HOLD,326.00,239.00,317.00,279.254,217.390,398.908,278.625,218.113,400.000,270.208,212.399,396.879,1.092,11.837,,,,,0,278.625,218.113,400.000,
1785142161.0550,PID,NORMAL_HOLD,326.00,239.00,317.21,279.254,217.389,398.781,278.625,218.113,400.000,270.339,212.371,397.694,1.219,6.595,,,,,0,278.625,218.113,400.000,
1785142161.0577,PID,NORMAL_HOLD,326.00,239.00,317.50,279.247,217.469,398.603,278.625,218.113,400.000,270.442,211.882,398.968,1.397,-1.380,,,,,0,278.625,218.113,400.000,
1785142161.0633,PID,NORMAL_HOLD,325.50,239.00,317.79,278.786,217.448,398.424,278.625,218.113,400.000,272.980,212.208,400.342,1.576,-9.850,,,,,0,278.625,218.113,400.000,
1785142161.0702,PID,NORMAL_HOLD,325.50,239.00,317.50,278.784,217.480,398.606,278.625,218.113,400.000,271.801,212.167,399.680,1.394,-5.574,,,,,0,278.625,218.113,400.000,
1785142161.0757,PID,NORMAL_HOLD,325.82,239.00,317.50,279.078,217.485,398.604,278.625,218.113,400.000,269.558,212.204,399.330,1.396,-3.304,,,,,0,278.625,218.113,400.000,
1785142161.0807,PID,NORMAL_HOLD,326.00,239.00,317.50,279.244,217.505,398.604,278.625,218.113,400.000,269.130,212.147,399.137,1.396,-2.046,,,,,0,278.625,218.113,400.000,
1785142161.0883,PID,NORMAL_HOLD,326.00,239.00,318.00,279.243,217.520,398.297,278.625,218.113,400.000,269.809,212.141,399.766,1.703,-5.704,,,,,0,278.625,218.113,400.000,
1785142161.0930,PID,NORMAL_HOLD,326.00,239.00,318.00,279.243,217.520,398.297,278.625,218.113,400.000,270.140,212.217,400.388,1.703,-9.434,,,,,0,278.625,218.113,400.000,
1785142161.0985,PID,NORMAL_HOLD,326.10,238.92,318.00,279.334,217.563,398.296,278.625,218.113,400.000,269.776,212.003,400.418,1.704,-9.442,,,,,0,278.625,218.113,400.000,
1785142161.1049,PID,NORMAL_HOLD,326.18,239.00,317.50,279.409,217.550,398.605,278.625,218.113,400.000,269.691,212.215,398.751,1.395,1.018,,,,,0,278.625,218.113,400.000,
1785142161.1074,PID,NORMAL_HOLD,326.14,238.90,317.50,279.373,217.556,398.602,278.625,218.113,400.000,270.254,212.216,398.154,1.398,4.695,,,,,0,278.625,218.113,400.000,
1785142161.1138,PID,NORMAL_HOLD,326.00,239.00,317.46,279.243,217.520,398.627,278.625,218.113,400.000,271.065,212.447,397.926,1.373,6.018,,,,,0,278.625,218.113,400.000,
1785142161.1208,PID,NORMAL_HOLD,326.00,239.00,317.10,279.244,217.516,398.851,278.625,218.113,400.000,270.765,212.385,396.926,1.149,12.075,,,,,0,278.625,218.113,400.000,
1785142161.1257,PID,NORMAL_HOLD,326.00,239.00,317.00,279.244,217.521,398.912,278.625,218.113,400.000,270.618,212.312,396.559,1.088,14.111,,,,,0,278.625,218.113,400.000,
1785142161.1307,PID,NORMAL_HOLD,326.00,239.00,316.90,279.245,217.502,398.976,278.625,218.113,400.000,270.535,212.405,396.388,1.024,14.917,,,,,0,278.625,218.113,400.000,
1785142161.1375,PID,NORMAL_HOLD,326.00,239.00,316.00,279.244,217.527,399.528,278.625,218.113,400.000,270.507,212.220,394.090,0.472,28.801,,,,,0,278.625,218.113,400.000,
1785142161.1408,PID,NORMAL_HOLD,326.00,239.00,316.00,279.244,217.527,399.528,278.625,218.113,400.000,270.487,212.257,393.806,0.472,30.032,,,,,0,278.625,218.113,400.000,
1785142161.1467,PID,NORMAL_HOLD,325.50,239.00,316.45,278.787,217.460,399.251,278.625,218.113,400.000,273.080,212.657,395.758,0.749,17.428,,,,,0,278.625,218.113,400.000,
1785142161.1533,PID,NORMAL_HOLD,325.53,239.11,316.45,278.812,217.400,399.253,278.625,218.113,400.000,271.710,212.805,396.834,0.747,10.463,,,,,0,278.625,218.113,400.000,
1785142161.1561,PID,NORMAL_HOLD,325.50,239.11,316.47,278.793,217.344,399.238,278.625,218.113,400.000,271.263,212.881,397.519,0.762,6.047,,,,,0,278.625,218.113,400.000,
1785142161.1614,PID,NORMAL_HOLD,325.50,239.11,316.50,278.795,217.320,399.219,278.625,218.113,400.000,270.922,212.756,397.991,0.781,3.023,,,,,0,278.625,218.113,400.000,
1785142161.1683,PID,NORMAL_HOLD,325.50,239.18,316.50,278.795,217.284,399.220,278.625,218.113,400.000,270.762,212.755,398.223,0.780,1.538,,,,,0,278.625,218.113,400.000,
1785142161.1727,PID,NORMAL_HOLD,325.50,239.18,317.00,278.794,217.280,398.912,278.625,218.113,400.000,270.685,212.579,399.901,1.088,-8.860,,,,,0,278.625,218.113,400.000,
1785142161.1757,PID,NORMAL_HOLD,325.50,239.18,317.50,278.794,217.277,398.604,278.625,218.113,400.000,270.647,212.493,401.707,1.396,-19.832,,,,,0,278.625,218.113,400.000,
1785142161.1819,PID,NORMAL_HOLD,325.50,239.18,317.50,278.794,217.277,398.604,278.625,218.113,400.000,270.624,212.432,401.934,1.396,-20.856,,,,,0,278.625,218.113,400.000,
1785142161.1848,PID,NORMAL_HOLD,325.50,239.18,317.50,278.794,217.277,398.604,278.625,218.113,400.000,270.613,212.402,401.537,1.396,-18.013,,,,,0,278.625,218.113,400.000,
1785142161.1913,PID,NORMAL_HOLD,325.50,239.11,317.50,278.794,217.314,398.603,278.625,218.113,400.000,270.608,212.181,400.948,1.397,-14.021,,,,,0,278.625,218.113,400.000,
1785142161.1988,PID,NORMAL_HOLD,325.50,239.11,317.50,278.791,217.345,398.604,278.625,218.113,400.000,270.617,212.116,400.181,1.396,-8.954,,,,,0,278.625,218.113,400.000,
1785142161.2044,PID,NORMAL_HOLD,325.99,239.05,318.00,279.241,217.393,398.294,278.625,218.113,400.000,269.218,212.086,401.199,1.706,-15.014,,,,,0,278.625,218.113,400.000,
1785142161.2110,PID,NORMAL_HOLD,326.00,239.00,318.33,279.246,217.467,398.090,278.625,218.113,400.000,269.811,211.789,402.696,1.910,-24.049,,,,,0,278.625,218.113,400.000,
1785142161.2188,PID,NORMAL_HOLD,326.00,239.00,317.97,279.246,217.484,398.315,278.625,218.113,400.000,270.142,211.967,401.259,1.685,-14.698,,,,,0,278.625,218.113,400.000,
1785142161.2221,PID,NORMAL_HOLD,326.00,239.00,318.00,279.245,217.493,398.296,278.625,218.113,400.000,270.308,212.087,400.731,1.704,-11.201,,,,,0,278.625,218.113,400.000,
1785142161.2251,PID,NORMAL_HOLD,326.14,238.90,317.50,279.374,217.546,398.602,278.625,218.113,400.000,269.679,211.909,398.707,1.398,1.506,,,,,0,278.625,218.113,400.000,
1785142161.2320,PID,NORMAL_HOLD,326.14,238.90,317.50,279.372,217.571,398.603,278.625,218.113,400.000,270.063,211.960,398.076,1.397,5.362,,,,,0,278.625,218.113,400.000,
1785142161.2350,PID,NORMAL_HOLD,326.00,239.00,317.50,279.243,217.520,398.605,278.625,218.113,400.000,270.972,212.412,397.944,1.395,6.077,,,,,0,278.625,218.113,400.000,
1785142161.2415,PID,NORMAL_HOLD,326.00,239.00,317.10,279.245,217.506,398.851,278.625,218.113,400.000,270.710,212.437,396.620,1.149,14.190,,,,,0,278.625,218.113,400.000,
1785142161.2495,PID,NORMAL_HOLD,326.00,239.00,317.00,279.245,217.503,398.912,278.625,218.113,400.000,270.585,212.391,396.343,1.088,15.633,,,,,0,278.625,218.113,400.000,
1785142161.2508,PID,NORMAL_HOLD,325.50,239.11,316.50,278.786,217.427,399.224,278.625,218.113,400.000,272.911,212.742,395.051,0.776,23.322,,,,,0,278.625,218.113,400.000,
1785142161.2556,PID,NORMAL_HOLD,325.50,239.11,316.50,278.788,217.412,399.223,278.625,218.113,400.000,271.749,212.624,395.264,0.777,21.543,,,,,0,278.625,218.113,400.000,
1785142161.2621,PID,NORMAL_HOLD,325.50,239.11,316.50,278.788,217.412,399.223,278.625,218.113,400.000,271.175,212.480,395.638,0.777,18.854,,,,,0,278.625,218.113,400.000,
1785142161.2646,PID,NORMAL_HOLD,325.50,239.11,316.96,278.789,217.387,398.937,278.625,218.113,400.000,270.881,212.553,397.622,1.063,6.267,,,,,0,278.625,218.113,400.000,
1785142161.2722,PID,NORMAL_HOLD,325.14,239.10,316.55,278.459,217.374,399.192,278.625,218.113,400.000,272.593,212.522,397.211,0.808,8.699,,,,,0,278.625,218.113,400.000,
1785142161.2792,PID,NORMAL_HOLD,325.25,239.16,316.49,278.565,217.310,399.228,278.625,218.113,400.000,271.053,212.797,397.131,0.772,9.030,,,,,0,278.625,218.113,400.000,
1785142161.2823,PID,NORMAL_HOLD,325.00,239.05,317.12,278.329,217.378,398.839,278.625,218.113,400.000,272.157,212.206,399.157,1.161,-3.637,,,,,0,278.625,218.113,400.000,
1785142161.2872,PID,NORMAL_HOLD,325.14,239.10,317.00,278.459,217.365,398.915,278.625,218.113,400.000,270.715,212.349,399.418,1.085,-5.169,,,,,0,278.625,218.113,400.000,
1785142161.2937,PID,NORMAL_HOLD,325.00,239.00,317.50,278.325,217.444,398.607,278.625,218.113,400.000,271.405,211.939,401.014,1.393,-14.948,,,,,0,278.625,218.113,400.000,
1785142161.2965,PID,NORMAL_HOLD,325.00,239.00,317.50,278.325,217.444,398.607,278.625,218.113,400.000,271.073,212.134,401.157,1.393,-15.547,,,,,0,278.625,218.113,400.000,
1785142161.3016,PID,NORMAL_HOLD,325.00,239.00,317.50,278.323,217.475,398.608,278.625,218.113,400.000,270.920,212.059,400.857,1.392,-13.397,,,,,0,278.625,218.113,400.000,
1785142161.3088,PID,NORMAL_HOLD,325.50,238.89,317.50,278.781,217.564,398.606,278.625,218.113,400.000,268.157,211.673,400.480,1.394,-10.821,,,,,0,278.625,218.113,400.000,
1785142161.3113,PID,NORMAL_HOLD,325.50,238.82,317.76,278.779,217.618,398.443,278.625,218.113,400.000,269.391,211.686,400.868,1.557,-13.003,,,,,0,278.625,218.113,400.000,
1785142161.3159,PID,NORMAL_HOLD,325.54,238.81,317.89,278.817,217.657,398.366,278.625,218.113,400.000,269.808,211.786,401.009,1.634,-13.605,,,,,0,278.625,218.113,400.000,
1785142161.3230,PID,NORMAL_HOLD,325.90,238.71,317.00,279.146,217.728,398.912,278.625,218.113,400.000,268.183,211.590,398.029,1.088,5.079,,,,,0,278.625,218.113,400.000,
1785142161.3254,PID,NORMAL_HOLD,326.00,238.61,317.79,279.229,217.871,398.425,278.625,218.113,400.000,268.894,211.156,399.410,1.575,-3.504,,,,,0,278.625,218.113,400.000,
1785142161.3319,PID,NORMAL_HOLD,326.00,238.50,317.50,279.229,217.924,398.605,278.625,218.113,400.000,269.682,211.364,399.038,1.395,-1.137,,,,,0,278.625,218.113,400.000,
1785142161.3395,PID,NORMAL_HOLD,326.00,238.39,317.14,279.226,218.006,398.829,278.625,218.113,400.000,270.087,211.315,397.816,1.171,6.430,,,,,0,278.625,218.113,400.000,
1785142161.3433,PID,NORMAL_HOLD,326.00,238.35,317.00,279.222,218.087,398.915,278.625,218.113,400.000,270.303,211.298,397.086,1.085,10.822,,,,,0,278.625,218.113,400.000,
1785142161.3468,PID,NORMAL_HOLD,326.00,238.31,316.05,279.222,218.117,399.498,278.625,218.113,400.000,270.387,211.550,394.359,0.502,27.431,,,,,0,278.625,218.113,400.000,
1785142161.3537,PID,NORMAL_HOLD,325.95,238.32,316.50,279.178,218.129,399.223,278.625,218.113,400.000,270.673,211.773,395.246,0.777,21.447,,,,,0,278.625,218.113,400.000,
1785142161.3589,PID,NORMAL_HOLD,325.87,238.24,316.00,279.099,218.159,399.531,278.625,218.113,400.000,271.005,211.785,394.560,0.469,25.287,,,,,0,278.625,218.113,400.000,
1785142161.3618,PID,NORMAL_HOLD,325.87,238.24,316.00,279.096,218.200,399.532,278.625,218.113,400.000,270.772,211.718,394.873,0.468,22.888,,,,,0,278.625,218.113,400.000,
1785142161.3682,PID,NORMAL_HOLD,325.50,238.11,316.23,278.757,218.241,399.391,278.625,218.113,400.000,272.529,211.678,396.188,0.609,14.343,,,,,0,278.625,218.113,400.000,
1785142161.3712,PID,NORMAL_HOLD,325.09,238.22,316.50,278.384,218.169,399.228,278.625,218.113,400.000,273.465,212.249,397.732,0.772,4.559,,,,,0,278.625,218.113,400.000,
1785142161.3760,PID,NORMAL_HOLD,325.47,238.11,316.54,278.732,218.257,399.203,278.625,218.113,400.000,269.916,211.635,398.565,0.797,-0.679,,,,,0,278.625,218.113,400.000,
1785142161.3823,PID,NORMAL_HOLD,325.02,238.09,316.60,278.314,218.225,399.167,278.625,218.113,400.000,272.536,212.032,398.970,0.833,-3.156,,,,,0,278.625,218.113,400.000,
1785142161.3868,PID,NORMAL_HOLD,325.00,238.09,317.50,278.290,218.302,398.613,278.625,218.113,400.000,271.778,211.629,401.751,1.387,-20.255,,,,,0,278.625,218.113,400.000,
1785142161.3934,PID,NORMAL_HOLD,325.00,238.00,317.29,278.288,218.369,398.744,278.625,218.113,400.000,271.273,211.482,401.516,1.256,-18.395,,,,,0,278.625,218.113,400.000,
1785142161.3988,PID,NORMAL_HOLD,325.02,237.91,317.29,278.305,218.412,398.743,278.625,218.113,400.000,270.917,211.523,401.217,1.257,-16.229,,,,,0,278.625,218.113,400.000,
1785142161.4021,PID,NORMAL_HOLD,324.86,237.82,317.43,278.158,218.489,398.654,278.625,218.113,400.000,271.634,211.356,401.132,1.346,-15.400,,,,,0,278.625,218.113,400.000,
1785142161.4068,PID,NORMAL_HOLD,325.10,237.72,318.00,278.367,218.637,398.305,278.625,218.113,400.000,270.024,210.843,402.301,1.695,-22.289,,,,,0,278.625,218.113,400.000,
1785142161.4159,PID,NORMAL_HOLD,325.29,237.50,318.00,278.535,218.789,398.304,278.625,218.113,400.000,269.450,210.571,402.458,1.696,-22.872,,,,,0,278.625,218.113,400.000,
1785142161.4180,PID,NORMAL_HOLD,325.50,237.50,318.00,278.730,218.835,398.304,278.625,218.113,400.000,268.974,210.989,401.880,1.696,-18.869,,,,,0,278.625,218.113,400.000,
1785142161.4208,PID,NORMAL_HOLD,325.50,237.24,318.00,278.727,218.979,398.302,278.625,218.113,400.000,269.811,210.633,401.251,1.698,-14.628,,,,,0,278.625,218.113,400.000,
1785142161.4270,PID,NORMAL_HOLD,325.50,237.18,317.45,278.726,219.027,398.640,278.625,218.113,400.000,270.220,211.007,399.074,1.360,-0.915,,,,,0,278.625,218.113,400.000,
1785142161.4311,PID,NORMAL_HOLD,325.55,237.19,317.44,278.763,219.086,398.650,278.625,218.113,400.000,270.188,211.068,398.259,1.350,4.135,,,,,0,278.625,218.113,400.000,
1785142161.4363,PID,NORMAL_HOLD,325.50,237.18,317.19,278.719,219.120,398.807,278.625,218.113,400.000,270.644,211.255,397.212,1.193,10.539,,,,,0,278.625,218.113,400.000,
1785142161.4426,PID,NORMAL_HOLD,325.83,237.29,316.50,279.022,219.059,399.229,278.625,218.113,400.000,268.975,211.872,395.199,0.771,22.743,,,,,0,278.625,218.113,400.000,
1785142161.4489,PID,NORMAL_HOLD,325.74,237.32,316.50,278.940,219.039,399.230,278.625,218.113,400.000,270.216,211.970,395.081,0.770,23.009,,,,,0,278.625,218.113,400.000,
1785142161.4522,PID,NORMAL_HOLD,325.50,237.37,316.50,278.729,218.921,399.229,278.625,218.113,400.000,271.553,212.562,395.260,0.771,21.520,,,,,0,278.625,218.113,400.000,
1785142161.4587,PID,NORMAL_HOLD,325.71,237.50,316.00,278.928,218.856,399.537,278.625,218.113,400.000,269.979,212.585,394.407,0.463,26.395,,,,,0,278.625,218.113,400.000,
1785142161.4643,PID,NORMAL_HOLD,325.50,237.68,316.00,278.734,218.743,399.539,278.625,218.113,400.000,271.255,212.813,394.747,0.461,23.798,,,,,0,278.625,218.113,400.000,
1785142161.4677,PID,NORMAL_HOLD,325.13,237.78,316.00,278.396,218.639,399.541,278.625,218.113,400.000,273.016,213.014,395.505,0.459,18.646,,,,,0,278.625,218.113,400.000,
1785142161.4755,PID,NORMAL_HOLD,325.50,237.89,316.00,278.741,218.557,399.539,278.625,218.113,400.000,269.938,212.948,395.980,0.461,15.394,,,,,0,278.625,218.113,400.000,
1785142161.4803,PID,NORMAL_HOLD,325.00,238.00,316.00,278.287,218.421,399.541,278.625,218.113,400.000,272.551,213.153,396.585,0.459,11.373,,,,,0,278.625,218.113,400.000,
1785142161.4821,PID,NORMAL_HOLD,325.00,238.00,316.29,278.290,218.374,399.362,278.625,218.113,400.000,271.632,212.892,397.920,0.638,2.919,,,,,0,278.625,218.113,400.000,
1785142161.4890,PID,NORMAL_HOLD,325.00,238.00,316.24,278.296,218.292,399.390,278.625,218.113,400.000,271.157,212.918,398.304,0.610,0.500,,,,,0,278.625,218.113,400.000,
1785142161.4928,PID,NORMAL_HOLD,325.02,238.09,316.83,278.308,218.301,399.029,278.625,218.113,400.000,270.882,212.442,400.253,0.971,-11.541,,,,,0,278.625,218.113,400.000,
1785142161.4971,PID,NORMAL_HOLD,325.00,238.00,316.78,278.291,218.340,399.053,278.625,218.113,400.000,270.908,212.036,400.567,0.947,-13.269,,,,,0,278.625,218.113,400.000,
1785142161.5045,PID,NORMAL_HOLD,325.00,238.00,316.50,278.288,218.386,399.231,278.625,218.113,400.000,270.844,211.791,399.505,0.769,-6.464,,,,,0,278.625,218.113,400.000,
1785142161.5096,PID,NORMAL_HOLD,325.00,238.00,316.50,278.288,218.386,399.231,278.625,218.113,400.000,270.797,211.916,398.983,0.769,-3.122,,,,,0,278.625,218.113,400.000,
1785142161.5148,PID,NORMAL_HOLD,325.50,237.89,316.50,278.745,218.490,399.228,278.625,218.113,400.000,268.234,211.400,398.741,0.772,-1.565,,,,,0,278.625,218.113,400.000,
1785142161.5223,PID,NORMAL_HOLD,325.54,237.81,316.50,278.778,218.622,399.230,278.625,218.113,400.000,269.324,211.314,398.614,0.770,-0.752,,,,,0,278.625,218.113,400.000,
1785142161.5286,PID,NORMAL_HOLD,325.91,237.77,316.50,279.110,218.659,399.227,278.625,218.113,400.000,268.127,211.433,398.561,0.773,-0.407,,,,,0,278.625,218.113,400.000,
1785142161.5336,PID,NORMAL_HOLD,325.83,237.71,315.81,279.040,218.654,399.650,278.625,218.113,400.000,269.706,211.727,396.387,0.350,13.043,,,,,0,278.625,218.113,400.000,
1785142161.5409,PID,NORMAL_HOLD,325.55,237.81,315.49,278.793,218.570,399.853,278.625,218.113,400.000,271.499,212.309,394.940,0.147,21.745,,,,,0,278.625,218.113,400.000,
1785142161.5444,PID,NORMAL_HOLD,325.53,237.89,315.44,278.768,218.531,399.882,278.625,218.113,400.000,271.191,212.368,394.805,0.118,22.174,,,,,0,278.625,218.113,400.000,
1785142161.5496,PID,NORMAL_HOLD,325.53,237.89,314.80,278.769,218.523,400.278,278.625,218.113,400.000,270.890,212.224,393.464,-0.278,30.011,,,,,0,278.625,218.113,400.000,
1785142161.5555,PID,NORMAL_HOLD,325.65,237.94,315.50,278.881,218.482,399.844,278.625,218.113,400.000,270.120,212.341,395.664,0.156,15.874,,,,,0,278.625,218.113,400.000,
1785142161.5580,PID,NORMAL_HOLD,325.50,238.00,314.50,278.748,218.453,400.463,278.625,218.113,400.000,271.032,212.327,393.874,-0.463,26.611,,,,,0,278.625,218.113,400.000,
1785142161.5639,PID,NORMAL_HOLD,325.50,238.00,315.00,278.752,218.378,400.152,278.625,218.113,400.000,270.793,212.615,395.274,-0.152,17.481,,,,,0,278.625,218.113,400.000,
1785142161.5700,PID,NORMAL_HOLD,325.50,238.00,314.50,278.756,218.345,400.459,278.625,218.113,400.000,270.683,212.513,394.837,-0.459,19.817,,,,,0,278.625,218.113,400.000,
1785142161.5735,PID,NORMAL_HOLD,325.50,238.11,314.90,278.756,218.291,400.216,278.625,218.113,400.000,270.644,212.587,396.204,-0.216,11.004,,,,,0,278.625,218.113,400.000,
1785142161.5805,PID,NORMAL_HOLD,325.50,238.11,315.04,278.756,218.279,400.126,278.625,218.113,400.000,270.623,212.391,397.377,-0.126,3.556,,,,,0,278.625,218.113,400.000,
1785142161.5866,PID,NORMAL_HOLD,325.50,238.11,315.00,278.757,218.266,400.151,278.625,218.113,400.000,270.610,212.298,397.750,-0.151,1.187,,,,,0,278.625,218.113,400.000,
1785142161.5895,PID,NORMAL_HOLD,325.00,238.00,315.78,278.292,218.357,399.675,278.625,218.113,400.000,273.468,211.629,400.276,0.325,-14.437,,,,,0,278.625,218.113,400.000,
1785142161.5954,PID,NORMAL_HOLD,325.50,237.91,315.44,278.749,218.460,399.881,278.625,218.113,400.000,269.548,211.261,399.809,0.119,-11.286,,,,,0,278.625,218.113,400.000,
1785142161.6028,PID,NORMAL_HOLD,325.50,237.82,315.50,278.744,218.558,399.845,278.625,218.113,400.000,270.103,211.127,399.488,0.155,-9.078,,,,,0,278.625,218.113,400.000,
1785142161.6042,PID,NORMAL_HOLD,325.33,237.72,316.00,278.584,218.665,399.539,278.625,218.113,400.000,271.304,210.924,400.896,0.461,-17.644,,,,,0,278.625,218.113,400.000,
1785142161.6087,PID,NORMAL_HOLD,325.50,237.63,316.00,278.734,218.767,399.539,278.625,218.113,400.000,270.168,210.882,400.918,0.461,-17.462,,,,,0,278.625,218.113,400.000,
1785142161.6166,PID,NORMAL_HOLD,325.50,237.37,316.00,278.730,218.929,399.537,278.625,218.113,400.000,270.414,210.491,400.474,0.463,-14.384,,,,,0,278.625,218.113,400.000,
1785142161.6199,PID,NORMAL_HOLD,325.87,237.22,316.19,279.067,219.052,399.415,278.625,218.113,400.000,268.630,210.494,400.576,0.585,-14.741,,,,,0,278.625,218.113,400.000,
1785142161.6248,PID,NORMAL_HOLD,325.98,237.09,316.00,279.162,219.191,399.535,278.625,218.113,400.000,269.067,210.429,399.745,0.465,-9.339,,,,,0,278.625,218.113,400.000,
1785142161.6323,PID,NORMAL_HOLD,325.86,237.10,315.50,279.051,219.186,399.844,278.625,218.113,400.000,270.456,211.139,397.737,0.156,3.229,,,,,0,278.625,218.113,400.000,
1785142161.6361,PID,NORMAL_HOLD,326.00,237.06,316.00,279.175,219.270,399.537,278.625,218.113,400.000,269.801,211.003,398.563,0.463,-1.928,,,,,0,278.625,218.113,400.000,
1785142161.6413,PID,NORMAL_HOLD,326.00,237.06,315.56,279.177,219.241,399.807,278.625,218.113,400.000,270.128,211.533,397.600,0.193,4.034,,,,,0,278.625,218.113,400.000,
1785142161.6488,PID,NORMAL_HOLD,326.00,237.06,315.81,279.178,219.220,399.652,278.625,218.113,400.000,270.296,211.782,398.048,0.348,1.191,,,,,0,278.625,218.113,400.000,
1785142161.6503,PID,NORMAL_HOLD,326.00,237.21,316.20,279.181,219.117,399.411,278.625,218.113,400.000,270.372,212.354,399.396,0.589,-7.147,,,,,0,278.625,218.113,400.000,
1785142161.6558,PID,NORMAL_HOLD,326.04,237.24,316.45,279.223,219.035,399.254,278.625,218.113,400.000,270.190,212.547,400.520,0.746,-13.962,,,,,0,278.625,218.113,400.000,
1785142161.6627,PID,NORMAL_HOLD,325.95,237.32,316.46,279.146,218.977,399.253,278.625,218.113,400.000,270.750,212.510,400.596,0.747,-14.174,,,,,0,278.625,218.113,400.000,
1785142161.6640,PID,NORMAL_HOLD,326.00,237.50,316.50,279.192,218.849,399.226,278.625,218.113,400.000,270.369,212.878,400.358,0.774,-12.421,,,,,0,278.625,218.113,400.000,
1785142161.6693,PID,NORMAL_HOLD,325.50,237.68,317.00,278.734,218.715,398.922,278.625,218.113,400.000,273.022,213.147,401.569,1.078,-19.671,,,,,0,278.625,218.113,400.000,
1785142161.6765,PID,NORMAL_HOLD,325.83,237.71,317.25,279.037,218.664,398.765,278.625,218.113,400.000,270.110,212.828,402.302,1.235,-23.831,,,,,0,278.625,218.113,400.000,
1785142161.6804,PID,NORMAL_HOLD,325.50,237.82,317.00,278.742,218.558,398.920,278.625,218.113,400.000,271.897,212.954,401.227,1.080,-16.742,,,,,0,278.625,218.113,400.000,
1785142161.6851,PID,NORMAL_HOLD,325.50,237.82,318.00,278.739,218.582,398.304,278.625,218.113,400.000,271.270,212.334,403.238,1.696,-28.775,,,,,0,278.625,218.113,400.000,
1785142161.6926,PID,NORMAL_HOLD,325.50,237.82,317.00,278.742,218.558,398.920,278.625,218.113,400.000,270.920,212.303,400.458,1.080,-11.071,,,,,0,278.625,218.113,400.000,
1785142161.6946,PID,NORMAL_HOLD,325.54,237.81,317.49,278.782,218.556,398.618,278.625,218.113,400.000,270.546,212.151,400.683,1.382,-12.244,,,,,0,278.625,218.113,400.000,
1785142161.7005,PID,NORMAL_HOLD,325.83,237.71,317.97,279.035,218.682,398.323,278.625,218.113,400.000,269.209,211.383,401.915,1.677,-19.610,,,,,0,278.625,218.113,400.000,
1785142161.7073,PID,NORMAL_HOLD,325.86,237.71,318.00,279.068,218.696,398.304,278.625,218.113,400.000,269.678,211.583,402.085,1.696,-20.301,,,,,0,278.625,218.113,400.000,
1785142161.7123,PID,NORMAL_HOLD,325.90,237.67,317.50,279.098,218.759,398.612,278.625,218.113,400.000,269.925,211.409,400.162,1.388,-8.049,,,,,0,278.625,218.113,400.000,
1785142161.7159,PID,NORMAL_HOLD,326.00,237.61,317.50,279.192,218.793,398.611,278.625,218.113,400.000,269.733,211.490,399.326,1.389,-2.743,,,,,0,278.625,218.113,400.000,
1785142161.7216,PID,NORMAL_HOLD,325.71,237.50,317.00,278.929,218.833,398.920,278.625,218.113,400.000,271.817,211.438,397.527,1.080,8.398,,,,,0,278.625,218.113,400.000,
1785142161.7272,PID,NORMAL_HOLD,325.82,237.60,317.00,279.031,218.794,398.920,278.625,218.113,400.000,270.684,211.857,396.922,1.080,11.999,,,,,0,278.625,218.113,400.000,
1785142161.7306,PID,NORMAL_HOLD,325.81,237.50,317.00,279.019,218.838,398.919,278.625,218.113,400.000,270.672,211.615,396.998,1.081,11.328,,,,,0,278.625,218.113,400.000,
1785142161.7374,PID,NORMAL_HOLD,325.86,237.67,316.50,279.063,218.729,399.228,278.625,218.113,400.000,270.377,212.305,395.784,0.772,18.618,,,,,0,278.625,218.113,400.000,
1785142161.7392,PID,NORMAL_HOLD,325.83,237.71,316.80,279.036,218.686,399.044,278.625,218.113,400.000,270.620,212.399,396.672,0.956,12.800,,,,,0,278.625,218.113,400.000,
1785142161.7467,PID,NORMAL_HOLD,325.86,237.71,316.11,279.069,218.702,399.471,278.625,218.113,400.000,270.390,212.082,395.181,0.529,21.773,,,,,0,278.625,218.113,400.000,
1785142161.7523,PID,NORMAL_HOLD,325.50,237.89,316.00,278.743,218.527,399.537,278.625,218.113,400.000,272.079,212.881,395.006,0.463,22.413,,,,,0,278.625,218.113,400.000,
1785142161.7549,PID,NORMAL_HOLD,325.50,237.89,316.00,278.746,218.493,399.536,278.625,218.113,400.000,271.329,212.617,395.392,0.464,19.600,,,,,0,278.625,218.113,400.000,
1785142161.7606,PID,NORMAL_HOLD,325.50,237.89,315.82,278.748,218.459,399.646,278.625,218.113,400.000,270.950,212.512,395.237,0.354,20.227,,,,,0,278.625,218.113,400.000,
1785142161.7669,PID,NORMAL_HOLD,325.50,237.89,316.50,278.745,218.490,399.228,278.625,218.113,400.000,270.797,212.075,397.776,0.772,4.180,,,,,0,278.625,218.113,400.000,
1785142161.7681,PID,NORMAL_HOLD,325.50,237.82,317.00,278.742,218.558,398.920,278.625,218.113,400.000,270.719,211.666,400.285,1.080,-11.383,,,,,0,278.625,218.113,400.000,
1785142161.7740,PID,NORMAL_HOLD,325.50,237.80,317.00,278.737,218.632,398.922,278.625,218.113,400.000,270.691,211.381,400.908,1.078,-15.012,,,,,0,278.625,218.113,400.000,
1785142161.7824,PID,NORMAL_HOLD,325.50,237.63,316.96,278.735,218.731,398.945,278.625,218.113,400.000,270.661,211.135,400.642,1.055,-13.081,,,,,0,278.625,218.113,400.000,
1785142161.7835,PID,NORMAL_HOLD,325.50,237.50,317.00,278.732,218.823,398.921,278.625,218.113,400.000,270.651,211.001,400.406,1.079,-11.383,,,,,0,278.625,218.113,400.000,
1785142161.7904,PID,NORMAL_HOLD,325.50,237.37,317.00,278.728,218.924,398.921,278.625,218.113,400.000,270.650,210.870,400.088,1.079,-9.207,,,,,0,278.625,218.113,400.000,
1785142161.7985,PID,NORMAL_HOLD,325.50,237.11,317.19,278.714,219.232,398.804,278.625,218.113,400.000,270.673,210.465,399.854,1.196,-7.476,,,,,0,278.625,218.113,400.000,
1785142161.8026,PID,NORMAL_HOLD,326.00,237.00,316.95,279.172,219.328,398.954,278.625,218.113,400.000,268.066,210.579,399.207,1.046,-3.342,,,,,0,278.625,218.113,400.000,
1785142161.8092,PID,NORMAL_HOLD,326.00,237.00,316.50,279.171,219.340,399.230,278.625,218.113,400.000,269.274,211.092,397.541,0.770,7.010,,,,,0,278.625,218.113,400.000,
1785142161.8156,PID,NORMAL_HOLD,326.00,237.00,316.00,279.175,219.297,399.536,278.625,218.113,400.000,269.858,211.626,395.838,0.464,17.346,,,,,0,278.625,218.113,400.000,
1785142161.8210,PID,NORMAL_HOLD,326.00,237.00,316.20,279.175,219.284,399.415,278.625,218.113,400.000,270.161,211.767,396.056,0.585,15.684,,,,,0,278.625,218.113,400.000,
1785142161.8239,PID,NORMAL_HOLD,325.50,237.11,315.81,278.720,219.163,399.654,278.625,218.113,400.000,272.880,212.436,395.239,0.346,20.459,,,,,0,278.625,218.113,400.000,
1785142161.8323,PID,NORMAL_HOLD,325.53,237.11,315.81,278.744,219.162,399.654,278.625,218.113,400.000,271.615,212.117,395.592,0.346,17.873,,,,,0,278.625,218.113,400.000,
1785142161.8353,PID,NORMAL_HOLD,325.69,237.28,315.00,278.902,219.065,400.154,278.625,218.113,400.000,270.239,212.486,393.702,-0.154,29.181,,,,,0,278.625,218.113,400.000,
1785142161.8404,PID,NORMAL_HOLD,325.50,237.32,315.99,278.731,218.936,399.544,278.625,218.113,400.000,271.327,212.850,396.668,0.456,10.312,,,,,0,278.625,218.113,400.000,
1785142161.8489,PID,NORMAL_HOLD,325.34,237.42,315.50,278.588,218.861,399.846,278.625,218.113,400.000,271.816,212.794,396.462,0.154,11.380,,,,,0,278.625,218.113,400.000,
1785142161.8522,PID,NORMAL_HOLD,325.50,237.63,316.50,278.733,218.765,399.230,278.625,218.113,400.000,270.423,212.873,399.471,0.770,-7.368,,,,,0,278.625,218.113,400.000,
1785142161.8560,PID,NORMAL_HOLD,325.50,237.63,316.38,278.735,218.744,399.306,278.625,218.113,400.000,270.506,212.503,400.157,0.694,-11.476,,,,,0,278.625,218.113,400.000,
1785142161.8630,PID,NORMAL_HOLD,325.50,237.50,316.62,278.732,218.824,399.152,278.625,218.113,400.000,270.569,211.767,400.887,0.848,-15.777,,,,,0,278.625,218.113,400.000,
1785142161.8680,PID,NORMAL_HOLD,325.50,237.50,316.50,278.730,218.861,399.230,278.625,218.113,400.000,270.602,211.623,400.279,0.770,-11.703,,,,,0,278.625,218.113,400.000,
1785142161.8695,PID,NORMAL_HOLD,325.50,237.37,316.50,278.729,218.921,399.229,278.625,218.113,400.000,270.608,211.421,399.989,0.771,-9.715,,,,,0,278.625,218.113,400.000,
1785142161.8762,PID,NORMAL_HOLD,325.69,237.28,316.50,278.899,219.091,399.231,278.625,218.113,400.000,269.648,210.674,399.583,0.769,-7.026,,,,,0,278.625,218.113,400.000,
1785142161.8814,PID,NORMAL_HOLD,325.50,237.11,316.82,278.717,219.193,399.034,278.625,218.113,400.000,271.093,210.682,400.168,0.966,-10.488,,,,,0,278.625,218.113,400.000,
1785142161.8843,PID,NORMAL_HOLD,326.00,237.00,316.98,279.171,219.342,398.935,278.625,218.113,400.000,268.242,210.370,400.740,1.065,-13.838,,,,,0,278.625,218.113,400.000,
1785142161.8903,PID,NORMAL_HOLD,326.00,237.00,316.50,279.169,219.365,399.231,278.625,218.113,400.000,269.365,210.919,399.157,0.769,-3.804,,,,,0,278.625,218.113,400.000,
1785142161.8960,PID,NORMAL_HOLD,326.00,237.00,316.27,279.170,219.357,399.369,278.625,218.113,400.000,269.916,211.363,397.813,0.631,4.568,,,,,0,278.625,218.113,400.000,
1785142161.8994,PID,NORMAL_HOLD,326.00,237.00,316.00,279.169,219.370,399.539,278.625,218.113,400.000,270.199,211.466,396.680,0.461,11.464,,,,,0,278.625,218.113,400.000,
1785142161.9056,PID,NORMAL_HOLD,326.00,237.00,316.24,279.170,219.360,399.392,278.625,218.113,400.000,270.334,211.644,397.230,0.608,7.856,,,,,0,278.625,218.113,400.000,
1785142161.9101,PID,NORMAL_HOLD,326.00,237.00,316.00,279.171,219.347,399.538,278.625,218.113,400.000,270.398,211.752,396.789,0.462,10.452,,,,,0,278.625,218.113,400.000,
1785142161.9153,PID,NORMAL_HOLD,326.00,237.00,316.00,279.172,219.334,399.537,278.625,218.113,400.000,270.430,211.814,396.947,0.463,9.284,,,,,0,278.625,218.113,400.000,
1785142161.9219,PID,NORMAL_HOLD,326.25,237.16,315.50,279.411,219.177,399.842,278.625,218.113,400.000,269.107,212.656,395.759,0.158,16.436,,,,,0,278.625,218.113,400.000,
1785142161.9262,PID,NORMAL_HOLD,325.95,237.32,315.90,279.147,218.975,399.598,278.625,218.113,400.000,271.047,213.199,396.860,0.402,9.334,,,,,0,278.625,218.113,400.000,
1785142161.9321,PID,NORMAL_HOLD,326.00,237.46,316.11,279.192,218.869,399.468,278.625,218.113,400.000,270.482,213.173,398.050,0.532,1.829,,,,,0,278.625,218.113,400.000,
1785142161.9394,PID,NORMAL_HOLD,326.00,237.50,316.50,279.192,218.849,399.226,278.625,218.113,400.000,270.474,212.633,399.883,0.774,-9.559,,,,,0,278.625,218.113,400.000,
1785142161.9414,PID,NORMAL_HOLD,325.64,237.62,316.38,278.863,218.758,399.305,278.625,218.113,400.000,272.293,212.757,399.812,0.695,-8.934,,,,,0,278.625,218.113,400.000,
1785142161.9470,PID,NORMAL_HOLD,325.86,237.71,316.76,279.067,218.724,399.066,278.625,218.113,400.000,270.392,212.496,400.742,0.934,-14.503,,,,,0,278.625,218.113,400.000,
1785142161.9542,PID,NORMAL_HOLD,325.86,237.67,316.46,279.060,218.765,399.254,278.625,218.113,400.000,270.489,211.951,399.843,0.746,-8.685,,,,,0,278.625,218.113,400.000,
1785142161.9560,PID,NORMAL_HOLD,325.71,237.50,316.46,278.928,218.856,399.251,278.625,218.113,400.000,271.235,211.412,399.347,0.749,-5.462,,,,,0,278.625,218.113,400.000,
1785142161.9605,PID,NORMAL_HOLD,325.71,237.39,316.90,278.918,218.925,398.984,278.625,218.113,400.000,270.943,211.252,400.331,1.016,-11.426,,,,,0,278.625,218.113,400.000,
1785142161.9676,PID,NORMAL_HOLD,325.95,237.32,316.00,279.145,219.002,399.535,278.625,218.113,400.000,269.538,211.140,397.735,0.465,4.816,,,,,0,278.625,218.113,400.000,
1785142161.9704,PID,NORMAL_HOLD,325.91,237.23,315.81,279.093,219.125,399.653,278.625,218.113,400.000,270.285,210.819,396.407,0.347,12.917,,,,,0,278.625,218.113,400.000,
1785142161.9753,PID,NORMAL_HOLD,326.00,237.21,315.50,279.180,219.140,399.844,278.625,218.113,400.000,269.843,211.206,395.282,0.156,19.616,,,,,0,278.625,218.113,400.000,
1785142161.9824,PID,NORMAL_HOLD,325.72,237.16,314.81,278.925,219.152,400.270,278.625,218.113,400.000,271.415,211.434,393.368,-0.270,31.040,,,,,0,278.625,218.113,400.000,
1785142161.9848,PID,NORMAL_HOLD,325.86,237.29,314.81,279.054,219.102,400.270,278.625,218.113,400.000,270.229,211.895,393.255,-0.270,31.168,,,,,0,278.625,218.113,400.000,
1785142161.9912,PID,NORMAL_HOLD,326.00,237.28,314.50,279.183,219.084,400.460,278.625,218.113,400.000,269.584,211.952,392.975,-0.460,32.325,,,,,0,278.625,218.113,400.000,
1785142161.9988,PID,NORMAL_HOLD,325.96,237.26,314.50,279.148,219.041,400.458,278.625,218.113,400.000,270.216,212.110,393.659,-0.458,27.498,,,,,0,278.625,218.113,400.000,
1785142161.9999,PID,NORMAL_HOLD,325.80,237.38,314.90,279.003,218.945,400.216,278.625,218.113,400.000,271.161,212.495,395.676,-0.216,14.535,,,,,0,278.625,218.113,400.000,
1785142162.0064,PID,NORMAL_HOLD,325.98,237.46,314.46,279.174,218.896,400.481,278.625,218.113,400.000,269.889,212.438,395.434,-0.481,15.759,,,,,0,278.625,218.113,400.000,
1785142162.0159,PID,NORMAL_HOLD,325.50,237.68,314.97,278.739,218.694,400.174,278.625,218.113,400.000,271.450,212.733,396.933,-0.174,6.275,,,,,0,278.625,218.113,400.000,
1785142162.0201,PID,NORMAL_HOLD,325.50,237.68,314.97,278.739,218.694,400.174,278.625,218.113,400.000,271.024,212.321,397.793,-0.174,0.845,,,,,0,278.625,218.113,400.000,
1785142162.0252,PID,NORMAL_HOLD,325.50,237.68,314.97,278.739,218.694,400.174,278.625,218.113,400.000,270.812,212.115,398.115,-0.174,-1.156,,,,,0,278.625,218.113,400.000,
1785142162.0329,PID,NORMAL_HOLD,325.50,237.68,315.41,278.736,218.725,399.903,278.625,218.113,400.000,270.720,211.848,399.426,0.097,-9.206,,,,,0,278.625,218.113,400.000,
1785142162.0354,PID,NORMAL_HOLD,325.71,237.39,315.50,278.920,218.926,399.844,278.625,218.113,400.000,269.692,210.817,400.059,0.156,-12.949,,,,,0,278.625,218.113,400.000,
1785142162.0399,PID,NORMAL_HOLD,325.50,237.32,315.00,278.725,219.037,400.156,278.625,218.113,400.000,271.360,210.623,398.443,-0.156,-2.725,,,,,0,278.625,218.113,400.000,
1785142162.0491,PID,NORMAL_HOLD,325.87,237.22,315.00,279.057,219.205,400.156,278.625,218.113,400.000,269.185,210.304,397.874,-0.156,0.828,,,,,0,278.625,218.113,400.000,
1785142162.0520,PID,NORMAL_HOLD,325.52,237.11,315.00,278.736,219.281,400.159,278.625,218.113,400.000,271.695,210.591,397.612,-0.159,2.435,,,,,0,278.625,218.113,400.000,
1785142162.0568,PID,NORMAL_HOLD,325.73,236.95,315.00,278.920,219.405,400.157,278.625,218.113,400.000,270.131,210.474,397.599,-0.157,2.468,,,,,0,278.625,218.113,400.000,
1785142162.0660,PID,NORMAL_HOLD,326.00,237.00,314.50,279.169,219.395,400.463,278.625,218.113,400.000,268.962,211.136,396.315,-0.463,10.312,,,,,0,278.625,218.113,400.000,
1785142162.0680,PID,NORMAL_HOLD,326.00,237.00,314.60,279.168,219.398,400.403,278.625,218.113,400.000,269.717,211.398,396.201,-0.403,10.842,,,,,0,278.625,218.113,400.000,
1785142162.0714,PID,NORMAL_HOLD,326.00,237.00,314.04,279.171,219.366,400.745,278.625,218.113,400.000,270.079,211.705,394.812,-0.745,19.205,,,,,0,278.625,218.113,400.000,
1785142162.0779,PID,NORMAL_HOLD,326.00,237.00,314.50,279.172,219.349,400.462,278.625,218.113,400.000,270.267,211.811,396.108,-0.462,10.848,,,,,0,278.625,218.113,400.000,
1785142162.0807,PID,NORMAL_HOLD,325.74,237.11,314.50,278.936,219.260,400.464,278.625,218.113,400.000,271.579,212.214,396.812,-0.464,6.298,,,,,0,278.625,218.113,400.000,
1785142162.0858,PID,NORMAL_HOLD,325.72,237.16,314.28,278.924,219.178,400.601,278.625,218.113,400.000,271.130,212.491,396.473,-0.601,8.287,,,,,0,278.625,218.113,400.000,
1785142162.0926,PID,NORMAL_HOLD,325.96,237.25,314.00,279.148,219.057,400.766,278.625,218.113,400.000,269.612,212.786,395.821,-0.766,12.146,,,,,0,278.625,218.113,400.000,
1785142162.0970,PID,NORMAL_HOLD,325.80,237.38,314.50,279.005,218.926,400.459,278.625,218.113,400.000,270.786,212.970,397.308,-0.459,2.740,,,,,0,278.625,218.113,400.000,
1785142162.1021,PID,NORMAL_HOLD,326.00,237.33,315.10,279.189,218.973,400.089,278.625,218.113,400.000,269.558,212.123,399.766,-0.089,-12.498,,,,,0,278.625,218.113,400.000,
1785142162.1088,PID,NORMAL_HOLD,326.20,237.38,315.10,279.376,218.944,400.085,278.625,218.113,400.000,268.949,212.131,400.269,-0.085,-15.357,,,,,0,278.625,218.113,400.000,
1785142162.1121,PID,NORMAL_HOLD,326.00,237.31,315.45,279.187,219.003,399.871,278.625,218.113,400.000,270.731,211.648,401.171,0.129,-20.634,,,,,0,278.625,218.113,400.000,
1785142162.1188,PID,NORMAL_HOLD,325.90,237.28,315.50,279.092,219.071,399.845,278.625,218.113,400.000,271.081,211.382,401.221,0.155,-20.569,,,,,0,278.625,218.113,400.000,
1785142162.1264,PID,NORMAL_HOLD,325.87,237.22,315.50,279.058,219.195,399.847,278.625,218.113,400.000,270.996,210.817,400.699,0.153,-16.958,,,,,0,278.625,218.113,400.000,
1785142162.1277,PID,NORMAL_HOLD,326.00,237.00,315.54,279.172,219.342,399.819,278.625,218.113,400.000,270.126,210.478,400.316,0.181,-14.284,,,,,0,278.625,218.113,400.000,
1785142162.1317,PID,NORMAL_HOLD,326.00,237.00,315.50,279.168,219.390,399.847,278.625,218.113,400.000,270.313,210.829,399.702,0.153,-10.222,,,,,0,278.625,218.113,400.000,
1785142162.1387,PID,NORMAL_HOLD,326.19,236.89,315.58,279.342,219.475,399.793,278.625,218.113,400.000,269.385,210.771,399.505,0.207,-8.813,,,,,0,278.625,218.113,400.000,
1785142162.1417,PID,NORMAL_HOLD,326.11,236.79,315.50,279.264,219.512,399.845,278.625,218.113,400.000,270.312,211.019,399.000,0.155,-5.534,,,,,0,278.625,218.113,400.000,
1785142162.1478,PID,NORMAL_HOLD,326.01,236.95,315.00,279.177,219.436,400.155,278.625,218.113,400.000,270.860,211.762,397.219,-0.155,5.557,,,,,0,278.625,218.113,400.000,
1785142162.1544,PID,NORMAL_HOLD,326.10,236.92,315.40,279.259,219.437,399.906,278.625,218.113,400.000,270.175,211.707,397.897,0.094,1.266,,,,,0,278.625,218.113,400.000,
1785142162.1575,PID,NORMAL_HOLD,326.00,237.00,315.50,279.171,219.355,399.846,278.625,218.113,400.000,270.770,212.126,398.448,0.154,-2.154,,,,,0,278.625,218.113,400.000,
1785142162.1624,PID,NORMAL_HOLD,326.00,237.00,315.50,279.173,219.329,399.845,278.625,218.113,400.000,270.605,212.063,398.590,0.155,-2.991,,,,,0,278.625,218.113,400.000,
1785142162.1686,PID,NORMAL_HOLD,325.75,237.16,315.20,278.948,219.174,400.030,278.625,218.113,400.000,271.780,212.739,397.644,-0.030,2.917,,,,,0,278.625,218.113,400.000,
1785142162.1715,PID,NORMAL_HOLD,325.95,237.32,315.45,279.145,218.998,399.871,278.625,218.113,400.000,270.030,213.248,398.156,0.129,-0.293,,,,,0,278.625,218.113,400.000,
1785142162.1761,PID,NORMAL_HOLD,326.00,237.33,315.50,279.192,218.931,399.840,278.625,218.113,400.000,269.995,212.894,398.522,0.160,-2.551,,,,,0,278.625,218.113,400.000,
1785142162.1835,PID,NORMAL_HOLD,326.00,237.50,316.00,279.192,218.852,399.534,278.625,218.113,400.000,270.223,212.760,399.965,0.466,-11.388,,,,,0,278.625,218.113,400.000,
1785142162.1864,PID,NORMAL_HOLD,326.20,237.42,316.00,279.373,218.896,399.532,278.625,218.113,400.000,269.214,212.027,400.219,0.468,-12.725,,,,,0,278.625,218.113,400.000,
1785142162.1933,PID,NORMAL_HOLD,326.00,237.50,316.50,279.190,218.870,399.227,278.625,218.113,400.000,270.835,212.077,401.845,0.773,-22.586,,,,,0,278.625,218.113,400.000,
1785142162.2001,PID,NORMAL_HOLD,325.95,237.32,316.50,279.146,218.974,399.226,278.625,218.113,400.000,270.887,211.388,401.651,0.774,-20.950,,,,,0,278.625,218.113,400.000,
1785142162.2026,PID,NORMAL_HOLD,325.86,237.29,316.45,279.059,219.013,399.257,278.625,218.113,400.000,271.136,211.392,400.998,0.743,-16.526,,,,,0,278.625,218.113,400.000,
1785142162.2074,PID,NORMAL_HOLD,325.91,237.22,315.82,279.092,219.167,399.649,278.625,218.113,400.000,270.616,210.661,398.454,0.351,-0.499,,,,,0,278.625,218.113,400.000,
1785142162.2158,PID,NORMAL_HOLD,326.00,237.00,316.00,279.173,219.319,399.537,278.625,218.113,400.000,270.310,210.757,398.153,0.463,1.357,,,,,0,278.625,218.113,400.000,
1785142162.2200,PID,NORMAL_HOLD,325.50,237.00,315.55,278.714,219.304,399.820,278.625,218.113,400.000,272.953,211.309,396.590,0.180,11.006,,,,,0,278.625,218.113,400.000,
1785142162.2253,PID,NORMAL_HOLD,325.68,237.14,315.00,278.883,219.193,400.155,278.625,218.113,400.000,270.833,212.130,395.140,-0.155,19.648,,,,,0,278.625,218.113,400.000,
1785142162.2319,PID,NORMAL_HOLD,325.87,237.22,314.81,279.063,219.135,400.269,278.625,218.113,400.000,269.725,212.243,393.409,-0.269,30.160,,,,,0,278.625,218.113,400.000,
1785142162.2346,PID,NORMAL_HOLD,325.87,237.24,315.00,279.060,219.124,400.154,278.625,218.113,400.000,270.126,212.057,394.696,-0.154,21.630,,,,,0,278.625,218.113,400.000,
1785142162.2405,PID,NORMAL_HOLD,325.71,237.39,315.00,278.919,218.947,400.153,278.625,218.113,400.000,271.136,212.949,395.524,-0.153,16.131,,,,,0,278.625,218.113,400.000,
1785142162.2494,PID,NORMAL_HOLD,325.81,237.50,314.50,279.021,218.850,400.460,278.625,218.113,400.000,270.295,212.891,395.712,-0.460,14.430,,,,,0,278.625,218.113,400.000,
1785142162.2539,PID,NORMAL_HOLD,325.91,237.78,314.98,279.114,218.640,400.165,278.625,218.113,400.000,270.118,213.002,396.827,-0.165,7.281,,,,,0,278.625,218.113,400.000,
1785142162.2611,PID,NORMAL_HOLD,325.91,237.78,314.50,279.119,218.571,400.456,278.625,218.113,400.000,270.266,212.824,395.858,-0.456,13.151,,,,,0,278.625,218.113,400.000,
1785142162.2682,PID,NORMAL_HOLD,325.91,237.78,315.00,279.112,218.668,400.152,278.625,218.113,400.000,270.411,211.837,397.357,-0.152,3.660,,,,,0,278.625,218.113,400.000,
1785142162.2714,PID,NORMAL_HOLD,326.00,237.72,315.00,279.202,218.635,400.148,278.625,218.113,400.000,269.950,212.048,397.997,-0.148,-0.360,,,,,0,278.625,218.113,400.000,
1785142162.2751,PID,NORMAL_HOLD,326.29,237.61,315.50,279.465,218.782,399.840,278.625,218.113,400.000,268.646,211.103,399.717,0.160,-10.971,,,,,0,278.625,218.113,400.000,
1785142162.2839,PID,NORMAL_HOLD,326.20,237.38,315.46,279.375,218.966,399.868,278.625,218.113,400.000,269.996,210.483,399.421,0.132,-8.815,,,,,0,278.625,218.113,400.000,
1785142162.2884,PID,NORMAL_HOLD,326.13,237.24,315.50,279.301,219.134,399.844,278.625,218.113,400.000,270.613,210.187,399.611,0.156,-9.821,,,,,0,278.625,218.113,400.000,
1785142162.2937,PID,NORMAL_HOLD,326.28,237.12,315.50,279.432,219.257,399.843,278.625,218.113,400.000,269.803,210.304,399.442,0.157,-8.593,,,,,0,278.625,218.113,400.000,
1785142162.3005,PID,NORMAL_HOLD,326.50,237.11,315.00,279.631,219.314,400.150,278.625,218.113,400.000,269.497,210.835,397.757,-0.150,1.959,,,,,0,278.625,218.113,400.000,
1785142162.3053,PID,NORMAL_HOLD,326.50,237.11,314.50,279.638,219.217,400.454,278.625,218.113,400.000,269.867,211.805,395.577,-0.454,15.405,,,,,0,278.625,218.113,400.000,
1785142162.3102,PID,NORMAL_HOLD,326.46,237.19,314.81,279.598,219.188,400.265,278.625,218.113,400.000,270.322,211.929,396.197,-0.265,11.279,,,,,0,278.625,218.113,400.000,
1785142162.3173,PID,NORMAL_HOLD,326.13,237.22,314.50,279.299,219.148,400.459,278.625,218.113,400.000,271.950,212.047,395.619,-0.459,14.651,,,,,0,278.625,218.113,400.000,
1785142162.3214,PID,NORMAL_HOLD,326.17,237.25,314.83,279.341,219.054,400.253,278.625,218.113,400.000,270.973,212.362,396.791,-0.253,7.147,,,,,0,278.625,218.113,400.000,
1785142162.3268,PID,NORMAL_HOLD,326.30,237.52,314.90,279.467,218.907,400.213,278.625,218.113,400.000,269.861,213.026,397.563,-0.213,2.249,,,,,0,278.625,218.113,400.000,
1785142162.3331,PID,NORMAL_HOLD,326.29,237.61,314.78,279.464,218.798,400.286,278.625,218.113,400.000,270.131,213.017,397.539,-0.286,2.348,,,,,0,278.625,218.113,400.000,
1785142162.3360,PID,NORMAL_HOLD,326.17,237.71,315.39,279.357,218.720,399.911,278.625,218.113,400.000,270.803,212.836,399.389,0.089,-9.107,,,,,0,278.625,218.113,400.000,
1785142162.3412,PID,NORMAL_HOLD,326.14,237.70,315.50,279.323,218.750,399.842,278.625,218.113,400.000,270.800,212.172,400.205,0.158,-13.981,,,,,0,278.625,218.113,400.000,
1785142162.3494,PID,NORMAL_HOLD,326.15,237.65,315.46,279.329,218.771,399.864,278.625,218.113,400.000,270.573,211.900,400.023,0.136,-12.586,,,,,0,278.625,218.113,400.000,
1785142162.3525,PID,NORMAL_HOLD,326.29,237.41,316.00,279.457,218.949,399.533,278.625,218.113,400.000,269.802,210.925,400.234,0.467,-13.395,,,,,0,278.625,218.113,400.000,
1785142162.3589,PID,NORMAL_HOLD,326.30,237.36,315.83,279.457,219.017,399.640,278.625,218.113,400.000,270.084,210.977,400.243,0.360,-13.201,,,,,0,278.625,218.113,400.000,
1785142162.3658,PID,NORMAL_HOLD,326.48,237.11,315.50,279.612,219.262,399.841,278.625,218.113,400.000,269.761,210.647,399.017,0.159,-5.395,,,,,0,278.625,218.113,400.000,
1785142162.3702,PID,NORMAL_HOLD,326.00,237.00,315.50,279.173,219.325,399.845,278.625,218.113,400.000,272.539,210.814,398.392,0.155,-1.431,,,,,0,278.625,218.113,400.000,
1785142162.3769,PID,NORMAL_HOLD,326.50,237.11,315.00,279.630,219.327,400.151,278.625,218.113,400.000,268.957,211.239,396.697,-0.151,9.055,,,,,0,278.625,218.113,400.000,
1785142162.3828,PID,NORMAL_HOLD,326.48,237.11,314.49,279.614,219.242,400.461,278.625,218.113,400.000,269.724,211.921,394.783,-0.461,20.697,,,,,0,278.625,218.113,400.000,
1785142162.3858,PID,NORMAL_HOLD,326.13,237.24,314.50,279.300,219.165,400.460,278.625,218.113,400.000,271.702,212.225,394.725,-0.460,20.629,,,,,0,278.625,218.113,400.000,
1785142162.3904,PID,NORMAL_HOLD,326.13,237.22,314.20,279.301,219.117,400.643,278.625,218.113,400.000,271.045,212.263,393.954,-0.643,25.055,,,,,0,278.625,218.113,400.000,
1785142162.3992,PID,NORMAL_HOLD,325.80,237.38,314.46,279.003,218.952,400.487,278.625,218.113,400.000,272.388,212.924,395.127,-0.487,17.350,,,,,0,278.625,218.113,400.000,
1785142162.4023,PID,NORMAL_HOLD,325.83,237.62,314.00,279.033,218.801,400.769,278.625,218.113,400.000,271.272,213.215,394.638,-0.769,20.030,,,,,0,278.625,218.113,400.000,
1785142162.4053,PID,NORMAL_HOLD,325.91,237.78,314.39,279.112,218.678,400.530,278.625,218.113,400.000,270.438,213.221,396.026,-0.530,11.091,,,,,0,278.625,218.113,400.000,
1785142162.4120,PID,NORMAL_HOLD,325.91,237.78,314.00,279.117,218.608,400.766,278.625,218.113,400.000,270.421,212.926,395.630,-0.766,13.325,,,,,0,278.625,218.113,400.000,
1785142162.4162,PID,NORMAL_HOLD,325.90,237.72,314.89,279.107,218.698,400.219,278.625,218.113,400.000,270.501,211.886,398.294,-0.219,-3.331,,,,,0,278.625,218.113,400.000,
1785142162.4213,PID,NORMAL_HOLD,325.83,237.71,314.95,279.037,218.697,400.184,278.625,218.113,400.000,270.869,211.886,399.513,-0.184,-10.816,,,,,0,278.625,218.113,400.000,
1785142162.4287,PID,NORMAL_HOLD,325.72,237.59,315.00,278.936,218.784,400.153,278.625,218.113,400.000,271.239,211.399,399.822,-0.153,-12.521,,,,,0,278.625,218.113,400.000,
1785142162.4332,PID,NORMAL_HOLD,325.70,237.36,315.27,278.918,218.936,399.983,278.625,218.113,400.000,270.968,210.837,400.449,0.017,-16.159,,,,,0,278.625,218.113,400.000,
1785142162.4367,PID,NORMAL_HOLD,325.69,237.28,315.00,278.905,219.027,400.153,278.625,218.113,400.000,270.826,210.763,399.497,-0.153,-9.981,,,,,0,278.625,218.113,400.000,
1785142162.4438,PID,NORMAL_HOLD,325.88,237.15,314.50,279.071,219.169,400.461,278.625,218.113,400.000,269.738,210.464,397.542,-0.461,2.246,,,,,0,278.625,218.113,400.000,
1785142162.4470,PID,NORMAL_HOLD,325.50,237.11,314.50,278.716,219.248,400.466,278.625,218.113,400.000,272.005,210.670,396.729,-0.466,7.234,,,,,0,278.625,218.113,400.000,
1785142162.4522,PID,NORMAL_HOLD,325.50,237.11,314.00,278.720,219.206,400.773,278.625,218.113,400.000,271.272,211.430,395.193,-0.773,16.570,,,,,0,278.625,218.113,400.000,
1785142162.4596,PID,NORMAL_HOLD,325.53,237.11,314.20,278.744,219.203,400.650,278.625,218.113,400.000,270.798,211.589,395.585,-0.650,13.844,,,,,0,278.625,218.113,400.000,
1785142162.4610,PID,NORMAL_HOLD,325.69,237.28,313.88,278.896,219.168,400.850,278.625,218.113,400.000,269.842,211.843,395.088,-0.850,16.645,,,,,0,278.625,218.113,400.000,
1785142162.4669,PID,NORMAL_HOLD,325.50,237.32,313.50,278.724,219.079,401.083,278.625,218.113,400.000,271.128,212.274,394.244,-1.083,21.523,,,,,0,278.625,218.113,400.000,
1785142162.4742,PID,NORMAL_HOLD,325.38,237.50,314.00,278.618,218.873,400.774,278.625,218.113,400.000,271.459,213.185,395.845,-0.774,11.235,,,,,0,278.625,218.113,400.000,
1785142162.4775,PID,NORMAL_HOLD,325.50,237.68,314.10,278.734,218.772,400.710,278.625,218.113,400.000,270.399,213.052,396.979,-0.710,4.026,,,,,0,278.625,218.113,400.000,
1785142162.4828,PID,NORMAL_HOLD,325.50,237.68,314.27,278.738,218.723,400.603,278.625,218.113,400.000,270.470,212.711,397.975,-0.603,-2.193,,,,,0,278.625,218.113,400.000,
1785142162.4896,PID,NORMAL_HOLD,325.50,237.68,314.50,278.738,218.715,400.463,278.625,218.113,400.000,270.521,212.329,398.983,-0.463,-8.383,,,,,0,278.625,218.113,400.000,
1785142162.4950,PID,NORMAL_HOLD,325.33,237.72,314.50,278.584,218.691,400.465,278.625,218.113,400.000,271.376,212.224,399.059,-0.465,-8.678,,,,,0,278.625,218.113,400.000,
1785142162.4988,PID,NORMAL_HOLD,325.50,237.63,314.89,278.736,218.755,400.223,278.625,218.113,400.000,270.144,211.686,400.266,-0.223,-16.002,,,,,0,278.625,218.113,400.000,
1785142162.5051,PID,NORMAL_HOLD,325.50,237.37,314.76,278.732,218.913,400.299,278.625,218.113,400.000,270.380,210.878,399.865,-0.299,-13.231,,,,,0,278.625,218.113,400.000,
1785142162.5091,PID,NORMAL_HOLD,325.50,237.32,315.20,278.728,218.990,400.034,278.625,218.113,400.000,270.503,210.931,400.679,-0.034,-18.001,,,,,0,278.625,218.113,400.000,
1785142162.5127,PID,NORMAL_HOLD,325.87,237.22,314.50,279.062,219.136,400.461,278.625,218.113,400.000,268.581,210.498,398.502,-0.461,-4.225,,,,,0,278.625,218.113,400.000,
1785142162.5193,PID,NORMAL_HOLD,325.52,237.11,314.50,278.739,219.253,400.466,278.625,218.113,400.000,271.260,210.490,397.623,-0.466,1.274,,,,,0,278.625,218.113,400.000,
1785142162.5236,PID,NORMAL_HOLD,325.62,237.11,314.00,278.821,219.269,400.774,278.625,218.113,400.000,270.424,210.997,395.859,-0.774,12.135,,,,,0,278.625,218.113,400.000,
1785142162.5271,PID,NORMAL_HOLD,325.53,237.11,314.00,278.742,219.234,400.774,278.625,218.113,400.000,270.922,211.534,395.477,-0.774,14.265,,,,,0,278.625,218.113,400.000,
1785142162.5348,PID,NORMAL_HOLD,325.87,237.22,313.71,279.060,219.185,400.947,278.625,218.113,400.000,268.944,211.894,394.884,-0.947,17.646,,,,,0,278.625,218.113,400.000,
1785142162.5377,PID,NORMAL_HOLD,325.59,237.31,313.81,278.806,219.085,400.889,278.625,218.113,400.000,271.116,212.358,395.298,-0.889,14.763,,,,,0,278.625,218.113,400.000,
1785142162.5411,PID,NORMAL_HOLD,325.50,237.50,313.50,278.731,218.902,401.081,278.625,218.113,400.000,271.251,213.068,394.865,-1.081,17.157,,,,,0,278.625,218.113,400.000,
1785142162.5496,PID,NORMAL_HOLD,325.50,237.68,313.50,278.736,218.757,401.081,278.625,218.113,400.000,270.886,213.221,395.108,-1.081,15.327,,,,,0,278.625,218.113,400.000,
1785142162.5537,PID,NORMAL_HOLD,325.50,237.76,313.47,278.740,218.674,401.098,278.625,218.113,400.000,270.710,212.988,395.516,-1.098,12.504,,,,,0,278.625,218.113,400.000,
1785142162.5570,PID,NORMAL_HOLD,325.87,237.78,313.89,279.080,218.669,400.836,278.625,218.113,400.000,268.682,212.454,397.207,-0.836,1.821,,,,,0,278.625,218.113,400.000,
1785142162.5668,PID,NORMAL_HOLD,325.50,237.76,313.97,278.740,218.664,400.792,278.625,218.113,400.000,271.432,212.192,398.046,-0.792,-3.397,,,,,0,278.625,218.113,400.000,
1785142162.5691,PID,NORMAL_HOLD,325.57,237.67,313.50,278.807,218.731,401.079,278.625,218.113,400.000,270.628,211.651,396.996,-1.079,3.109,,,,,0,278.625,218.113,400.000,
1785142162.5744,PID,NORMAL_HOLD,325.70,237.48,314.00,278.914,218.872,400.769,278.625,218.113,400.000,269.991,210.960,398.216,-0.769,-4.510,,,,,0,278.625,218.113,400.000,
1785142162.5825,PID,NORMAL_HOLD,325.70,237.28,313.98,278.913,218.988,400.781,278.625,218.113,400.000,270.260,210.736,398.426,-0.781,-5.731,,,,,0,278.625,218.113,400.000,
1785142162.5844,PID,NORMAL_HOLD,326.00,237.15,313.50,279.181,219.179,401.075,278.625,218.113,400.000,268.907,210.197,397.036,-1.075,2.928,,,,,0,278.625,218.113,400.000,
1785142162.5892,PID,NORMAL_HOLD,326.00,237.12,313.45,279.174,219.284,401.107,278.625,218.113,400.000,269.710,210.365,396.293,-1.107,7.479,,,,,0,278.625,218.113,400.000,
1785142162.5950,PID,NORMAL_HOLD,325.73,236.95,313.50,278.921,219.412,401.081,278.625,218.113,400.000,271.481,210.311,396.406,-1.081,6.631,,,,,0,278.625,218.113,400.000,
1785142162.5996,PID,NORMAL_HOLD,326.00,237.00,313.00,279.169,219.403,401.387,278.625,218.113,400.000,269.645,211.027,395.118,-1.387,14.453,,,,,0,278.625,218.113,400.000,
1785142162.6035,PID,NORMAL_HOLD,326.00,237.00,313.00,279.169,219.403,401.387,278.625,218.113,400.000,270.043,211.334,394.926,-1.387,15.371,,,,,0,278.625,218.113,400.000,
1785142162.6105,PID,NORMAL_HOLD,326.27,237.05,313.00,279.419,219.373,401.384,278.625,218.113,400.000,268.858,211.654,395.230,-1.384,13.213,,,,,0,278.625,218.113,400.000,
1785142162.6153,PID,NORMAL_HOLD,326.27,237.05,312.00,279.420,219.354,401.998,278.625,218.113,400.000,269.603,211.751,392.682,-1.998,28.680,,,,,0,278.625,218.113,400.000,
1785142162.6199,PID,NORMAL_HOLD,326.00,237.21,312.44,279.179,219.188,401.730,278.625,218.113,400.000,271.363,212.652,393.754,-1.730,21.518,,,,,0,278.625,218.113,400.000,
1785142162.6259,PID,NORMAL_HOLD,326.50,237.24,312.50,279.638,219.167,401.685,278.625,218.113,400.000,268.330,212.296,394.760,-1.685,14.907,,,,,0,278.625,218.113,400.000,
1785142162.6278,PID,NORMAL_HOLD,326.30,237.28,312.83,279.462,219.066,401.485,278.625,218.113,400.000,270.302,212.565,396.425,-1.485,4.354,,,,,0,278.625,218.113,400.000,
1785142162.6328,PID,NORMAL_HOLD,326.13,237.22,313.50,279.299,219.153,401.075,278.625,218.113,400.000,271.236,211.666,399.105,-1.075,-12.268,,,,,0,278.625,218.113,400.000,
1785142162.6403,PID,NORMAL_HOLD,326.28,237.16,313.49,279.433,219.211,401.081,278.625,218.113,400.000,270.055,211.360,399.761,-1.081,-16.090,,,,,0,278.625,218.113,400.000,
1785142162.6437,PID,NORMAL_HOLD,326.50,237.00,313.89,279.631,219.358,400.833,278.625,218.113,400.000,269.123,210.724,400.887,-0.833,-22.753,,,,,0,278.625,218.113,400.000,
1785142162.6491,PID,NORMAL_HOLD,326.50,237.00,313.24,279.629,219.398,401.234,278.625,218.113,400.000,269.726,210.966,398.809,-1.234,-9.507,,,,,0,278.625,218.113,400.000,
1785142162.6561,PID,NORMAL_HOLD,326.00,236.88,314.00,279.167,219.475,400.771,278.625,218.113,400.000,272.646,210.865,400.105,-0.771,-17.338,,,,,0,278.625,218.113,400.000,
1785142162.6572,PID,NORMAL_HOLD,326.13,236.78,313.96,279.279,219.587,400.794,278.625,218.113,400.000,270.957,210.658,400.032,-0.794,-16.559,,,,,0,278.625,218.113,400.000,
1785142162.6623,PID,NORMAL_HOLD,326.00,236.50,313.85,279.157,219.769,400.865,278.625,218.113,400.000,271.421,210.018,399.320,-0.865,-11.862,,,,,0,278.625,218.113,400.000,
1785142162.6688,PID,NORMAL_HOLD,326.50,236.55,312.82,279.616,219.750,401.491,278.625,218.113,400.000,268.359,210.878,395.867,-1.491,9.640,,,,,0,278.625,218.113,400.000,
1785142162.6745,PID,NORMAL_HOLD,326.50,236.68,313.50,279.614,219.721,401.075,278.625,218.113,400.000,269.339,211.361,396.789,-1.075,3.764,,,,,0,278.625,218.113,400.000,
1785142162.6779,PID,NORMAL_HOLD,326.13,236.78,313.32,279.281,219.580,401.191,278.625,218.113,400.000,271.637,212.219,396.625,-1.191,4.710,,,,,0,278.625,218.113,400.000,
1785142162.6844,PID,NORMAL_HOLD,326.19,236.89,313.00,279.343,219.481,401.384,278.625,218.113,400.000,270.662,212.464,395.767,-1.384,9.908,,,,,0,278.625,218.113,400.000,
1785142162.6875,PID,NORMAL_HOLD,326.00,237.00,313.46,279.171,219.380,401.100,278.625,218.113,400.000,271.484,212.601,397.021,-1.100,1.989,,,,,0,278.625,218.113,400.000,
1785142162.6919,PID,NORMAL_HOLD,326.13,237.22,313.17,279.294,219.219,401.277,278.625,218.113,400.000,270.283,212.993,396.652,-1.277,4.230,,,,,0,278.625,218.113,400.000,
1785142162.6991,PID,NORMAL_HOLD,326.13,237.22,313.00,279.305,219.071,401.379,278.625,218.113,400.000,270.281,213.159,396.154,-1.379,7.216,,,,,0,278.625,218.113,400.000,
1785142162.7022,PID,NORMAL_HOLD,326.50,237.32,313.83,279.644,219.056,400.868,278.625,218.113,400.000,268.697,212.517,398.621,-0.868,-8.157,,,,,0,278.625,218.113,400.000,
1785142162.7073,PID,NORMAL_HOLD,326.50,237.32,313.50,279.645,219.044,401.069,278.625,218.113,400.000,269.487,212.208,398.335,-1.069,-6.244,,,,,0,278.625,218.113,400.000,
1785142162.7157,PID,NORMAL_HOLD,326.30,237.33,314.00,279.456,219.073,400.765,278.625,218.113,400.000,270.919,211.816,399.465,-0.765,-13.081,,,,,0,278.625,218.113,400.000,
1785142162.7183,PID,NORMAL_HOLD,326.13,237.22,313.50,279.298,219.153,401.075,278.625,218.113,400.000,271.471,211.343,398.143,-1.075,-4.683,,,,,0,278.625,218.113,400.000,
1785142162.7231,PID,NORMAL_HOLD,326.00,237.12,313.82,279.178,219.226,400.879,278.625,218.113,400.000,271.670,211.080,398.502,-0.879,-6.808,,,,,0,278.625,218.113,400.000,
1785142162.7321,PID,NORMAL_HOLD,326.50,237.00,313.50,279.631,219.362,401.071,278.625,218.113,400.000,268.682,210.666,397.625,-1.071,-1.291,,,,,0,278.625,218.113,400.000,
1785142162.7338,PID,NORMAL_HOLD,326.00,237.00,313.81,279.171,219.367,400.885,278.625,218.113,400.000,272.150,211.124,398.324,-0.885,-5.630,,,,,0,278.625,218.113,400.000,
1785142162.7384,PID,NORMAL_HOLD,326.00,237.00,313.00,279.169,219.403,401.387,278.625,218.113,400.000,271.301,211.178,395.918,-1.387,9.313,,,,,0,278.625,218.113,400.000,
1785142162.7456,PID,NORMAL_HOLD,326.27,237.05,312.97,279.421,219.336,401.402,278.625,218.113,400.000,269.562,211.743,395.157,-1.402,13.833,,,,,0,278.625,218.113,400.000,
1785142162.7485,PID,NORMAL_HOLD,326.00,237.12,312.97,279.174,219.294,401.406,278.625,218.113,400.000,271.441,211.945,395.187,-1.406,13.387,,,,,0,278.625,218.113,400.000,
1785142162.7546,PID,NORMAL_HOLD,326.00,237.21,312.50,279.179,219.183,401.693,278.625,218.113,400.000,270.902,212.441,394.201,-1.693,19.197,,,,,0,278.625,218.113,400.000,
1785142162.7619,PID,NORMAL_HOLD,326.20,237.38,312.50,279.367,219.088,401.691,278.625,218.113,400.000,269.646,212.577,394.257,-1.691,18.480,,,,,0,278.625,218.113,400.000,
1785142162.7647,PID,NORMAL_HOLD,326.00,237.36,312.50,279.190,218.982,401.690,278.625,218.113,400.000,271.019,212.753,394.627,-1.690,15.859,,,,,0,278.625,218.113,400.000,
1785142162.7682,PID,NORMAL_HOLD,326.00,237.50,312.90,279.192,218.891,401.442,278.625,218.113,400.000,270.710,212.748,396.353,-1.442,4.903,,,,,0,278.625,218.113,400.000,
1785142162.7754,PID,NORMAL_HOLD,326.20,237.38,313.10,279.377,218.954,401.316,278.625,218.113,400.000,269.536,211.910,397.661,-1.316,-3.259,,,,,0,278.625,218.113,400.000,
1785142162.7798,PID,NORMAL_HOLD,326.20,237.38,313.45,279.374,218.992,401.101,278.625,218.113,400.000,269.968,211.619,399.005,-1.101,-11.472,,,,,0,278.625,218.113,400.000,
1785142162.7853,PID,NORMAL_HOLD,326.00,237.26,313.45,279.187,219.045,401.104,278.625,218.113,400.000,271.204,211.386,399.366,-1.104,-13.510,,,,,0,278.625,218.113,400.000,
1785142162.7910,PID,NORMAL_HOLD,325.89,237.21,313.49,279.081,219.172,401.086,278.625,218.113,400.000,271.405,210.850,399.234,-1.086,-12.454,,,,,0,278.625,218.113,400.000,
1785142162.7954,PID,NORMAL_HOLD,326.00,237.00,313.00,279.172,219.362,401.386,278.625,218.113,400.000,270.476,210.323,397.456,-1.386,-1.251,,,,,0,278.625,218.113,400.000,
1785142162.8007,PID,NORMAL_HOLD,326.00,236.88,313.00,279.169,219.457,401.386,278.625,218.113,400.000,270.473,210.380,396.810,-1.386,2.751,,,,,0,278.625,218.113,400.000,
1785142162.8066,PID,NORMAL_HOLD,326.00,236.76,313.45,279.164,219.574,401.107,278.625,218.113,400.000,270.479,210.338,397.977,-1.107,-4.511,,,,,0,278.625,218.113,400.000,
1785142162.8102,PID,NORMAL_HOLD,326.00,236.60,312.45,279.162,219.672,401.726,278.625,218.113,400.000,270.466,210.396,395.265,-1.726,12.315,,,,,0,278.625,218.113,400.000,
1785142162.8151,PID,NORMAL_HOLD,326.30,236.67,312.50,279.429,219.724,401.693,278.625,218.113,400.000,269.050,210.695,394.949,-1.693,13.988,,,,,0,278.625,218.113,400.000,
1785142162.8214,PID,NORMAL_HOLD,326.13,236.79,313.00,279.274,219.657,401.388,278.625,218.113,400.000,270.614,211.500,396.549,-1.388,3.828,,,,,0,278.625,218.113,400.000,
1785142162.8256,PID,NORMAL_HOLD,326.09,236.83,312.32,279.246,219.561,401.808,278.625,218.113,400.000,270.653,212.019,395.104,-1.808,12.680,,,,,0,278.625,218.113,400.000,
1785142162.8311,PID,NORMAL_HOLD,325.73,236.95,312.50,278.920,219.438,401.698,278.625,218.113,400.000,272.442,212.519,395.421,-1.698,10.479,,,,,0,278.625,218.113,400.000,
1785142162.8380,PID,NORMAL_HOLD,325.73,236.95,312.50,278.921,219.417,401.698,278.625,218.113,400.000,271.464,212.168,395.846,-1.698,7.638,,,,,0,278.625,218.113,400.000,
1785142162.8393,PID,NORMAL_HOLD,326.00,237.00,312.50,279.169,219.405,401.695,278.625,218.113,400.000,269.458,211.962,396.055,-1.695,6.219,,,,,0,278.625,218.113,400.000,
1785142162.8447,PID,NORMAL_HOLD,326.00,237.00,312.89,279.171,219.385,401.454,278.625,218.113,400.000,269.935,211.900,397.419,-1.454,-2.308,,,,,0,278.625,218.113,400.000,
1785142162.8520,PID,NORMAL_HOLD,325.95,236.89,313.00,279.127,219.449,401.386,278.625,218.113,400.000,270.421,211.403,398.292,-1.386,-7.671,,,,,0,278.625,218.113,400.000,
1785142162.8545,PID,NORMAL_HOLD,326.00,236.88,312.89,279.166,219.502,401.452,278.625,218.113,400.000,270.230,211.228,398.070,-1.452,-6.161,,,,,0,278.625,218.113,400.000,
1785142162.8599,PID,NORMAL_HOLD,326.04,236.74,313.00,279.198,219.641,401.388,278.625,218.113,400.000,270.128,210.551,398.118,-1.388,-6.338,,,,,0,278.625,218.113,400.000,
1785142162.8668,PID,NORMAL_HOLD,326.00,236.50,313.00,279.154,219.818,401.388,278.625,218.113,400.000,270.517,210.063,398.043,-1.388,-5.767,,,,,0,278.625,218.113,400.000,
1785142162.8717,PID,NORMAL_HOLD,326.30,236.28,312.97,279.423,219.996,401.404,278.625,218.113,400.000,269.168,209.911,397.759,-1.404,-3.904,,,,,0,278.625,218.113,400.000,
1785142162.8750,PID,NORMAL_HOLD,326.12,236.15,313.50,279.253,220.103,401.079,278.625,218.113,400.000,270.850,209.990,399.679,-1.079,-15.807,,,,,0,278.625,218.113,400.000,
1785142162.8826,PID,NORMAL_HOLD,326.12,236.15,312.50,279.252,220.127,401.696,278.625,218.113,400.000,270.631,210.547,396.689,-1.696,2.933,,,,,0,278.625,218.113,400.000,
1785142162.8864,PID,NORMAL_HOLD,326.74,236.18,312.50,279.818,220.120,401.687,278.625,218.113,400.000,267.591,211.006,395.857,-1.687,7.972,,,,,0,278.625,218.113,400.000,
1785142162.8919,PID,NORMAL_HOLD,326.12,236.15,312.80,279.254,220.095,401.513,278.625,218.113,400.000,272.264,211.343,396.477,-1.513,3.991,,,,,0,278.625,218.113,400.000,
1785142162.8992,PID,NORMAL_HOLD,326.30,236.33,312.20,279.421,219.966,401.876,278.625,218.113,400.000,270.396,212.088,394.996,-1.876,13.061,,,,,0,278.625,218.113,400.000,
1785142162.9015,PID,NORMAL_HOLD,326.21,236.48,312.50,279.346,219.806,401.692,278.625,218.113,400.000,270.786,212.645,395.685,-1.692,8.560,,,,,0,278.625,218.113,400.000,
1785142162.9067,PID,NORMAL_HOLD,326.31,236.66,312.50,279.445,219.675,401.691,278.625,218.113,400.000,270.065,212.740,396.142,-1.691,5.565,,,,,0,278.625,218.113,400.000,
1785142162.9164,PID,NORMAL_HOLD,326.22,236.78,312.89,279.368,219.565,401.450,278.625,218.113,400.000,270.434,212.458,397.108,-1.450,-0.400,,,,,0,278.625,218.113,400.000,
1785142162.9213,PID,NORMAL_HOLD,326.39,236.71,312.55,279.516,219.629,401.659,278.625,218.113,400.000,269.582,211.651,396.763,-1.659,1.737,,,,,0,278.625,218.113,400.000,
1785142162.9249,PID,NORMAL_HOLD,326.50,236.68,312.50,279.620,219.644,401.687,278.625,218.113,400.000,269.343,211.505,396.537,-1.687,3.091,,,,,0,278.625,218.113,400.000,
1785142162.9329,PID,NORMAL_HOLD,326.86,236.51,313.00,279.944,219.818,401.377,278.625,218.113,400.000,268.013,210.549,398.061,-1.377,-6.381,,,,,0,278.625,218.113,400.000,
1785142162.9378,PID,NORMAL_HOLD,326.50,236.45,313.00,279.611,219.865,401.381,278.625,218.113,400.000,270.892,210.757,398.388,-1.381,-8.277,,,,,0,278.625,218.113,400.000,
1785142162.9417,PID,NORMAL_HOLD,326.70,236.33,313.00,279.792,219.978,401.380,278.625,218.113,400.000,269.572,210.470,398.358,-1.380,-7.942,,,,,0,278.625,218.113,400.000,
1785142162.9487,PID,NORMAL_HOLD,326.50,236.24,312.78,279.603,220.058,401.521,278.625,218.113,400.000,270.973,210.492,397.483,-1.521,-2.401,,,,,0,278.625,218.113,400.000,
1785142162.9498,PID,NORMAL_HOLD,326.50,236.24,312.00,279.603,220.062,401.997,278.625,218.113,400.000,270.631,210.919,394.821,-1.997,14.065,,,,,0,278.625,218.113,400.000,
1785142162.9567,PID,NORMAL_HOLD,326.70,236.33,312.46,279.790,220.003,401.714,278.625,218.113,400.000,269.446,211.478,395.559,-1.714,9.241,,,,,0,278.625,218.113,400.000,
1785142162.9663,PID,NORMAL_HOLD,326.50,236.45,311.99,279.610,219.873,402.004,278.625,218.113,400.000,270.905,212.214,394.500,-2.004,15.628,,,,,0,278.625,218.113,400.000,
1785142162.9688,PID,NORMAL_HOLD,326.69,236.66,312.00,279.786,219.746,401.995,278.625,218.113,400.000,269.660,212.508,394.657,-1.995,14.347,,,,,0,278.625,218.113,400.000,
1785142162.9719,PID,NORMAL_HOLD,326.45,236.77,311.95,279.577,219.587,402.029,278.625,218.113,400.000,271.125,212.895,394.778,-2.029,13.339,,,,,0,278.625,218.113,400.000,
1785142162.9775,PID,NORMAL_HOLD,326.50,237.00,312.00,279.626,219.431,401.996,278.625,218.113,400.000,270.423,213.121,395.325,-1.996,9.708,,,,,0,278.625,218.113,400.000,
1785142162.9826,PID,NORMAL_HOLD,326.50,237.00,312.00,279.629,219.390,401.994,278.625,218.113,400.000,270.335,212.551,395.778,-1.994,6.710,,,,,0,278.625,218.113,400.000,
1785142162.9859,PID,NORMAL_HOLD,326.50,237.00,312.50,279.628,219.408,401.688,278.625,218.113,400.000,270.312,211.968,397.803,-1.688,-5.980,,,,,0,278.625,218.113,400.000,
1785142162.9925,PID,NORMAL_HOLD,326.50,237.00,312.50,279.628,219.408,401.688,278.625,218.113,400.000,270.294,211.777,398.191,-1.688,-8.263,,,,,0,278.625,218.113,400.000,
1785142162.9957,PID,NORMAL_HOLD,326.29,236.88,312.54,279.432,219.472,401.664,278.625,218.113,400.000,271.396,211.319,398.201,-1.664,-8.165,,,,,0,278.625,218.113,400.000,
1785142163.0003,PID,NORMAL_HOLD,326.16,236.80,312.50,279.317,219.541,401.692,278.625,218.113,400.000,271.449,211.088,397.949,-1.692,-6.465,,,,,0,278.625,218.113,400.000,
1785142163.0067,PID,NORMAL_HOLD,326.11,236.64,312.50,279.265,219.666,401.693,278.625,218.113,400.000,271.232,210.528,397.712,-1.693,-4.885,,,,,0,278.625,218.113,400.000,
1785142163.0114,PID,NORMAL_HOLD,326.31,236.57,312.50,279.444,219.769,401.691,278.625,218.113,400.000,269.862,210.473,397.514,-1.691,-3.579,,,,,0,278.625,218.113,400.000,
1785142163.0167,PID,NORMAL_HOLD,326.50,236.50,312.81,279.609,219.867,401.498,278.625,218.113,400.000,269.144,210.408,398.292,-1.498,-8.318,,,,,0,278.625,218.113,400.000,
1785142163.0220,PID,NORMAL_HOLD,326.31,236.57,311.50,279.444,219.774,402.307,278.625,218.113,400.000,270.571,211.413,394.527,-2.307,15.052,,,,,0,278.625,218.113,400.000,
1785142163.0265,PID,NORMAL_HOLD,326.00,236.64,312.54,279.159,219.687,401.673,278.625,218.113,400.000,272.016,211.921,396.541,-1.673,2.340,,,,,0,278.625,218.113,400.000,
1785142163.0322,PID,NORMAL_HOLD,326.00,236.85,312.50,279.161,219.590,401.697,278.625,218.113,400.000,271.207,212.266,397.201,-1.697,-1.784,,,,,0,278.625,218.113,400.000,
1785142163.0383,PID,NORMAL_HOLD,326.00,236.88,312.00,279.168,219.479,402.002,278.625,218.113,400.000,270.769,212.519,395.887,-2.002,6.361,,,,,0,278.625,218.113,400.000,
1785142163.0395,PID,NORMAL_HOLD,326.05,237.11,312.00,279.215,219.320,402.002,278.625,218.113,400.000,270.312,212.975,395.581,-2.002,8.131,,,,,0,278.625,218.113,400.000,
1785142163.0448,PID,NORMAL_HOLD,326.00,237.12,312.45,279.175,219.278,401.724,278.625,218.113,400.000,270.580,212.527,396.989,-1.724,-0.717,,,,,0,278.625,218.113,400.000,
1785142163.0520,PID,NORMAL_HOLD,325.88,237.15,312.49,279.070,219.205,401.701,278.625,218.113,400.000,271.049,212.454,397.581,-1.701,-4.361,,,,,0,278.625,218.113,400.000,
1785142163.0564,PID,NORMAL_HOLD,325.88,237.15,312.55,279.066,219.259,401.665,278.625,218.113,400.000,270.765,211.755,397.893,-1.665,-6.212,,,,,0,278.625,218.113,400.000,
1785142163.0594,PID,NORMAL_HOLD,325.88,237.15,312.50,279.066,219.261,401.695,278.625,218.113,400.000,270.603,211.676,397.702,-1.695,-4.923,,,,,0,278.625,218.113,400.000,
1785142163.0657,PID,NORMAL_HOLD,325.50,237.00,313.00,278.713,219.361,401.392,278.625,218.113,400.000,272.441,211.101,398.921,-1.392,-12.342,,,,,0,278.625,218.113,400.000,
1785142163.0699,PID,NORMAL_HOLD,325.65,236.94,312.50,278.846,219.416,401.699,278.625,218.113,400.000,270.753,211.038,397.635,-1.699,-4.179,,,,,0,278.625,218.113,400.000,
1785142163.0748,PID,NORMAL_HOLD,325.50,236.76,312.50,278.709,219.525,401.700,278.625,218.113,400.000,271.434,210.663,397.087,-1.700,-0.722,,,,,0,278.625,218.113,400.000,
1785142163.0826,PID,NORMAL_HOLD,325.50,236.76,312.50,278.703,219.607,401.703,278.625,218.113,400.000,271.021,210.668,396.868,-1.703,0.636,,,,,0,278.625,218.113,400.000,
1785142163.0851,PID,NORMAL_HOLD,325.50,236.76,312.00,278.703,219.612,402.011,278.625,218.113,400.000,270.783,211.062,395.431,-2.011,9.454,,,,,0,278.625,218.113,400.000,
1785142163.0913,PID,NORMAL_HOLD,325.65,236.94,311.90,278.843,219.461,402.073,278.625,218.113,400.000,269.875,212.137,394.760,-2.073,13.411,,,,,0,278.625,218.113,400.000,
1785142163.0992,PID,NORMAL_HOLD,325.50,237.00,311.50,278.714,219.386,402.318,278.625,218.113,400.000,270.902,212.255,393.229,-2.318,22.697,,,,,0,278.625,218.113,400.000,
1785142163.1011,PID,NORMAL_HOLD,325.50,237.00,311.00,278.718,219.327,402.624,278.625,218.113,400.000,270.697,212.248,392.074,-2.624,29.377,,,,,0,278.625,218.113,400.000,
1785142163.1058,PID,NORMAL_HOLD,325.50,237.24,311.00,278.726,219.127,402.624,278.625,218.113,400.000,270.578,213.020,392.221,-2.624,27.923,,,,,0,278.625,218.113,400.000,
1785142163.1156,PID,NORMAL_HOLD,325.86,237.54,311.50,279.061,218.869,402.309,278.625,218.113,400.000,269.570,213.099,394.423,-2.309,13.805,,,,,0,278.625,218.113,400.000,
1785142163.1200,PID,NORMAL_HOLD,325.50,237.68,311.77,278.738,218.766,402.149,278.625,218.113,400.000,271.834,213.001,396.278,-2.149,2.096,,,,,0,278.625,218.113,400.000,
1785142163.1261,PID,NORMAL_HOLD,325.86,237.51,311.50,279.066,218.882,402.308,278.625,218.113,400.000,269.346,211.728,396.228,-2.308,2.365,,,,,0,278.625,218.113,400.000,
1785142163.1322,PID,NORMAL_HOLD,325.86,237.54,311.50,279.061,218.869,402.309,278.625,218.113,400.000,269.917,211.798,396.268,-2.309,2.062,,,,,0,278.625,218.113,400.000,
1785142163.1351,PID,NORMAL_HOLD,325.86,237.46,311.50,279.059,218.933,402.309,278.625,218.113,400.000,270.190,211.410,396.327,-2.309,1.657,,,,,0,278.625,218.113,400.000,
1785142163.1395,PID,NORMAL_HOLD,325.70,237.28,311.44,278.909,219.081,402.349,278.625,218.113,400.000,271.177,210.706,396.187,-2.349,2.484,,,,,0,278.625,218.113,400.000,
1785142163.1497,PID,NORMAL_HOLD,325.50,237.24,311.50,278.725,219.125,402.315,278.625,218.113,400.000,271.846,210.947,396.355,-2.315,1.389,,,,,0,278.625,218.113,400.000,
1785142163.1516,PID,NORMAL_HOLD,325.88,237.12,311.00,279.073,219.232,402.618,278.625,218.113,400.000,269.248,210.701,394.985,-2.618,9.814,,,,,0,278.625,218.113,400.000,
1785142163.1559,PID,NORMAL_HOLD,325.89,237.36,310.81,279.079,219.088,402.734,278.625,218.113,400.000,269.809,211.956,394.141,-2.734,14.834,,,,,0,278.625,218.113,400.000,
1785142163.1661,PID,NORMAL_HOLD,326.00,237.36,311.00,279.188,219.025,402.614,278.625,218.113,400.000,269.516,212.161,394.756,-2.614,10.754,,,,,0,278.625,218.113,400.000,
1785142163.1682,PID,NORMAL_HOLD,326.00,237.50,310.50,279.193,218.906,402.922,278.625,218.113,400.000,269.931,212.589,393.768,-2.922,16.633,,,,,0,278.625,218.113,400.000,
1785142163.1710,PID,NORMAL_HOLD,326.30,237.72,311.50,279.470,218.791,402.303,278.625,218.113,400.000,268.664,212.775,396.765,-2.303,-2.188,,,,,0,278.625,218.113,400.000,
1785142163.1772,PID,NORMAL_HOLD,326.09,237.86,310.50,279.287,218.566,402.918,278.625,218.113,400.000,270.554,213.569,394.837,-2.918,9.735,,,,,0,278.625,218.113,400.000,
1785142163.1809,PID,NORMAL_HOLD,325.95,237.89,311.50,279.165,218.540,402.305,278.625,218.113,400.000,271.104,212.831,397.205,-2.305,-5.042,,,,,0,278.625,218.113,400.000,
1785142163.1854,PID,NORMAL_HOLD,326.00,238.00,312.00,279.207,218.491,401.997,278.625,218.113,400.000,270.506,212.621,399.664,-1.997,-20.172,,,,,0,278.625,218.113,400.000,
1785142163.1931,PID,NORMAL_HOLD,326.00,237.88,311.82,279.204,218.580,402.108,278.625,218.113,400.000,270.464,211.762,399.436,-2.108,-18.398,,,,,0,278.625,218.113,400.000,
1785142163.1958,PID,NORMAL_HOLD,326.09,237.86,312.00,279.281,218.630,401.997,278.625,218.113,400.000,269.992,211.507,399.456,-1.997,-18.180,,,,,0,278.625,218.113,400.000,
1785142163.2001,PID,NORMAL_HOLD,326.12,237.85,311.98,279.310,218.635,402.011,278.625,218.113,400.000,270.012,211.626,399.018,-2.011,-15.146,,,,,0,278.625,218.113,400.000,
1785142163.2068,PID,NORMAL_HOLD,326.30,237.67,312.00,279.466,218.810,401.995,278.625,218.113,400.000,269.300,210.717,398.586,-1.995,-12.207,,,,,0,278.625,218.113,400.000,
1785142163.2111,PID,NORMAL_HOLD,326.00,237.50,312.46,279.190,218.916,401.718,278.625,218.113,400.000,271.317,210.646,399.515,-1.718,-17.721,,,,,0,278.625,218.113,400.000,
1785142163.2163,PID,NORMAL_HOLD,326.30,237.33,312.00,279.460,219.032,401.994,278.625,218.113,400.000,269.340,210.528,398.106,-1.994,-8.699,,,,,0,278.625,218.113,400.000,
1785142163.2240,PID,NORMAL_HOLD,326.50,237.45,311.45,279.646,218.984,402.328,278.625,218.113,400.000,268.786,211.370,395.816,-2.328,5.579,,,,,0,278.625,218.113,400.000,
1785142163.2274,PID,NORMAL_HOLD,326.38,237.50,312.20,279.532,218.949,401.871,278.625,218.113,400.000,270.121,211.716,397.260,-1.871,-3.427,,,,,0,278.625,218.113,400.000,
1785142163.2326,PID,NORMAL_HOLD,326.50,237.55,312.00,279.649,218.896,401.992,278.625,218.113,400.000,269.530,212.015,397.141,-1.992,-2.635,,,,,0,278.625,218.113,400.000,
1785142163.2389,PID,NORMAL_HOLD,326.50,237.76,311.78,279.653,218.753,402.131,278.625,218.113,400.000,269.870,212.669,396.275,-2.131,2.778,,,,,0,278.625,218.113,400.000,
1785142163.2416,PID,NORMAL_HOLD,326.88,237.85,311.54,280.013,218.569,402.267,278.625,218.113,400.000,268.387,213.073,395.439,-2.267,7.883,,,,,0,278.625,218.113,400.000,
1785142163.2469,PID,NORMAL_HOLD,326.50,238.00,312.00,279.666,218.481,401.989,278.625,218.113,400.000,271.550,213.021,396.655,-1.989,0.226,,,,,0,278.625,218.113,400.000,
1785142163.2528,PID,NORMAL_HOLD,326.50,238.11,312.00,279.672,218.354,401.988,278.625,218.113,400.000,270.863,213.174,397.105,-1.988,-2.563,,,,,0,278.625,218.113,400.000,
1785142163.2552,PID,NORMAL_HOLD,326.50,238.00,312.50,279.670,218.430,401.680,278.625,218.113,400.000,270.568,212.121,398.620,-1.680,-11.850,,,,,0,278.625,218.113,400.000,
1785142163.2612,PID,NORMAL_HOLD,326.50,238.00,312.50,279.667,218.461,401.681,278.625,218.113,400.000,270.419,211.825,398.991,-1.681,-13.940,,,,,0,278.625,218.113,400.000,
1785142163.2676,PID,NORMAL_HOLD,326.50,238.00,313.00,279.664,218.509,401.376,278.625,218.113,400.000,270.356,211.529,400.084,-1.376,-20.387,,,,,0,278.625,218.113,400.000,
1785142163.2721,PID,NORMAL_HOLD,326.50,237.89,312.50,279.663,218.560,401.682,278.625,218.113,400.000,270.304,211.401,398.672,-1.682,-11.306,,,,,0,278.625,218.113,400.000,
1785142163.2770,PID,NORMAL_HOLD,326.50,237.68,313.00,279.654,218.766,401.376,278.625,218.113,400.000,270.325,210.463,399.376,-1.376,-15.444,,,,,0,278.625,218.113,400.000,
1785142163.2834,PID,NORMAL_HOLD,326.50,237.55,313.00,279.649,218.891,401.377,278.625,218.113,400.000,270.316,210.415,399.274,-1.377,-14.523,,,,,0,278.625,218.113,400.000,
1785142163.2857,PID,NORMAL_HOLD,326.50,237.45,312.46,279.647,218.964,401.711,278.625,218.113,400.000,270.294,210.691,397.323,-1.711,-2.225,,,,,0,278.625,218.113,400.000,
1785142163.2923,PID,NORMAL_HOLD,326.52,237.45,312.00,279.664,218.942,401.990,278.625,218.113,400.000,270.168,211.324,395.146,-1.990,11.262,,,,,0,278.625,218.113,400.000,
1785142163.2992,PID,NORMAL_HOLD,326.30,237.52,312.47,279.467,218.924,401.705,278.625,218.113,400.000,271.283,211.613,396.043,-1.705,5.513,,,,,0,278.625,218.113,400.000,
1785142163.3023,PID,NORMAL_HOLD,326.50,237.55,312.00,279.651,218.873,401.991,278.625,218.113,400.000,269.787,211.938,394.875,-1.991,12.666,,,,,0,278.625,218.113,400.000,
1785142163.3075,PID,NORMAL_HOLD,326.50,237.76,312.30,279.655,218.719,401.810,278.625,218.113,400.000,269.989,212.704,395.781,-1.810,6.837,,,,,0,278.625,218.113,400.000,
1785142163.3159,PID,NORMAL_HOLD,326.35,237.94,312.00,279.530,218.536,401.992,278.625,218.113,400.000,270.812,213.246,395.412,-1.992,8.973,,,,,0,278.625,218.113,400.000,
1785142163.3172,PID,NORMAL_HOLD,326.00,238.00,312.00,279.209,218.457,401.996,278.625,218.113,400.000,272.354,212.976,395.423,-1.996,8.734,,,,,0,278.625,218.113,400.000,
1785142163.3218,PID,NORMAL_HOLD,326.50,238.00,312.81,279.665,218.497,401.491,278.625,218.113,400.000,268.856,212.190,398.102,-1.491,-7.975,,,,,0,278.625,218.113,400.000,
1785142163.3286,PID,NORMAL_HOLD,326.00,238.00,312.50,279.207,218.488,401.690,278.625,218.113,400.000,272.161,212.060,397.881,-1.690,-6.468,,,,,0,278.625,218.113,400.000,
1785142163.3311,PID,NORMAL_HOLD,325.95,237.89,312.00,279.164,218.538,401.997,278.625,218.113,400.000,271.493,211.685,396.227,-1.997,3.844,,,,,0,278.625,218.113,400.000,
1785142163.3375,PID,NORMAL_HOLD,326.09,237.86,312.00,279.284,218.592,401.996,278.625,218.113,400.000,270.240,211.430,395.632,-1.996,7.456,,,,,0,278.625,218.113,400.000,
1785142163.3449,PID,NORMAL_HOLD,326.30,237.67,312.46,279.468,218.787,401.709,278.625,218.113,400.000,269.288,210.548,397.012,-1.709,-1.205,,,,,0,278.625,218.113,400.000,
1785142163.3477,PID,NORMAL_HOLD,326.00,237.50,312.45,279.189,218.932,401.720,278.625,218.113,400.000,271.383,210.316,397.417,-1.720,-3.685,,,,,0,278.625,218.113,400.000,
1785142163.3521,PID,NORMAL_HOLD,326.00,237.36,312.00,279.185,219.058,402.000,278.625,218.113,400.000,270.908,210.323,396.127,-2.000,4.339,,,,,0,278.625,218.113,400.000,
1785142163.3589,PID,NORMAL_HOLD,326.21,237.31,311.50,279.375,219.127,402.305,278.625,218.113,400.000,269.547,210.593,394.283,-2.305,15.634,,,,,0,278.625,218.113,400.000,
1785142163.3637,PID,NORMAL_HOLD,326.21,237.31,311.50,279.375,219.127,402.305,278.625,218.113,400.000,269.937,211.115,394.092,-2.305,16.490,,,,,0,278.625,218.113,400.000,
1785142163.3678,PID,NORMAL_HOLD,326.21,237.31,311.21,279.376,219.129,402.486,278.625,218.113,400.000,270.131,211.368,393.385,-2.486,20.553,,,,,0,278.625,218.113,400.000,
1785142163.3743,PID,NORMAL_HOLD,326.00,237.36,311.00,279.189,219.012,402.614,278.625,218.113,400.000,271.278,212.155,392.956,-2.614,22.824,,,,,0,278.625,218.113,400.000,
1785142163.3775,PID,NORMAL_HOLD,326.00,237.50,311.00,279.193,218.900,402.614,278.625,218.113,400.000,270.808,212.550,393.361,-2.614,19.884,,,,,0,278.625,218.113,400.000,
1785142163.3828,PID,NORMAL_HOLD,326.15,237.56,311.37,279.329,218.854,402.386,278.625,218.113,400.000,269.860,212.378,395.045,-2.386,9.118,,,,,0,278.625,218.113,400.000,
1785142163.3893,PID,NORMAL_HOLD,326.27,237.58,311.50,279.442,218.830,402.301,278.625,218.113,400.000,269.451,212.182,396.259,-2.301,1.446,,,,,0,278.625,218.113,400.000,
1785142163.3918,PID,NORMAL_HOLD,326.01,237.54,312.00,279.202,218.878,401.998,278.625,218.113,400.000,271.117,211.707,398.208,-1.998,-10.622,,,,,0,278.625,218.113,400.000,
1785142163.3966,PID,NORMAL_HOLD,326.00,237.50,312.00,279.189,218.941,402.000,278.625,218.113,400.000,270.830,211.322,398.645,-2.000,-13.126,,,,,0,278.625,218.113,400.000,
1785142163.4032,PID,NORMAL_HOLD,326.33,237.29,311.83,279.487,219.071,402.100,278.625,218.113,400.000,268.965,210.794,398.011,-2.100,-8.970,,,,,0,278.625,218.113,400.000,
1785142163.4081,PID,NORMAL_HOLD,326.12,237.15,312.00,279.288,219.226,401.998,278.625,218.113,400.000,270.757,210.340,398.101,-1.998,-9.373,,,,,0,278.625,218.113,400.000,
1785142163.4128,PID,NORMAL_HOLD,326.27,237.05,311.50,279.420,219.362,402.306,278.625,218.113,400.000,269.940,210.341,396.444,-2.306,1.017,,,,,0,278.625,218.113,400.000,
1785142163.4210,PID,NORMAL_HOLD,326.50,237.00,312.00,279.623,219.472,401.997,278.625,218.113,400.000,268.718,210.193,397.351,-1.997,-4.607,,,,,0,278.625,218.113,400.000,
1785142163.4241,PID,NORMAL_HOLD,326.09,236.88,311.50,279.243,219.540,402.310,278.625,218.113,400.000,271.640,210.471,396.046,-2.310,3.529,,,,,0,278.625,218.113,400.000,
1785142163.4273,PID,NORMAL_HOLD,326.12,236.85,311.00,279.276,219.525,402.616,278.625,218.113,400.000,270.841,211.062,394.234,-2.616,14.628,,,,,0,278.625,218.113,400.000,
1785142163.4353,PID,NORMAL_HOLD,326.12,236.85,311.50,279.274,219.544,402.309,278.625,218.113,400.000,270.606,211.170,395.365,-2.309,7.365,,,,,0,278.625,218.113,400.000,
1785142163.4381,PID,NORMAL_HOLD,326.12,236.88,311.00,279.274,219.496,402.616,278.625,218.113,400.000,270.480,211.604,394.456,-2.616,12.832,,,,,0,278.625,218.113,400.000,
1785142163.4432,PID,NORMAL_HOLD,326.50,237.00,311.50,279.628,219.407,402.302,278.625,218.113,400.000,268.427,212.058,395.926,-2.302,3.517,,,,,0,278.625,218.113,400.000,
1785142163.4484,PID,NORMAL_HOLD,326.12,237.15,311.50,279.291,219.195,402.305,278.625,218.113,400.000,271.063,212.889,396.518,-2.305,-0.212,,,,,0,278.625,218.113,400.000,
1785142163.4530,PID,NORMAL_HOLD,326.50,237.24,311.50,279.638,219.172,402.300,278.625,218.113,400.000,268.601,212.388,396.752,-2.300,-1.662,,,,,0,278.625,218.113,400.000,
1785142163.4582,PID,NORMAL_HOLD,326.50,237.32,312.45,279.645,219.040,401.712,278.625,218.113,400.000,269.381,212.732,399.648,-1.712,-19.510,,,,,0,278.625,218.113,400.000,
1785142163.4658,PID,NORMAL_HOLD,326.50,237.32,312.50,279.639,219.131,401.686,278.625,218.113,400.000,269.846,211.685,400.237,-1.686,-22.761,,,,,0,278.625,218.113,400.000,
1785142163.4701,PID,NORMAL_HOLD,326.50,237.24,312.50,279.635,219.218,401.687,278.625,218.113,400.000,270.063,211.201,400.076,-1.687,-21.362,,,,,0,278.625,218.113,400.000,
1785142163.4730,PID,NORMAL_HOLD,326.48,237.11,313.45,279.609,219.302,401.102,278.625,218.113,400.000,270.297,210.918,402.292,-1.102,-34.633,,,,,0,278.625,218.113,400.000,
1785142163.4825,PID,NORMAL_HOLD,326.29,236.88,313.42,279.433,219.444,401.126,278.625,218.113,400.000,270.801,210.818,401.934,-1.126,-31.716,,,,,0,278.625,218.113,400.000,
1785142163.4857,PID,NORMAL_HOLD,326.09,236.86,313.42,279.247,219.492,401.129,278.625,218.113,400.000,271.468,210.935,401.540,-1.129,-28.759,,,,,0,278.625,218.113,400.000,
1785142163.4911,PID,NORMAL_HOLD,326.50,236.76,313.45,279.621,219.594,401.102,278.625,218.113,400.000,268.509,210.570,400.737,-1.102,-23.279,,,,,0,278.625,218.113,400.000,
1785142163.4990,PID,NORMAL_HOLD,326.12,236.85,313.00,279.276,219.498,401.385,278.625,218.113,400.000,271.279,211.555,398.725,-1.385,-10.476,,,,,0,278.625,218.113,400.000,
1785142163.5039,PID,NORMAL_HOLD,326.30,236.89,313.00,279.446,219.490,401.383,278.625,218.113,400.000,269.886,211.579,397.647,-1.383,-3.636,,,,,0,278.625,218.113,400.000,
1785142163.5084,PID,NORMAL_HOLD,326.50,237.00,313.46,279.629,219.396,401.098,278.625,218.113,400.000,269.028,212.089,398.560,-1.098,-9.204,,,,,0,278.625,218.113,400.000,
1785142163.5156,PID,NORMAL_HOLD,326.12,237.15,313.00,279.290,219.188,401.382,278.625,218.113,400.000,271.504,212.967,397.364,-1.382,-1.670,,,,,0,278.625,218.113,400.000,
1785142163.5185,PID,NORMAL_HOLD,326.50,237.32,313.10,279.647,219.014,401.315,278.625,218.113,400.000,268.952,213.241,397.178,-1.315,-0.494,,,,,0,278.625,218.113,400.000,
1785142163.5239,PID,NORMAL_HOLD,326.29,237.61,313.46,279.464,218.808,401.093,278.625,218.113,400.000,270.626,213.612,398.188,-1.093,-6.722,,,,,0,278.625,218.113,400.000,
1785142163.5329,PID,NORMAL_HOLD,326.29,237.61,313.50,279.462,218.828,401.072,278.625,218.113,400.000,270.464,212.559,398.451,-1.072,-8.216,,,,,0,278.625,218.113,400.000,
1785142163.5344,PID,NORMAL_HOLD,326.50,237.68,313.50,279.651,218.804,401.070,278.625,218.113,400.000,269.215,212.282,398.409,-1.070,-7.809,,,,,0,278.625,218.113,400.000,
1785142163.5391,PID,NORMAL_HOLD,326.30,237.67,313.64,279.468,218.776,400.988,278.625,218.113,400.000,270.680,212.145,398.626,-0.988,-9.007,,,,,0,278.625,218.113,400.000,
1785142163.5449,PID,NORMAL_HOLD,326.22,237.53,313.90,279.396,218.882,400.825,278.625,218.113,400.000,270.919,211.294,399.238,-0.825,-12.611,,,,,0,278.625,218.113,400.000,
1785142163.5495,PID,NORMAL_HOLD,326.20,237.38,313.45,279.373,219.003,401.103,278.625,218.113,400.000,270.728,210.888,397.854,-1.103,-3.841,,,,,0,278.625,218.113,400.000,
1785142163.5541,PID,NORMAL_HOLD,326.21,237.34,313.00,279.372,219.104,401.383,278.625,218.113,400.000,270.528,210.668,395.885,-1.383,8.392,,,,,0,278.625,218.113,400.000,
1785142163.5607,PID,NORMAL_HOLD,326.30,237.28,312.50,279.457,219.136,401.689,278.625,218.113,400.000,270.166,211.050,393.979,-1.689,19.976,,,,,0,278.625,218.113,400.000,
1785142163.5667,PID,NORMAL_HOLD,326.21,237.34,312.50,279.372,219.107,401.690,278.625,218.113,400.000,270.689,211.492,393.822,-1.690,20.538,,,,,0,278.625,218.113,400.000,
1785142163.5722,PID,NORMAL_HOLD,326.31,237.43,312.83,279.475,218.992,401.485,278.625,218.113,400.000,269.921,212.200,395.108,-1.485,12.218,,,,,0,278.625,218.113,400.000,
1785142163.5792,PID,NORMAL_HOLD,326.50,237.50,312.00,279.647,218.947,401.992,278.625,218.113,400.000,269.167,212.171,393.371,-1.992,22.712,,,,,0,278.625,218.113,400.000,
1785142163.5819,PID,NORMAL_HOLD,326.50,237.68,312.00,279.651,218.812,401.992,278.625,218.113,400.000,269.672,212.685,393.355,-1.992,22.363,,,,,0,278.625,218.113,400.000,
1785142163.5871,PID,NORMAL_HOLD,326.19,237.73,312.17,279.375,218.709,401.888,278.625,218.113,400.000,271.532,212.789,394.285,-1.888,16.206,,,,,0,278.625,218.113,400.000,
1785142163.5937,PID,NORMAL_HOLD,326.33,237.72,312.00,279.507,218.668,401.991,278.625,218.113,400.000,270.201,212.486,394.476,-1.991,14.726,,,,,0,278.625,218.113,400.000,
1785142163.5964,PID,NORMAL_HOLD,326.31,237.72,312.90,279.477,218.738,401.443,278.625,218.113,400.000,270.404,211.721,397.542,-1.443,-4.479,,,,,0,278.625,218.113,400.000,
1785142163.6022,PID,NORMAL_HOLD,326.65,237.54,313.00,279.785,218.858,401.373,278.625,218.113,400.000,268.622,211.053,398.866,-1.373,-12.576,,,,,0,278.625,218.113,400.000,
1785142163.6092,PID,NORMAL_HOLD,326.14,237.49,313.00,279.319,218.903,401.381,278.625,218.113,400.000,271.933,211.130,399.023,-1.381,-13.310,,,,,0,278.625,218.113,400.000,
1785142163.6125,PID,NORMAL_HOLD,326.55,237.23,313.50,279.687,219.108,401.068,278.625,218.113,400.000,269.276,210.376,400.295,-1.068,-20.922,,,,,0,278.625,218.113,400.000,
1785142163.6172,PID,NORMAL_HOLD,326.50,237.00,313.45,279.631,219.360,401.100,278.625,218.113,400.000,270.113,209.340,400.110,-1.100,-19.392,,,,,0,278.625,218.113,400.000,
1785142163.6235,PID,NORMAL_HOLD,326.50,237.00,313.00,279.627,219.426,401.381,278.625,218.113,400.000,270.195,210.084,398.265,-1.381,-7.647,,,,,0,278.625,218.113,400.000,
1785142163.6270,PID,NORMAL_HOLD,326.50,236.76,313.00,279.623,219.575,401.380,278.625,218.113,400.000,270.232,210.046,397.439,-1.380,-2.408,,,,,0,278.625,218.113,400.000,
1785142163.6317,PID,NORMAL_HOLD,326.50,236.76,312.50,279.621,219.598,401.688,278.625,218.113,400.000,270.241,210.617,395.768,-1.688,7.898,,,,,0,278.625,218.113,400.000,
1785142163.6380,PID,NORMAL_HOLD,326.52,236.89,312.50,279.646,219.524,401.688,278.625,218.113,400.000,270.102,211.445,395.093,-1.688,11.946,,,,,0,278.625,218.113,400.000,
1785142163.6410,PID,NORMAL_HOLD,326.50,237.00,312.47,279.623,219.475,401.708,278.625,218.113,400.000,270.279,211.724,395.173,-1.708,11.212,,,,,0,278.625,218.113,400.000,
1785142163.6465,PID,NORMAL_HOLD,326.50,237.00,312.50,279.626,219.428,401.688,278.625,218.113,400.000,270.234,211.898,395.480,-1.688,9.112,,,,,0,278.625,218.113,400.000,
1785142163.6523,PID,NORMAL_HOLD,326.72,237.12,312.55,279.832,219.322,401.656,278.625,218.113,400.000,269.114,212.285,395.970,-1.656,5.913,,,,,0,278.625,218.113,400.000,
1785142163.6571,PID,NORMAL_HOLD,326.87,237.22,312.50,279.977,219.193,401.680,278.625,218.113,400.000,268.802,212.658,396.157,-1.680,4.640,,,,,0,278.625,218.113,400.000,
1785142163.6623,PID,NORMAL_HOLD,326.87,237.22,312.82,279.982,219.132,401.479,278.625,218.113,400.000,269.435,212.463,397.298,-1.479,-2.488,,,,,0,278.625,218.113,400.000,
1785142163.6695,PID,NORMAL_HOLD,326.88,237.15,312.83,279.981,219.292,401.481,278.625,218.113,400.000,269.781,211.170,397.634,-1.481,-4.524,,,,,0,278.625,218.113,400.000,
1785142163.6731,PID,NORMAL_HOLD,327.00,237.12,313.17,280.091,219.309,401.266,278.625,218.113,400.000,269.349,211.270,398.720,-1.266,-11.151,,,,,0,278.625,218.113,400.000,
1785142163.6760,PID,NORMAL_HOLD,326.50,237.00,313.46,279.630,219.377,401.098,278.625,218.113,400.000,272.387,211.015,399.452,-1.098,-15.415,,,,,0,278.625,218.113,400.000,
1785142163.6822,PID,NORMAL_HOLD,326.88,236.85,313.00,279.974,219.511,401.375,278.625,218.113,400.000,269.505,210.574,398.170,-1.375,-7.217,,,,,0,278.625,218.113,400.000,
1785142163.6869,PID,NORMAL_HOLD,326.69,236.72,313.32,279.797,219.632,401.184,278.625,218.113,400.000,270.885,210.291,398.497,-1.184,-9.113,,,,,0,278.625,218.113,400.000,
1785142163.6917,PID,NORMAL_HOLD,326.86,236.54,313.00,279.939,219.805,401.377,278.625,218.113,400.000,269.749,209.924,397.462,-1.377,-2.559,,,,,0,278.625,218.113,400.000,
1785142163.6989,PID,NORMAL_HOLD,326.86,236.54,313.00,279.939,219.805,401.377,278.625,218.113,400.000,269.938,210.660,397.039,-1.377,0.096,,,,,0,278.625,218.113,400.000,
1785142163.7018,PID,NORMAL_HOLD,326.80,236.62,313.00,279.886,219.766,401.378,278.625,218.113,400.000,270.335,211.250,396.881,-1.378,1.067,,,,,0,278.625,218.113,400.000,
1785142163.7075,PID,NORMAL_HOLD,326.70,236.72,312.83,279.801,219.654,401.486,278.625,218.113,400.000,270.707,211.941,396.354,-1.486,4.287,,,,,0,278.625,218.113,400.000,
1785142163.7158,PID,NORMAL_HOLD,326.91,236.88,312.53,280.001,219.549,401.665,278.625,218.113,400.000,269.288,212.297,395.362,-1.665,10.328,,,,,0,278.625,218.113,400.000,
1785142163.7172,PID,NORMAL_HOLD,327.00,237.00,312.50,280.083,219.452,401.682,278.625,218.113,400.000,269.236,212.426,395.111,-1.682,11.695,,,,,0,278.625,218.113,400.000,
1785142163.7224,PID,NORMAL_HOLD,327.00,237.00,312.95,280.088,219.394,401.405,278.625,218.113,400.000,269.635,212.261,396.645,-1.405,2.007,,,,,0,278.625,218.113,400.000,
1785142163.7325,PID,NORMAL_HOLD,327.00,237.00,313.47,280.089,219.381,401.085,278.625,218.113,400.000,269.852,211.928,397.833,-1.085,-5.142,,,,,0,278.625,218.113,400.000,
1785142163.7385,PID,NORMAL_HOLD,327.00,237.00,313.46,280.086,219.420,401.091,278.625,218.113,400.000,269.978,211.515,398.515,-1.091,-9.194,,,,,0,278.625,218.113,400.000,
1785142163.7434,PID,NORMAL_HOLD,326.95,236.89,313.50,280.045,219.450,401.066,278.625,218.113,400.000,270.241,211.355,399.092,-1.066,-12.633,,,,,0,278.625,218.113,400.000,
1785142163.7495,PID,NORMAL_HOLD,326.91,236.78,313.50,279.996,219.566,401.067,278.625,218.113,400.000,270.469,210.697,398.936,-1.067,-11.459,,,,,0,278.625,218.113,400.000,
1785142163.7528,PID,NORMAL_HOLD,326.70,236.67,313.45,279.804,219.670,401.102,278.625,218.113,400.000,271.312,210.525,398.362,-1.102,-7.700,,,,,0,278.625,218.113,400.000,
1785142163.7575,PID,NORMAL_HOLD,327.00,236.46,313.50,280.071,219.846,401.067,278.625,218.113,400.000,269.198,209.962,398.184,-1.067,-6.462,,,,,0,278.625,218.113,400.000,
1785142163.7656,PID,NORMAL_HOLD,327.00,236.50,313.50,280.067,219.890,401.070,278.625,218.113,400.000,269.658,210.445,397.975,-1.070,-5.063,,,,,0,278.625,218.113,400.000,
1785142163.7682,PID,NORMAL_HOLD,327.00,236.50,313.50,280.068,219.879,401.069,278.625,218.113,400.000,269.864,210.960,397.781,-1.069,-3.772,,,,,0,278.625,218.113,400.000,
1785142163.7715,PID,NORMAL_HOLD,326.79,236.66,313.00,279.882,219.747,401.379,278.625,218.113,400.000,271.086,211.953,396.138,-1.379,6.433,,,,,0,278.625,218.113,400.000,
1785142163.7779,PID,NORMAL_HOLD,327.00,236.79,312.55,280.077,219.625,401.652,278.625,218.113,400.000,269.517,212.359,394.502,-1.652,16.373,,,,,0,278.625,218.113,400.000,
1785142163.7837,PID,NORMAL_HOLD,327.00,236.88,313.00,280.082,219.526,401.374,278.625,218.113,400.000,269.770,212.414,395.520,-1.374,9.783,,,,,0,278.625,218.113,400.000,
1785142163.7876,PID,NORMAL_HOLD,327.00,237.00,313.27,280.086,219.418,401.205,278.625,218.113,400.000,269.893,212.598,396.948,-1.205,0.780,,,,,0,278.625,218.113,400.000,
1785142163.7952,PID,NORMAL_HOLD,327.00,237.00,313.50,280.089,219.386,401.066,278.625,218.113,400.000,269.967,212.230,398.119,-1.066,-6.462,,,,,0,278.625,218.113,400.000,
1785142163.7996,PID,NORMAL_HOLD,327.00,237.00,313.90,280.086,219.422,400.820,278.625,218.113,400.000,270.030,211.675,399.598,-0.820,-15.477,,,,,0,278.625,218.113,400.000,
1785142163.8030,PID,NORMAL_HOLD,326.50,237.00,314.00,279.627,219.421,400.766,278.625,218.113,400.000,272.686,211.588,400.047,-0.766,-17.964,,,,,0,278.625,218.113,400.000,
1785142163.8095,PID,NORMAL_HOLD,326.72,236.91,314.23,279.828,219.472,400.621,278.625,218.113,400.000,270.313,211.255,400.458,-0.621,-20.158,,,,,0,278.625,218.113,400.000,
1785142163.8123,PID,NORMAL_HOLD,326.50,236.68,314.52,279.620,219.640,400.445,278.625,218.113,400.000,271.365,210.451,401.043,-0.445,-23.396,,,,,0,278.625,218.113,400.000,
1785142163.8185,PID,NORMAL_HOLD,326.71,236.61,314.50,279.804,219.760,400.458,278.625,218.113,400.000,269.729,210.249,400.526,-0.458,-19.742,,,,,0,278.625,218.113,400.000,
1785142163.8255,PID,NORMAL_HOLD,326.50,236.32,314.44,279.611,219.917,400.494,278.625,218.113,400.000,270.985,209.971,399.897,-0.494,-15.513,,,,,0,278.625,218.113,400.000,
1785142163.8282,PID,NORMAL_HOLD,326.71,236.39,314.45,279.796,219.952,400.487,278.625,218.113,400.000,269.579,210.464,399.308,-0.487,-11.588,,,,,0,278.625,218.113,400.000,
1785142163.8331,PID,NORMAL_HOLD,326.50,236.50,314.50,279.610,219.852,400.460,278.625,218.113,400.000,270.921,211.467,398.950,-0.460,-9.163,,,,,0,278.625,218.113,400.000,
1785142163.8402,PID,NORMAL_HOLD,326.50,236.68,313.82,279.617,219.685,400.878,278.625,218.113,400.000,270.526,212.344,396.574,-0.878,5.678,,,,,0,278.625,218.113,400.000,
1785142163.8450,PID,NORMAL_HOLD,326.50,236.76,314.00,279.621,219.598,400.766,278.625,218.113,400.000,270.343,212.368,396.425,-0.766,6.489,,,,,0,278.625,218.113,400.000,
1785142163.8478,PID,NORMAL_HOLD,326.50,237.00,314.50,279.627,219.419,400.458,278.625,218.113,400.000,270.242,212.814,397.993,-0.458,-3.309,,,,,0,278.625,218.113,400.000,
1785142163.8547,PID,NORMAL_HOLD,326.52,237.11,314.50,279.657,219.282,400.456,278.625,218.113,400.000,270.041,212.985,398.501,-0.456,-6.384,,,,,0,278.625,218.113,400.000,
1785142163.8595,PID,NORMAL_HOLD,326.69,237.28,314.50,279.817,219.149,400.454,278.625,218.113,400.000,269.218,213.004,398.485,-0.454,-6.159,,,,,0,278.625,218.113,400.000,
1785142163.8624,PID,NORMAL_HOLD,326.54,237.19,314.82,279.681,219.146,400.257,278.625,218.113,400.000,270.382,212.302,399.361,-0.257,-11.458,,,,,0,278.625,218.113,400.000,
1785142163.8698,PID,NORMAL_HOLD,326.67,237.28,314.82,279.795,219.109,400.257,278.625,218.113,400.000,269.681,212.132,399.454,-0.257,-11.829,,,,,0,278.625,218.113,400.000,
1785142163.8727,PID,NORMAL_HOLD,326.50,237.11,315.50,279.639,219.212,399.839,278.625,218.113,400.000,270.928,211.187,401.043,0.161,-21.377,,,,,0,278.625,218.113,400.000,
1785142163.8775,PID,NORMAL_HOLD,326.00,237.00,316.00,279.173,219.319,399.537,278.625,218.113,400.000,273.172,210.771,403.045,0.463,-33.414,,,,,0,278.625,218.113,400.000,
1785142163.8857,PID,NORMAL_HOLD,326.00,237.00,316.00,279.169,219.370,399.539,278.625,218.113,400.000,271.773,210.865,402.682,0.461,-30.530,,,,,0,278.625,218.113,400.000,
1785142163.8907,PID,NORMAL_HOLD,326.11,236.82,315.60,279.264,219.474,399.784,278.625,218.113,400.000,270.556,210.635,400.743,0.216,-18.000,,,,,0,278.625,218.113,400.000,
1785142163.8943,PID,NORMAL_HOLD,326.29,236.89,315.46,279.429,219.475,399.867,278.625,218.113,400.000,269.435,211.045,399.246,0.133,-8.425,,,,,0,278.625,218.113,400.000,
1785142163.9014,PID,NORMAL_HOLD,326.00,237.00,315.42,279.170,219.367,399.898,278.625,218.113,400.000,271.288,211.861,398.380,0.102,-2.922,,,,,0,278.625,218.113,400.000,
1785142163.9028,PID,NORMAL_HOLD,326.00,237.00,315.00,279.171,219.352,400.154,278.625,218.113,400.000,270.804,211.761,396.720,-0.154,7.390,,,,,0,278.625,218.113,400.000,
1785142163.9074,PID,NORMAL_HOLD,325.87,237.22,314.82,279.065,219.100,400.263,278.625,218.113,400.000,271.174,213.063,395.844,-0.263,12.646,,,,,0,278.625,218.113,400.000,
1785142163.9157,PID,NORMAL_HOLD,325.80,237.40,315.00,279.007,218.916,400.151,278.625,218.113,400.000,271.091,213.347,396.324,-0.151,9.444,,,,,0,278.625,218.113,400.000,
1785142163.9183,PID,NORMAL_HOLD,325.86,237.71,314.97,279.071,218.699,400.171,278.625,218.113,400.000,270.369,213.751,396.598,-0.171,7.580,,,,,0,278.625,218.113,400.000,
1785142163.9232,PID,NORMAL_HOLD,325.74,237.76,315.49,278.960,218.600,399.852,278.625,218.113,400.000,270.957,213.252,398.411,0.148,-3.750,,,,,0,278.625,218.113,400.000,
1785142163.9322,PID,NORMAL_HOLD,325.91,237.77,316.00,279.112,218.642,399.535,278.625,218.113,400.000,269.807,212.253,400.469,0.465,-16.367,,,,,0,278.625,218.113,400.000,
1785142163.9351,PID,NORMAL_HOLD,325.87,237.78,315.00,279.087,218.568,400.149,278.625,218.113,400.000,270.223,212.402,397.906,-0.149,-0.246,,,,,0,278.625,218.113,400.000,
1785142163.9379,PID,NORMAL_HOLD,325.50,237.68,316.00,278.737,218.702,399.538,278.625,218.113,400.000,272.231,211.323,399.980,0.462,-13.054,,,,,0,278.625,218.113,400.000,
1785142163.9449,PID,NORMAL_HOLD,326.00,237.50,315.77,279.192,218.853,399.676,278.625,218.113,400.000,268.809,210.672,399.690,0.324,-11.012,,,,,0,278.625,218.113,400.000,
1785142163.9474,PID,NORMAL_HOLD,325.87,237.24,315.48,279.063,219.064,399.856,278.625,218.113,400.000,270.245,210.052,398.493,0.144,-3.413,,,,,0,278.625,218.113,400.000,
1785142163.9538,PID,NORMAL_HOLD,325.87,237.22,315.00,279.062,219.134,400.153,278.625,218.113,400.000,270.313,210.390,396.506,-0.153,8.922,,,,,0,278.625,218.113,400.000,
1785142163.9612,PID,NORMAL_HOLD,326.00,237.21,314.81,279.180,219.144,400.268,278.625,218.113,400.000,269.710,210.924,395.485,-0.268,15.055,,,,,0,278.625,218.113,400.000,
1785142163.9657,PID,NORMAL_HOLD,325.93,237.22,314.50,279.113,219.137,400.461,278.625,218.113,400.000,270.380,211.280,394.623,-0.461,20.071,,,,,0,278.625,218.113,400.000,
1785142163.9694,PID,NORMAL_HOLD,325.96,237.25,314.50,279.143,219.126,400.461,278.625,218.113,400.000,270.187,211.489,394.626,-0.461,19.693,,,,,0,278.625,218.113,400.000,
1785142163.9760,PID,NORMAL_HOLD,326.00,237.36,314.46,279.189,218.972,400.485,278.625,218.113,400.000,270.020,212.334,395.089,-0.485,16.444,,,,,0,278.625,218.113,400.000,
1785142163.9790,PID,NORMAL_HOLD,326.00,237.50,314.10,279.191,218.884,400.704,278.625,218.113,400.000,270.158,212.496,394.506,-0.704,19.729,,,,,0,278.625,218.113,400.000,
1785142163.9847,PID,NORMAL_HOLD,326.06,237.65,314.46,279.249,218.774,400.480,278.625,218.113,400.000,269.922,212.676,395.801,-0.480,11.376,,,,,0,278.625,218.113,400.000,
1785142163.9922,PID,NORMAL_HOLD,326.27,237.55,315.00,279.445,218.849,400.148,278.625,218.113,400.000,269.093,211.785,398.154,-0.148,-3.364,,,,,0,278.625,218.113,400.000,
1785142163.9953,PID,NORMAL_HOLD,326.36,237.38,315.00,279.521,218.951,400.146,278.625,218.113,400.000,269.238,211.141,398.911,-0.146,-7.974,,,,,0,278.625,218.113,400.000,
1785142164.0001,PID,NORMAL_HOLD,326.50,237.32,314.90,279.647,219.008,400.209,278.625,218.113,400.000,268.986,211.044,398.691,-0.209,-6.471,,,,,0,278.625,218.113,400.000,
1785142164.0073,PID,NORMAL_HOLD,326.48,237.11,315.00,279.616,219.213,400.147,278.625,218.113,400.000,269.761,210.185,398.773,-0.147,-6.853,,,,,0,278.625,218.113,400.000,
1785142164.0087,PID,NORMAL_HOLD,326.00,237.00,315.00,279.171,219.352,400.154,278.625,218.113,400.000,272.501,210.073,398.619,-0.154,-5.777,,,,,0,278.625,218.113,400.000,
1785142164.0159,PID,NORMAL_HOLD,326.50,236.89,314.58,279.625,219.490,400.406,278.625,218.113,400.000,268.898,210.016,397.220,-0.406,2.964,,,,,0,278.625,218.113,400.000,
1785142164.0218,PID,NORMAL_HOLD,326.50,236.68,314.89,279.621,219.619,400.218,278.625,218.113,400.000,269.563,210.009,397.691,-0.218,0.001,,,,,0,278.625,218.113,400.000,
1785142164.0266,PID,NORMAL_HOLD,326.50,236.68,314.45,279.620,219.636,400.488,278.625,218.113,400.000,269.883,210.625,396.538,-0.488,7.117,,,,,0,278.625,218.113,400.000,
1785142164.0301,PID,NORMAL_HOLD,326.31,236.72,314.00,279.445,219.579,400.766,278.625,218.113,400.000,271.050,211.348,394.947,-0.766,16.805,,,,,0,278.625,218.113,400.000,
1785142164.0364,PID,NORMAL_HOLD,326.12,236.85,314.00,279.276,219.493,400.769,278.625,218.113,400.000,271.655,211.894,394.776,-0.769,17.535,,,,,0,278.625,218.113,400.000,
1785142164.0409,PID,NORMAL_HOLD,326.50,237.00,314.00,279.628,219.398,400.765,278.625,218.113,400.000,269.087,212.182,395.091,-0.765,15.266,,,,,0,278.625,218.113,400.000,
1785142164.0466,PID,NORMAL_HOLD,326.50,237.11,314.45,279.632,219.308,400.486,278.625,218.113,400.000,269.617,212.351,396.881,-0.486,3.939,,,,,0,278.625,218.113,400.000,
1785142164.0523,PID,NORMAL_HOLD,326.54,237.19,314.50,279.679,219.182,400.455,278.625,218.113,400.000,269.639,212.628,397.793,-0.455,-1.767,,,,,0,278.625,218.113,400.000,
1785142164.0541,PID,NORMAL_HOLD,326.88,237.15,314.50,279.987,219.216,400.451,278.625,218.113,400.000,268.167,211.892,398.078,-0.451,-3.493,,,,,0,278.625,218.113,400.000,
1785142164.0618,PID,NORMAL_HOLD,326.50,237.11,314.50,279.638,219.217,400.454,278.625,218.113,400.000,271.064,211.706,398.091,-0.454,-3.514,,,,,0,278.625,218.113,400.000,
1785142164.0689,PID,NORMAL_HOLD,326.50,237.11,314.82,279.634,219.275,400.257,278.625,218.113,400.000,270.645,211.306,398.924,-0.257,-8.577,,,,,0,278.625,218.113,400.000,
1785142164.0706,PID,NORMAL_HOLD,326.50,237.00,315.30,279.631,219.359,399.968,278.625,218.113,400.000,270.432,210.920,400.508,0.032,-18.203,,,,,0,278.625,218.113,400.000,
1785142164.0761,PID,NORMAL_HOLD,326.50,236.89,315.50,279.627,219.462,399.842,278.625,218.113,400.000,270.331,210.639,401.246,0.158,-22.426,,,,,0,278.625,218.113,400.000,
1785142164.0834,PID,NORMAL_HOLD,326.31,236.72,314.89,279.445,219.584,400.218,278.625,218.113,400.000,271.274,210.367,399.196,-0.218,-9.355,,,,,0,278.625,218.113,400.000,
1785142164.0868,PID,NORMAL_HOLD,326.50,236.68,315.00,279.617,219.680,400.152,278.625,218.113,400.000,269.818,210.367,398.567,-0.152,-5.302,,,,,0,278.625,218.113,400.000,
1785142164.0922,PID,NORMAL_HOLD,326.67,236.72,314.45,279.775,219.617,400.485,278.625,218.113,400.000,269.160,211.214,396.735,-0.485,6.073,,,,,0,278.625,218.113,400.000,
1785142164.0997,PID,NORMAL_HOLD,326.33,236.72,314.50,279.469,219.585,400.459,278.625,218.113,400.000,271.486,211.501,396.143,-0.459,9.644,,,,,0,278.625,218.113,400.000,
1785142164.1028,PID,NORMAL_HOLD,326.29,236.88,314.50,279.431,219.463,400.459,278.625,218.113,400.000,271.066,212.142,396.228,-0.459,8.938,,,,,0,278.625,218.113,400.000,
1785142164.1069,PID,NORMAL_HOLD,326.50,237.00,314.99,279.629,219.393,400.158,278.625,218.113,400.000,269.588,212.172,397.836,-0.158,-1.136,,,,,0,278.625,218.113,400.000,
1785142164.1154,PID,NORMAL_HOLD,326.50,237.11,314.50,279.638,219.217,400.454,278.625,218.113,400.000,269.830,212.818,396.949,-0.454,4.371,,,,,0,278.625,218.113,400.000,
1785142164.1168,PID,NORMAL_HOLD,326.46,237.19,315.44,279.601,219.142,399.876,278.625,218.113,400.000,270.193,212.552,399.478,0.124,-11.298,,,,,0,278.625,218.113,400.000,
1785142164.1218,PID,NORMAL_HOLD,326.50,237.18,315.50,279.639,219.176,399.840,278.625,218.113,400.000,269.960,211.840,400.304,0.160,-16.171,,,,,0,278.625,218.113,400.000,
1785142164.1280,PID,NORMAL_HOLD,326.48,237.11,315.81,279.616,219.209,399.647,278.625,218.113,400.000,270.202,211.494,401.413,0.353,-22.761,,,,,0,278.625,218.113,400.000,
1785142164.1324,PID,NORMAL_HOLD,326.35,237.06,316.17,279.499,219.287,399.427,278.625,218.113,400.000,270.819,211.090,402.043,0.573,-26.183,,,,,0,278.625,218.113,400.000,
1785142164.1376,PID,NORMAL_HOLD,326.00,237.00,316.55,279.172,219.323,399.200,278.625,218.113,400.000,272.315,211.095,402.853,0.800,-30.676,,,,,0,278.625,218.113,400.000,
1785142164.1436,PID,NORMAL_HOLD,326.10,236.92,317.00,279.258,219.426,398.922,278.625,218.113,400.000,270.815,210.693,403.925,1.078,-36.739,,,,,0,278.625,218.113,400.000,
1785142164.1450,PID,NORMAL_HOLD,326.02,236.91,317.00,279.181,219.479,398.924,278.625,218.113,400.000,270.973,210.790,403.395,1.076,-32.774,,,,,0,278.625,218.113,400.000,
1785142164.1521,PID,NORMAL_HOLD,326.47,236.89,316.50,279.600,219.495,399.229,278.625,218.113,400.000,268.232,211.024,401.016,0.771,-17.480,,,,,0,278.625,218.113,400.000,
1785142164.1581,PID,NORMAL_HOLD,326.02,236.91,316.54,279.184,219.429,399.205,278.625,218.113,400.000,271.532,211.596,399.899,0.795,-10.264,,,,,0,278.625,218.113,400.000,
1785142164.1622,PID,NORMAL_HOLD,326.00,237.00,316.00,279.170,219.365,399.538,278.625,218.113,400.000,270.988,211.813,397.826,0.462,2.685,,,,,0,278.625,218.113,400.000,
1785142164.1672,PID,NORMAL_HOLD,325.53,237.11,316.50,278.740,219.210,399.232,278.625,218.113,400.000,273.632,212.718,398.556,0.768,-1.881,,,,,0,278.625,218.113,400.000,
1785142164.1732,PID,NORMAL_HOLD,325.86,237.29,316.00,279.063,218.966,399.534,278.625,218.113,400.000,270.210,213.503,397.296,0.466,5.930,,,,,0,278.625,218.113,400.000,
1785142164.1770,PID,NORMAL_HOLD,326.00,237.41,317.00,279.191,218.886,398.917,278.625,218.113,400.000,269.563,212.990,399.957,1.083,-10.606,,,,,0,278.625,218.113,400.000,
1785142164.1810,PID,NORMAL_HOLD,325.85,237.65,317.00,279.061,218.728,398.919,278.625,218.113,400.000,270.659,213.175,400.649,1.081,-14.677,,,,,0,278.625,218.113,400.000,
1785142164.1874,PID,NORMAL_HOLD,325.86,237.67,317.23,279.062,218.729,398.780,278.625,218.113,400.000,270.495,212.415,401.289,1.220,-18.357,,,,,0,278.625,218.113,400.000,
1785142164.1920,PID,NORMAL_HOLD,325.50,237.68,317.00,278.736,218.697,398.921,278.625,218.113,400.000,272.097,212.203,400.354,1.079,-12.235,,,,,0,278.625,218.113,400.000,
1785142164.1969,PID,NORMAL_HOLD,326.00,237.50,317.00,279.190,218.870,398.919,278.625,218.113,400.000,268.593,210.920,399.808,1.081,-8.639,,,,,0,278.625,218.113,400.000,
1785142164.2035,PID,NORMAL_HOLD,325.86,237.29,316.00,279.063,218.966,399.534,278.625,218.113,400.000,270.152,210.740,396.389,0.466,12.636,,,,,0,278.625,218.113,400.000,
1785142164.2065,PID,NORMAL_HOLD,325.87,237.24,316.29,279.062,219.073,399.360,278.625,218.113,400.000,270.252,210.646,396.462,0.640,11.919,,,,,0,278.625,218.113,400.000,
1785142164.2123,PID,NORMAL_HOLD,325.87,237.22,315.50,279.062,219.131,399.845,278.625,218.113,400.000,270.300,210.702,393.778,0.155,28.392,,,,,0,278.625,218.113,400.000,
1785142164.2191,PID,NORMAL_HOLD,325.86,237.29,315.44,279.056,219.067,399.882,278.625,218.113,400.000,270.355,211.463,393.783,0.118,27.805,,,,,0,278.625,218.113,400.000,
1785142164.2202,PID,NORMAL_HOLD,325.86,237.29,315.45,279.060,219.007,399.872,278.625,218.113,400.000,270.325,211.871,394.399,0.128,23.475,,,,,0,278.625,218.113,400.000,
1785142164.2248,PID,NORMAL_HOLD,326.00,237.50,315.00,279.191,218.880,400.151,278.625,218.113,400.000,269.598,212.442,393.532,-0.151,28.447,,,,,0,278.625,218.113,400.000,
1785142164.2323,PID,NORMAL_HOLD,325.50,237.68,314.47,278.739,218.705,400.481,278.625,218.113,400.000,272.309,212.939,392.640,-0.481,33.370,,,,,0,278.625,218.113,400.000,
1785142164.2376,PID,NORMAL_HOLD,325.68,237.86,313.82,278.914,218.496,400.878,278.625,218.113,400.000,270.333,213.547,390.853,-0.878,43.809,,,,,0,278.625,218.113,400.000,
1785142164.2404,PID,NORMAL_HOLD,326.00,238.00,314.50,279.206,218.477,400.458,278.625,218.113,400.000,268.897,212.731,393.468,-0.458,26.823,,,,,0,278.625,218.113,400.000,
1785142164.2490,PID,NORMAL_HOLD,326.00,238.00,314.50,279.206,218.477,400.458,278.625,218.113,400.000,269.599,212.232,394.786,-0.458,18.215,,,,,0,278.625,218.113,400.000,
1785142164.2508,PID,NORMAL_HOLD,326.00,237.88,314.50,279.205,218.531,400.457,278.625,218.113,400.000,269.952,211.680,395.762,-0.457,11.846,,,,,0,278.625,218.113,400.000,
1785142164.2559,PID,NORMAL_HOLD,325.91,237.83,314.45,279.116,218.643,400.489,278.625,218.113,400.000,270.626,211.075,396.174,-0.489,9.093,,,,,0,278.625,218.113,400.000,
1785142164.2659,PID,NORMAL_HOLD,326.20,237.38,314.10,279.376,218.949,400.700,278.625,218.113,400.000,269.714,210.482,396.187,-0.700,8.683,,,,,0,278.625,218.113,400.000,
1785142164.2705,PID,NORMAL_HOLD,326.00,237.26,314.00,279.183,219.090,400.767,278.625,218.113,400.000,271.042,210.264,395.652,-0.767,11.805,,,,,0,278.625,218.113,400.000,
1785142164.2776,PID,NORMAL_HOLD,326.50,237.32,313.82,279.643,219.065,400.870,278.625,218.113,400.000,268.022,211.048,395.100,-0.870,15.012,,,,,0,278.625,218.113,400.000,
1785142164.2835,PID,NORMAL_HOLD,326.13,237.24,313.82,279.306,219.083,400.873,278.625,218.113,400.000,270.910,211.204,395.322,-0.873,13.354,,,,,0,278.625,218.113,400.000,
1785142164.2866,PID,NORMAL_HOLD,326.21,237.34,313.45,279.378,219.010,401.101,278.625,218.113,400.000,270.182,211.784,394.710,-1.101,16.841,,,,,0,278.625,218.113,400.000,
1785142164.2932,PID,NORMAL_HOLD,326.38,237.45,313.46,279.540,218.934,401.094,278.625,218.113,400.000,269.297,212.110,394.834,-1.094,15.756,,,,,0,278.625,218.113,400.000,
1785142164.2994,PID,NORMAL_HOLD,326.47,237.63,313.50,279.622,218.828,401.070,278.625,218.113,400.000,269.287,212.445,395.235,-1.070,13.004,,,,,0,278.625,218.113,400.000,
1785142164.3013,PID,NORMAL_HOLD,326.47,237.63,313.50,279.623,218.808,401.069,278.625,218.113,400.000,269.721,212.147,395.753,-1.069,9.558,,,,,0,278.625,218.113,400.000,
1785142164.3073,PID,NORMAL_HOLD,326.33,237.66,314.00,279.495,218.784,400.763,278.625,218.113,400.000,270.636,212.018,397.692,-0.763,-2.609,,,,,0,278.625,218.113,400.000,
1785142164.3151,PID,NORMAL_HOLD,326.50,237.50,314.00,279.651,218.886,400.761,278.625,218.113,400.000,269.524,211.238,398.283,-0.761,-6.212,,,,,0,278.625,218.113,400.000,
1785142164.3164,PID,NORMAL_HOLD,326.50,237.32,314.00,279.645,219.039,400.761,278.625,218.113,400.000,269.874,210.561,398.343,-0.761,-6.461,,,,,0,278.625,218.113,400.000,
1785142164.3222,PID,NORMAL_HOLD,326.88,237.15,314.50,279.983,219.278,400.453,278.625,218.113,400.000,268.237,209.802,399.753,-0.453,-15.059,,,,,0,278.625,218.113,400.000,
1785142164.3291,PID,NORMAL_HOLD,326.50,237.00,314.50,279.627,219.419,400.458,278.625,218.113,400.000,271.245,209.812,399.825,-0.458,-15.214,,,,,0,278.625,218.113,400.000,
1785142164.3317,PID,NORMAL_HOLD,326.54,236.81,314.00,279.663,219.549,400.765,278.625,218.113,400.000,270.505,209.903,398.103,-0.765,-4.315,,,,,0,278.625,218.113,400.000,
1785142164.3363,PID,NORMAL_HOLD,326.87,236.76,314.00,279.957,219.637,400.763,278.625,218.113,400.000,268.688,210.164,397.332,-0.763,0.531,,,,,0,278.625,218.113,400.000,
1785142164.3429,PID,NORMAL_HOLD,326.87,236.78,314.04,279.960,219.621,400.739,278.625,218.113,400.000,269.359,210.860,397.213,-0.739,1.252,,,,,0,278.625,218.113,400.000,
1785142164.3478,PID,NORMAL_HOLD,326.50,236.68,314.00,279.620,219.634,400.765,278.625,218.113,400.000,271.560,211.046,397.080,-0.765,2.049,,,,,0,278.625,218.113,400.000,
1785142164.3512,PID,NORMAL_HOLD,326.91,236.86,313.50,280.002,219.532,401.068,278.625,218.113,400.000,268.803,211.764,395.554,-1.068,11.438,,,,,0,278.625,218.113,400.000,
1785142164.3583,PID,NORMAL_HOLD,326.81,236.89,314.00,279.908,219.487,400.762,278.625,218.113,400.000,269.969,211.843,396.759,-0.762,3.789,,,,,0,278.625,218.113,400.000,
1785142164.3634,PID,NORMAL_HOLD,327.00,237.00,314.03,280.089,219.390,400.739,278.625,218.113,400.000,269.096,212.130,397.435,-0.739,-0.461,,,,,0,278.625,218.113,400.000,
1785142164.3671,PID,NORMAL_HOLD,327.00,237.00,314.50,280.090,219.381,400.452,278.625,218.113,400.000,269.554,211.842,398.870,-0.452,-9.275,,,,,0,278.625,218.113,400.000,
1785142164.3749,PID,NORMAL_HOLD,327.00,237.00,314.90,280.087,219.417,400.206,278.625,218.113,400.000,269.801,211.437,400.719,-0.206,-20.568,,,,,0,278.625,218.113,400.000,
1785142164.3768,PID,NORMAL_HOLD,326.91,236.86,315.00,280.003,219.522,400.147,278.625,218.113,400.000,270.380,210.849,401.024,-0.147,-22.068,,,,,0,278.625,218.113,400.000,
1785142164.3814,PID,NORMAL_HOLD,326.91,236.78,315.00,279.994,219.603,400.148,278.625,218.113,400.000,270.260,210.707,400.645,-0.148,-19.319,,,,,0,278.625,218.113,400.000,
1785142164.3879,PID,NORMAL_HOLD,327.00,236.50,315.00,280.073,219.822,400.147,278.625,218.113,400.000,269.676,209.711,400.054,-0.147,-15.308,,,,,0,278.625,218.113,400.000,
1785142164.3909,PID,NORMAL_HOLD,327.00,236.33,315.81,280.068,219.962,399.650,278.625,218.113,400.000,269.877,209.724,401.964,0.350,-26.823,,,,,0,278.625,218.113,400.000,
1785142164.3958,PID,NORMAL_HOLD,327.00,236.24,315.45,280.065,220.028,399.869,278.625,218.113,400.000,269.964,210.124,400.956,0.131,-20.103,,,,,0,278.625,218.113,400.000,
1785142164.4032,PID,NORMAL_HOLD,326.95,236.32,315.83,280.025,219.976,399.639,278.625,218.113,400.000,270.206,210.966,401.208,0.361,-21.271,,,,,0,278.625,218.113,400.000,
1785142164.4055,PID,NORMAL_HOLD,326.80,236.40,315.50,279.885,219.917,399.842,278.625,218.113,400.000,270.887,211.432,399.877,0.158,-12.656,,,,,0,278.625,218.113,400.000,
1785142164.4114,PID,NORMAL_HOLD,327.00,236.50,315.01,280.075,219.784,400.138,278.625,218.113,400.000,269.330,212.164,397.652,-0.138,1.317,,,,,0,278.625,218.113,400.000,
1785142164.4176,PID,NORMAL_HOLD,326.91,236.78,315.00,279.997,219.557,400.146,278.625,218.113,400.000,270.103,212.990,396.914,-0.146,5.838,,,,,0,278.625,218.113,400.000,
1785142164.4201,PID,NORMAL_HOLD,326.77,236.90,315.88,279.879,219.424,399.608,278.625,218.113,400.000,270.726,212.924,399.378,0.392,-9.484,,,,,0,278.625,218.113,400.000,
1785142164.4264,PID,NORMAL_HOLD,327.00,237.00,315.55,280.091,219.375,399.809,278.625,218.113,400.000,269.260,212.437,399.063,0.191,-7.363,,,,,0,278.625,218.113,400.000,
1785142164.4319,PID,NORMAL_HOLD,327.00,237.00,316.00,280.092,219.353,399.530,278.625,218.113,400.000,269.626,212.063,399.944,0.470,-12.619,,,,,0,278.625,218.113,400.000,
1785142164.4364,PID,NORMAL_HOLD,326.50,237.00,316.00,279.632,219.343,399.534,278.625,218.113,400.000,272.337,211.814,400.233,0.466,-14.199,,,,,0,278.625,218.113,400.000,
1785142164.4415,PID,NORMAL_HOLD,326.50,237.00,316.54,279.631,219.362,399.200,278.625,218.113,400.000,271.252,211.515,401.546,0.800,-22.037,,,,,0,278.625,218.113,400.000,
1785142164.4491,PID,NORMAL_HOLD,326.50,236.89,316.50,279.627,219.457,399.227,278.625,218.113,400.000,270.722,210.950,401.326,0.773,-20.259,,,,,0,278.625,218.113,400.000,
1785142164.4541,PID,NORMAL_HOLD,326.50,236.89,316.37,279.627,219.452,399.308,278.625,218.113,400.000,270.434,211.210,400.475,0.692,-14.629,,,,,0,278.625,218.113,400.000,
1785142164.4570,PID,NORMAL_HOLD,326.77,236.90,316.00,279.877,219.451,399.533,278.625,218.113,400.000,268.778,211.316,398.742,0.467,-3.664,,,,,0,278.625,218.113,400.000,
1785142164.4654,PID,NORMAL_HOLD,327.00,237.00,316.00,280.090,219.381,399.531,278.625,218.113,400.000,268.238,211.754,398.047,0.469,0.694,,,,,0,278.625,218.113,400.000,
1785142164.4665,PID,NORMAL_HOLD,326.50,237.11,316.00,279.639,219.210,399.532,278.625,218.113,400.000,271.631,212.547,397.817,0.468,2.103,,,,,0,278.625,218.113,400.000,
1785142164.4716,PID,NORMAL_HOLD,326.50,237.32,315.46,279.649,218.988,399.861,278.625,218.113,400.000,270.835,213.192,396.124,0.139,12.527,,,,,0,278.625,218.113,400.000,
1785142164.4779,PID,NORMAL_HOLD,326.50,237.63,315.47,279.655,218.772,399.856,278.625,218.113,400.000,270.452,213.572,395.977,0.144,13.171,,,,,0,278.625,218.113,400.000,
1785142164.4806,PID,NORMAL_HOLD,326.50,237.82,315.50,279.664,218.580,399.836,278.625,218.113,400.000,270.246,213.711,396.166,0.164,11.780,,,,,0,278.625,218.113,400.000,
1785142164.4867,PID,NORMAL_HOLD,326.00,238.00,316.00,279.208,218.435,399.533,278.625,218.113,400.000,272.753,213.509,398.031,0.467,0.048,,,,,0,278.625,218.113,400.000,
1785142164.4932,PID,NORMAL_HOLD,326.50,237.89,315.55,279.671,218.454,399.805,278.625,218.113,400.000,269.228,212.522,397.396,0.195,3.962,,,,,0,278.625,218.113,400.000,
1785142164.4972,PID,NORMAL_HOLD,326.50,238.00,316.00,279.669,218.429,399.529,278.625,218.113,400.000,269.690,212.269,398.570,0.471,-3.358,,,,,0,278.625,218.113,400.000,
1785142164.5029,PID,NORMAL_HOLD,326.50,237.89,316.00,279.664,218.541,399.530,278.625,218.113,400.000,269.939,211.380,398.929,0.470,-5.513,,,,,0,278.625,218.113,400.000,
1785142164.5105,PID,NORMAL_HOLD,326.50,237.82,316.45,279.658,218.655,399.255,278.625,218.113,400.000,270.071,210.879,400.219,0.745,-13.363,,,,,0,278.625,218.113,400.000,
1785142164.5134,PID,NORMAL_HOLD,326.64,237.62,316.27,279.782,218.798,399.362,278.625,218.113,400.000,269.465,210.535,399.778,0.638,-10.363,,,,,0,278.625,218.113,400.000,
1785142164.5169,PID,NORMAL_HOLD,326.50,237.63,316.00,279.655,218.774,399.531,278.625,218.113,400.000,270.581,211.217,398.577,0.469,-2.741,,,,,0,278.625,218.113,400.000,
1785142164.5233,PID,NORMAL_HOLD,326.50,237.63,315.88,279.655,218.774,399.604,278.625,218.113,400.000,270.357,211.419,397.798,0.396,2.121,,,,,0,278.625,218.113,400.000,
1785142164.5278,PID,NORMAL_HOLD,326.50,237.68,315.46,279.655,218.748,399.865,278.625,218.113,400.000,270.243,211.659,396.271,0.135,11.511,,,,,0,278.625,218.113,400.000,
1785142164.5331,PID,NORMAL_HOLD,326.50,237.76,315.21,279.659,218.661,400.016,278.625,218.113,400.000,270.166,212.114,395.274,-0.016,17.450,,,,,0,278.625,218.113,400.000,
1785142164.5398,PID,NORMAL_HOLD,326.50,237.89,315.00,279.664,218.547,400.145,278.625,218.113,400.000,270.124,212.521,394.697,-0.145,20.681,,,,,0,278.625,218.113,400.000,
1785142164.5423,PID,NORMAL_HOLD,326.50,237.89,315.20,279.665,218.525,400.020,278.625,218.113,400.000,270.118,212.223,395.596,-0.020,14.734,,,,,0,278.625,218.113,400.000,
1785142164.5471,PID,NORMAL_HOLD,326.18,238.00,315.00,279.375,218.449,400.147,278.625,218.113,400.000,271.702,212.369,395.525,-0.147,14.916,,,,,0,278.625,218.113,400.000,
1785142164.5538,PID,NORMAL_HOLD,326.50,237.89,315.50,279.664,218.544,399.837,278.625,218.113,400.000,269.313,211.501,397.372,0.163,3.244,,,,,0,278.625,218.113,400.000,
1785142164.5563,PID,NORMAL_HOLD,326.31,237.72,316.00,279.479,218.694,399.532,278.625,218.113,400.000,270.646,210.838,399.555,0.468,-10.280,,,,,0,278.625,218.113,400.000,
1785142164.5635,PID,NORMAL_HOLD,326.50,237.63,315.91,279.652,218.816,399.587,278.625,218.113,400.000,269.322,210.467,399.900,0.413,-12.225,,,,,0,278.625,218.113,400.000,
1785142164.5707,PID,NORMAL_HOLD,326.69,237.28,315.83,279.822,219.074,399.637,278.625,218.113,400.000,268.869,209.732,399.459,0.363,-9.270,,,,,0,278.625,218.113,400.000,
1785142164.5746,PID,NORMAL_HOLD,326.52,237.11,315.20,279.659,219.247,400.025,278.625,218.113,400.000,270.462,209.576,397.322,-0.025,4.070,,,,,0,278.625,218.113,400.000,
1785142164.5796,PID,NORMAL_HOLD,327.00,237.00,315.50,280.088,219.417,399.839,278.625,218.113,400.000,268.154,209.675,397.491,0.161,2.950,,,,,0,278.625,218.113,400.000,
1785142164.5861,PID,NORMAL_HOLD,327.00,237.00,315.23,280.087,219.429,400.003,278.625,218.113,400.000,269.082,210.467,396.704,-0.003,7.779,,,,,0,278.625,218.113,400.000,
1785142164.5872,PID,NORMAL_HOLD,326.52,236.89,315.00,279.649,219.466,400.150,278.625,218.113,400.000,271.985,210.733,396.034,-0.150,11.753,,,,,0,278.625,218.113,400.000,
1785142164.5930,PID,NORMAL_HOLD,326.50,237.00,315.00,279.629,219.393,400.150,278.625,218.113,400.000,271.174,211.478,395.954,-0.150,12.045,,,,,0,278.625,218.113,400.000,
1785142164.6004,PID,NORMAL_HOLD,327.00,237.00,315.00,280.091,219.371,400.144,278.625,218.113,400.000,268.102,211.574,396.282,-0.144,9.792,,,,,0,278.625,218.113,400.000,
1785142164.6031,PID,NORMAL_HOLD,326.86,237.10,315.00,279.966,219.270,400.145,278.625,218.113,400.000,269.676,212.009,396.637,-0.145,7.410,,,,,0,278.625,218.113,400.000,
1785142164.6084,PID,NORMAL_HOLD,327.00,237.06,315.00,280.092,219.324,400.144,278.625,218.113,400.000,269.079,211.404,396.867,-0.144,5.857,,,,,0,278.625,218.113,400.000,
1785142164.6162,PID,NORMAL_HOLD,327.27,237.05,315.83,280.342,219.335,399.636,278.625,218.113,400.000,268.130,211.358,399.438,0.364,-10.084,,,,,0,278.625,218.113,400.000,
1785142164.6195,PID,NORMAL_HOLD,327.00,237.00,315.54,280.088,219.410,399.815,278.625,218.113,400.000,270.390,210.995,399.391,0.185,-9.616,,,,,0,278.625,218.113,400.000,
1785142164.6250,PID,NORMAL_HOLD,327.00,237.00,315.62,280.086,219.444,399.767,278.625,218.113,400.000,270.203,211.029,399.340,0.233,-9.115,,,,,0,278.625,218.113,400.000,
1785142164.6330,PID,NORMAL_HOLD,327.09,236.77,315.57,280.169,219.596,399.797,278.625,218.113,400.000,269.567,210.237,399.002,0.203,-6.860,,,,,0,278.625,218.113,400.000,
1785142164.6345,PID,NORMAL_HOLD,327.29,236.59,315.50,280.346,219.727,399.836,278.625,218.113,400.000,268.795,210.081,398.529,0.164,-3.813,,,,,0,278.625,218.113,400.000,
1785142164.6392,PID,NORMAL_HOLD,327.50,236.50,316.00,280.533,219.841,399.529,278.625,218.113,400.000,268.380,210.105,399.714,0.471,-11.045,,,,,0,278.625,218.113,400.000,
1785142164.6462,PID,NORMAL_HOLD,327.34,236.58,315.85,280.388,219.784,399.625,278.625,218.113,400.000,269.985,211.031,399.470,0.375,-9.330,,,,,0,278.625,218.113,400.000,
1785142164.6495,PID,NORMAL_HOLD,327.47,236.63,315.50,280.507,219.721,399.835,278.625,218.113,400.000,269.273,211.516,398.192,0.165,-1.278,,,,,0,278.625,218.113,400.000,
1785142164.6524,PID,NORMAL_HOLD,327.50,236.76,315.46,280.542,219.595,399.858,278.625,218.113,400.000,269.373,212.118,397.518,0.142,2.913,,,,,0,278.625,218.113,400.000,
1785142164.6588,PID,NORMAL_HOLD,327.50,236.89,315.54,280.547,219.481,399.810,278.625,218.113,400.000,269.586,212.377,397.629,0.190,2.172,,,,,0,278.625,218.113,400.000,
1785142164.6639,PID,NORMAL_HOLD,327.50,237.00,316.17,280.552,219.369,399.420,278.625,218.113,400.000,269.685,212.492,399.852,0.580,-11.650,,,,,0,278.625,218.113,400.000,
1785142164.6690,PID,NORMAL_HOLD,327.50,237.11,316.50,280.561,219.204,399.217,278.625,218.113,400.000,269.712,212.886,401.201,0.783,-19.763,,,,,0,278.625,218.113,400.000,
1785142164.6757,PID,NORMAL_HOLD,327.50,237.11,317.00,280.561,219.214,398.911,278.625,218.113,400.000,269.777,212.124,402.575,1.089,-27.837,,,,,0,278.625,218.113,400.000,
1785142164.6782,PID,NORMAL_HOLD,327.50,237.11,317.00,280.554,219.321,398.915,278.625,218.113,400.000,269.854,211.143,402.560,1.085,-27.234,,,,,0,278.625,218.113,400.000,
1785142164.6833,PID,NORMAL_HOLD,327.18,237.00,317.50,280.257,219.408,398.610,278.625,218.113,400.000,271.390,210.837,403.410,1.390,-31.974,,,,,0,278.625,218.113,400.000,
1785142164.6901,PID,NORMAL_HOLD,327.50,236.89,317.50,280.548,219.500,398.609,278.625,218.113,400.000,268.902,210.565,402.919,1.391,-28.330,,,,,0,278.625,218.113,400.000,
1785142164.6927,PID,NORMAL_HOLD,327.59,236.77,317.50,280.629,219.581,398.608,278.625,218.113,400.000,268.929,210.524,402.143,1.392,-22.999,,,,,0,278.625,218.113,400.000,
1785142164.6997,PID,NORMAL_HOLD,327.50,236.82,317.46,280.546,219.557,398.631,278.625,218.113,400.000,269.844,211.078,401.299,1.369,-17.368,,,,,0,278.625,218.113,400.000,
1785142164.7067,PID,NORMAL_HOLD,327.50,236.82,317.50,280.547,219.536,398.608,278.625,218.113,400.000,269.833,211.334,400.682,1.392,-13.230,,,,,0,278.625,218.113,400.000,
1785142164.7098,PID,NORMAL_HOLD,327.50,236.82,317.00,280.548,219.515,398.914,278.625,218.113,400.000,269.831,211.464,398.755,1.086,-1.101,,,,,0,278.625,218.113,400.000,
1785142164.7150,PID,NORMAL_HOLD,327.00,237.00,317.50,280.093,219.351,398.609,278.625,218.113,400.000,272.112,212.238,399.508,1.391,-5.736,,,,,0,278.625,218.113,400.000,
1785142164.7215,PID,NORMAL_HOLD,327.00,237.10,317.00,280.105,219.147,398.912,278.625,218.113,400.000,270.970,213.108,398.158,1.088,2.707,,,,,0,278.625,218.113,400.000,
1785142164.7243,PID,NORMAL_HOLD,327.00,237.28,317.81,280.108,219.036,398.417,278.625,218.113,400.000,270.451,212.917,400.007,1.583,-8.723,,,,,0,278.625,218.113,400.000,
1785142164.7300,PID,NORMAL_HOLD,327.10,237.33,318.00,280.204,218.997,398.298,278.625,218.113,400.000,269.670,212.434,401.324,1.702,-16.724,,,,,0,278.625,218.113,400.000,
1785142164.7371,PID,NORMAL_HOLD,326.86,237.33,318.00,279.977,218.983,398.299,278.625,218.113,400.000,270.982,212.050,401.253,1.701,-15.962,,,,,0,278.625,218.113,400.000,
1785142164.7404,PID,NORMAL_HOLD,326.55,237.19,318.50,279.687,219.083,397.993,278.625,218.113,400.000,272.217,211.195,402.220,2.007,-21.594,,,,,0,278.625,218.113,400.000,
1785142164.7449,PID,NORMAL_HOLD,326.50,237.18,318.21,279.643,219.119,398.170,278.625,218.113,400.000,271.400,211.146,401.204,1.830,-14.879,,,,,0,278.625,218.113,400.000,
1785142164.7518,PID,NORMAL_HOLD,327.00,237.00,318.00,280.099,219.272,398.300,278.625,218.113,400.000,268.236,210.470,399.952,1.700,-6.866,,,,,0,278.625,218.113,400.000,
1785142164.7549,PID,NORMAL_HOLD,326.50,237.00,318.20,279.635,219.298,398.182,278.625,218.113,400.000,271.736,210.810,399.910,1.818,-6.472,,,,,0,278.625,218.113,400.000,
1785142164.7595,PID,NORMAL_HOLD,326.50,237.00,317.81,279.639,219.249,398.416,278.625,218.113,400.000,270.902,211.387,398.568,1.584,1.958,,,,,0,278.625,218.113,400.000,
1785142164.7659,PID,NORMAL_HOLD,326.14,237.10,317.50,279.308,219.190,398.611,278.625,218.113,400.000,272.370,211.752,397.315,1.389,9.640,,,,,0,278.625,218.113,400.000,
1785142164.7703,PID,NORMAL_HOLD,326.00,237.21,317.46,279.187,219.024,398.636,278.625,218.113,400.000,271.941,212.505,397.051,1.364,11.059,,,,,0,278.625,218.113,400.000,
1785142164.7757,PID,NORMAL_HOLD,326.00,237.33,317.50,279.191,218.920,398.608,278.625,218.113,400.000,271.068,212.600,397.095,1.392,10.622,,,,,0,278.625,218.113,400.000,
1785142164.7828,PID,NORMAL_HOLD,325.97,237.84,316.50,279.175,218.538,399.225,278.625,218.113,400.000,270.700,213.197,394.629,0.775,25.609,,,,,0,278.625,218.113,400.000,
1785142164.7878,PID,NORMAL_HOLD,325.50,237.89,317.50,278.744,218.485,398.611,278.625,218.113,400.000,272.879,212.723,397.160,1.389,9.519,,,,,0,278.625,218.113,400.000,
1785142164.7913,PID,NORMAL_HOLD,325.53,237.89,317.44,278.770,218.457,398.647,278.625,218.113,400.000,271.479,212.351,398.123,1.353,3.401,,,,,0,278.625,218.113,400.000,
1785142164.7989,PID,NORMAL_HOLD,325.54,237.81,317.82,278.786,218.488,398.412,278.625,218.113,400.000,270.836,211.853,399.694,1.588,-6.360,,,,,0,278.625,218.113,400.000,
1785142164.8016,PID,NORMAL_HOLD,325.87,237.76,317.50,279.082,218.564,398.608,278.625,218.113,400.000,268.939,211.336,399.150,1.392,-2.881,,,,,0,278.625,218.113,400.000,
1785142164.8080,PID,NORMAL_HOLD,325.86,237.67,318.00,279.062,218.716,398.303,278.625,218.113,400.000,269.722,210.611,400.440,1.697,-10.801,,,,,0,278.625,218.113,400.000,
1785142164.8159,PID,NORMAL_HOLD,326.00,237.53,317.85,279.193,218.805,398.395,278.625,218.113,400.000,269.279,210.615,400.155,1.605,-8.834,,,,,0,278.625,218.113,400.000,
1785142164.8176,PID,NORMAL_HOLD,326.00,237.65,317.50,279.195,218.740,398.611,278.625,218.113,400.000,269.750,211.456,398.813,1.389,-0.382,,,,,0,278.625,218.113,400.000,
1785142164.8229,PID,NORMAL_HOLD,325.72,237.59,317.19,278.936,218.751,398.800,278.625,218.113,400.000,271.470,211.461,397.426,1.200,8.191,,,,,0,278.625,218.113,400.000,
1785142164.8304,PID,NORMAL_HOLD,325.83,237.71,316.90,279.035,218.700,398.984,278.625,218.113,400.000,270.353,211.801,396.315,1.016,14.873,,,,,0,278.625,218.113,400.000,
1785142164.8354,PID,NORMAL_HOLD,325.89,237.82,316.83,279.103,218.611,399.026,278.625,218.113,400.000,269.936,212.211,395.922,0.974,17.039,,,,,0,278.625,218.113,400.000,
1785142164.8371,PID,NORMAL_HOLD,325.82,238.00,316.50,279.038,218.457,399.227,278.625,218.113,400.000,270.451,212.754,395.179,0.773,21.320,,,,,0,278.625,218.113,400.000,
1785142164.8433,PID,NORMAL_HOLD,325.86,238.10,316.07,279.085,218.297,399.492,278.625,218.113,400.000,270.098,213.124,394.197,0.508,26.974,,,,,0,278.625,218.113,400.000,
1785142164.8464,PID,NORMAL_HOLD,325.86,238.10,316.00,279.087,218.282,399.531,278.625,218.113,400.000,270.176,212.506,394.229,0.469,26.276,,,,,0,278.625,218.113,400.000,
1785142164.8531,PID,NORMAL_HOLD,326.00,238.00,316.24,279.214,218.340,399.383,278.625,218.113,400.000,269.498,211.790,395.565,0.617,17.540,,,,,0,278.625,218.113,400.000,
1785142164.8601,PID,NORMAL_HOLD,326.00,238.00,316.50,279.205,218.466,399.226,278.625,218.113,400.000,269.912,211.106,397.059,0.774,8.023,,,,,0,278.625,218.113,400.000,
1785142164.8643,PID,NORMAL_HOLD,325.53,237.89,316.00,278.767,218.531,399.537,278.625,218.113,400.000,272.663,211.009,396.359,0.463,12.193,,,,,0,278.625,218.113,400.000,
1785142164.8703,PID,NORMAL_HOLD,325.90,237.72,316.89,279.106,218.686,398.987,278.625,218.113,400.000,269.592,210.454,399.107,1.013,-5.004,,,,,0,278.625,218.113,400.000,
1785142164.8769,PID,NORMAL_HOLD,326.00,237.61,316.50,279.195,218.762,399.226,278.625,218.113,400.000,269.435,210.608,398.768,0.774,-2.819,,,,,0,278.625,218.113,400.000,
1785142164.8800,PID,NORMAL_HOLD,326.05,237.68,316.27,279.237,218.742,399.366,278.625,218.113,400.000,269.616,211.204,397.944,0.634,2.316,,,,,0,278.625,218.113,400.000,
1785142164.8847,PID,NORMAL_HOLD,325.70,237.64,315.90,278.924,218.731,399.600,278.625,218.113,400.000,271.797,211.460,396.402,0.400,11.822,,,,,0,278.625,218.113,400.000,
1785142164.8914,PID,NORMAL_HOLD,326.00,237.76,315.98,279.199,218.652,399.548,278.625,218.113,400.000,269.507,211.975,396.488,0.452,11.068,,,,,0,278.625,218.113,400.000,
1785142164.8957,PID,NORMAL_HOLD,326.00,237.79,315.50,279.205,218.568,399.840,278.625,218.113,400.000,269.838,212.269,395.374,0.160,17.730,,,,,0,278.625,218.113,400.000,
1785142164.9010,PID,NORMAL_HOLD,326.10,237.92,316.00,279.298,218.478,399.531,278.625,218.113,400.000,269.515,212.453,396.845,0.469,8.326,,,,,0,278.625,218.113,400.000,
1785142164.9072,PID,NORMAL_HOLD,326.00,238.00,316.00,279.210,218.406,399.532,278.625,218.113,400.000,270.118,212.272,397.550,0.468,3.822,,,,,0,278.625,218.113,400.000,
1785142164.9115,PID,NORMAL_HOLD,326.50,237.89,316.00,279.666,218.508,399.529,278.625,218.113,400.000,267.615,211.415,397.901,0.471,1.585,,,,,0,278.625,218.113,400.000,
1785142164.9181,PID,NORMAL_HOLD,326.09,237.77,316.50,279.291,218.576,399.223,278.625,218.113,400.000,270.913,211.159,399.676,0.777,-9.429,,,,,0,278.625,218.113,400.000,
1785142164.9244,PID,NORMAL_HOLD,326.47,237.63,316.50,279.626,218.767,399.223,278.625,218.113,400.000,268.739,210.365,399.972,0.777,-11.069,,,,,0,278.625,218.113,400.000,
1785142164.9277,PID,NORMAL_HOLD,326.50,237.50,316.38,279.653,218.853,399.299,278.625,218.113,400.000,269.277,210.523,399.492,0.701,-7.904,,,,,0,278.625,218.113,400.000,
1785142164.9329,PID,NORMAL_HOLD,326.70,237.35,316.00,279.835,218.955,399.528,278.625,218.113,400.000,268.584,210.419,398.050,0.472,1.140,,,,,0,278.625,218.113,400.000,
1785142164.9402,PID,NORMAL_HOLD,326.50,237.37,316.50,279.649,218.954,399.223,278.625,218.113,400.000,270.360,210.979,399.027,0.777,-4.910,,,,,0,278.625,218.113,400.000,
1785142164.9437,PID,NORMAL_HOLD,326.50,237.37,316.00,279.648,218.977,399.531,278.625,218.113,400.000,270.234,211.129,397.770,0.469,2.943,,,,,0,278.625,218.113,400.000,
1785142164.9484,PID,NORMAL_HOLD,326.64,237.62,316.00,279.780,218.829,399.531,278.625,218.113,400.000,269.384,212.195,397.400,0.469,5.172,,,,,0,278.625,218.113,400.000,
1785142164.9552,PID,NORMAL_HOLD,326.50,237.68,315.78,279.656,218.739,399.665,278.625,218.113,400.000,270.408,212.377,396.707,0.335,9.359,,,,,0,278.625,218.113,400.000,
1785142164.9581,PID,NORMAL_HOLD,326.50,237.82,315.81,279.659,218.638,399.647,278.625,218.113,400.000,270.229,212.525,396.772,0.353,8.788,,,,,0,278.625,218.113,400.000,
1785142164.9637,PID,NORMAL_HOLD,326.50,237.89,315.50,279.664,218.544,399.837,278.625,218.113,400.000,270.131,212.614,396.098,0.163,12.773,,,,,0,278.625,218.113,400.000,
1785142164.9710,PID,NORMAL_HOLD,326.50,237.89,315.50,279.664,218.544,399.837,278.625,218.113,400.000,270.108,212.130,396.211,0.163,11.819,,,,,0,278.625,218.113,400.000,
1785142164.9722,PID,NORMAL_HOLD,326.67,237.72,316.50,279.814,218.678,399.221,278.625,218.113,400.000,269.265,211.144,399.650,0.779,-9.675,,,,,0,278.625,218.113,400.000,
1785142164.9782,PID,NORMAL_HOLD,326.50,237.63,316.50,279.653,218.792,399.224,278.625,218.113,400.000,270.517,210.758,400.498,0.776,-14.725,,,,,0,278.625,218.113,400.000,
1785142164.9854,PID,NORMAL_HOLD,326.50,237.37,316.00,279.651,218.936,399.529,278.625,218.113,400.000,270.316,210.335,398.995,0.471,-5.174,,,,,0,278.625,218.113,400.000,
1785142164.9909,PID,NORMAL_HOLD,326.69,237.28,316.00,279.825,219.029,399.529,278.625,218.113,400.000,269.267,210.433,398.380,0.471,-1.289,,,,,0,278.625,218.113,400.000,
1785142164.9940,PID,NORMAL_HOLD,326.50,237.11,316.18,279.641,219.176,399.421,278.625,218.113,400.000,270.634,210.179,398.703,0.579,-3.274,,,,,0,278.625,218.113,400.000,
1785142165.0004,PID,NORMAL_HOLD,326.50,237.11,316.00,279.640,219.194,399.531,278.625,218.113,400.000,270.369,210.709,398.167,0.469,0.094,,,,,0,278.625,218.113,400.000,
1785142165.0043,PID,NORMAL_HOLD,326.69,237.28,315.50,279.817,219.144,399.840,278.625,218.113,400.000,269.236,211.359,396.429,0.160,10.829,,,,,0,278.625,218.113,400.000,
1785142165.0077,PID,NORMAL_HOLD,326.50,237.32,315.46,279.647,219.009,399.865,278.625,218.113,400.000,270.605,212.178,396.040,0.135,13.010,,,,,0,278.625,218.113,400.000,
1785142165.0159,PID,NORMAL_HOLD,326.50,237.50,316.00,279.651,218.876,399.531,278.625,218.113,400.000,270.323,212.526,397.796,0.469,1.922,,,,,0,278.625,218.113,400.000,
1785142165.0203,PID,NORMAL_HOLD,326.26,237.68,315.97,279.439,218.730,399.552,278.625,218.113,400.000,271.381,212.843,398.320,0.448,-1.340,,,,,0,278.625,218.113,400.000,
1785142165.0240,PID,NORMAL_HOLD,326.31,237.72,316.00,279.480,218.681,399.532,278.625,218.113,400.000,270.514,212.513,398.596,0.468,-3.022,,,,,0,278.625,218.113,400.000,
1785142165.0327,PID,NORMAL_HOLD,326.13,237.76,316.45,279.319,218.663,399.256,278.625,218.113,400.000,271.200,212.156,399.919,0.744,-11.123,,,,,0,278.625,218.113,400.000,
1785142165.0349,PID,NORMAL_HOLD,326.27,237.54,316.99,279.446,218.818,398.924,278.625,218.113,400.000,269.985,211.018,401.748,1.076,-22.195,,,,,0,278.625,218.113,400.000,
1785142165.0382,PID,NORMAL_HOLD,326.50,237.37,317.10,279.650,218.949,398.852,278.625,218.113,400.000,268.909,210.546,402.318,1.148,-25.305,,,,,0,278.625,218.113,400.000,
1785142165.0452,PID,NORMAL_HOLD,326.69,237.28,316.00,279.827,219.011,399.528,278.625,218.113,400.000,268.509,210.684,398.656,0.472,-2.235,,,,,0,278.625,218.113,400.000,
1785142165.0486,PID,NORMAL_HOLD,326.50,237.18,316.44,279.641,219.140,399.261,278.625,218.113,400.000,270.290,210.379,398.586,0.739,-1.756,,,,,0,278.625,218.113,400.000,
1785142165.0535,PID,NORMAL_HOLD,326.53,237.11,316.39,279.665,219.175,399.290,278.625,218.113,400.000,270.052,210.722,398.385,0.710,-0.480,,,,,0,278.625,218.113,400.000,
1785142165.0621,PID,NORMAL_HOLD,326.54,237.19,316.00,279.680,219.159,399.532,278.625,218.113,400.000,269.978,211.174,397.134,0.468,7.249,,,,,0,278.625,218.113,400.000,
1785142165.0640,PID,NORMAL_HOLD,326.50,237.32,316.00,279.646,219.029,399.531,278.625,218.113,400.000,270.221,212.046,396.842,0.469,8.920,,,,,0,278.625,218.113,400.000,
1785142165.0688,PID,NORMAL_HOLD,326.50,237.37,315.90,279.649,218.960,399.590,278.625,218.113,400.000,270.131,212.155,396.728,0.410,9.442,,,,,0,278.625,218.113,400.000,
1785142165.0759,PID,NORMAL_HOLD,326.50,237.50,315.78,279.653,218.853,399.668,278.625,218.113,400.000,270.082,212.427,396.390,0.332,11.377,,,,,0,278.625,218.113,400.000,
1785142165.0804,PID,NORMAL_HOLD,326.26,237.68,316.50,279.438,218.746,399.225,278.625,218.113,400.000,271.269,212.577,398.723,0.775,-3.233,,,,,0,278.625,218.113,400.000,
1785142165.0833,PID,NORMAL_HOLD,326.13,237.76,316.50,279.318,218.674,399.226,278.625,218.113,400.000,271.368,212.474,399.479,0.774,-7.834,,,,,0,278.625,218.113,400.000,
1785142165.0892,PID,NORMAL_HOLD,326.35,237.53,317.46,279.518,218.828,398.631,278.625,218.113,400.000,269.672,211.181,402.468,1.369,-26.136,,,,,0,278.625,218.113,400.000,
1785142165.0953,PID,NORMAL_HOLD,326.50,237.37,317.00,279.650,218.949,398.915,278.625,218.113,400.000,269.126,210.666,401.521,1.085,-19.791,,,,,0,278.625,218.113,400.000,
1785142165.0991,PID,NORMAL_HOLD,326.13,237.24,317.00,279.310,218.996,398.916,278.625,218.113,400.000,271.449,210.832,400.771,1.084,-14.796,,,,,0,278.625,218.113,400.000,
1785142165.1061,PID,NORMAL_HOLD,326.50,237.18,317.45,279.646,219.075,398.636,278.625,218.113,400.000,268.932,210.721,401.562,1.364,-19.403,,,,,0,278.625,218.113,400.000,
1785142165.1100,PID,NORMAL_HOLD,326.50,237.18,317.18,279.642,219.135,398.807,278.625,218.113,400.000,269.527,210.773,400.557,1.193,-12.839,,,,,0,278.625,218.113,400.000,
1785142165.1142,PID,NORMAL_HOLD,326.50,237.11,317.19,279.640,219.192,398.800,278.625,218.113,400.000,269.812,210.803,399.934,1.200,-8.745,,,,,0,278.625,218.113,400.000,
1785142165.1214,PID,NORMAL_HOLD,326.13,237.24,317.45,279.307,219.043,398.640,278.625,218.113,400.000,271.900,211.994,400.308,1.360,-10.893,,,,,0,278.625,218.113,400.000,
1785142165.1249,PID,NORMAL_HOLD,326.30,237.36,317.00,279.462,218.949,398.916,278.625,218.113,400.000,270.188,212.258,398.883,1.084,-1.893,,,,,0,278.625,218.113,400.000,
1785142165.1293,PID,NORMAL_HOLD,326.10,237.67,317.99,279.288,218.743,398.311,278.625,218.113,400.000,271.143,213.048,401.340,1.689,-17.044,,,,,0,278.625,218.113,400.000,
1785142165.1357,PID,NORMAL_HOLD,326.00,237.84,317.50,279.204,218.533,398.609,278.625,218.113,400.000,271.089,213.379,400.316,1.391,-10.398,,,,,0,278.625,218.113,400.000,
1785142165.1385,PID,NORMAL_HOLD,325.53,237.89,318.00,278.768,218.486,398.302,278.625,218.113,400.000,273.287,212.794,401.260,1.698,-16.041,,,,,0,278.625,218.113,400.000,
1785142165.1434,PID,NORMAL_HOLD,325.54,237.81,318.50,278.783,218.519,397.993,278.625,218.113,400.000,271.723,212.033,402.697,2.007,-24.607,,,,,0,278.625,218.113,400.000,
1785142165.1508,PID,NORMAL_HOLD,325.74,237.71,318.71,278.961,218.619,397.862,278.625,218.113,400.000,270.055,211.289,403.191,2.138,-27.166,,,,,0,278.625,218.113,400.000,
1785142165.1552,PID,NORMAL_HOLD,326.00,237.61,319.50,279.194,218.747,397.378,278.625,218.113,400.000,268.856,210.728,404.863,2.622,-36.899,,,,,0,278.625,218.113,400.000,
1785142165.1584,PID,NORMAL_HOLD,326.00,237.53,319.50,279.193,218.784,397.377,278.625,218.113,400.000,269.534,210.947,405.173,2.623,-38.190,,,,,0,278.625,218.113,400.000,
1785142165.1656,PID,NORMAL_HOLD,326.06,237.45,319.37,279.244,218.859,397.460,278.625,218.113,400.000,269.584,210.832,403.772,2.540,-28.819,,,,,0,278.625,218.113,400.000,
1785142165.1706,PID,NORMAL_HOLD,326.10,237.35,319.37,279.286,218.909,397.459,278.625,218.113,400.000,269.650,210.894,402.673,2.541,-21.491,,,,,0,278.625,218.113,400.000,
1785142165.1752,PID,NORMAL_HOLD,326.05,237.41,319.00,279.237,218.881,397.685,278.625,218.113,400.000,270.190,211.366,400.692,2.315,-8.860,,,,,0,278.625,218.113,400.000,
1785142165.1819,PID,NORMAL_HOLD,326.10,237.71,318.50,279.287,218.703,397.995,278.625,218.113,400.000,269.917,212.429,398.294,2.005,6.115,,,,,0,278.625,218.113,400.000,
1785142165.1863,PID,NORMAL_HOLD,325.93,237.80,318.83,279.138,218.605,397.794,278.625,218.113,400.000,270.803,212.501,398.560,2.206,4.360,,,,,0,278.625,218.113,400.000,
1785142165.1891,PID,NORMAL_HOLD,326.14,237.90,318.50,279.333,218.506,397.993,278.625,218.113,400.000,269.281,212.682,397.714,2.007,9.522,,,,,0,278.625,218.113,400.000,
1785142165.1959,PID,NORMAL_HOLD,326.10,238.06,318.00,279.299,218.372,398.301,278.625,218.113,400.000,269.916,212.921,396.188,1.699,18.769,,,,,0,278.625,218.113,400.000,
1785142165.1984,PID,NORMAL_HOLD,326.00,238.00,318.00,279.213,218.345,398.298,278.625,218.113,400.000,270.520,212.446,396.128,1.702,18.785,,,,,0,278.625,218.113,400.000,
1785142165.2054,PID,NORMAL_HOLD,326.00,237.95,318.32,279.210,218.401,398.105,278.625,218.113,400.000,270.376,211.753,397.421,1.895,10.459,,,,,0,278.625,218.113,400.000,
1785142165.2122,PID,NORMAL_HOLD,326.10,237.92,318.50,279.295,218.498,397.993,278.625,218.113,400.000,269.821,211.177,398.652,2.007,2.674,,,,,0,278.625,218.113,400.000,
1785142165.2147,PID,NORMAL_HOLD,326.50,237.82,317.50,279.666,218.543,398.606,278.625,218.113,400.000,268.131,211.184,396.504,1.394,15.818,,,,,0,278.625,218.113,400.000,
1785142165.2214,PID,NORMAL_HOLD,326.44,237.76,317.50,279.604,218.593,398.606,278.625,218.113,400.000,269.481,211.095,395.709,1.394,20.468,,,,,0,278.625,218.113,400.000,
1785142165.2280,PID,NORMAL_HOLD,326.50,237.82,317.49,279.662,218.601,398.617,278.625,218.113,400.000,269.465,211.310,395.892,1.383,18.978,,,,,0,278.625,218.113,400.000,
1785142165.2294,PID,NORMAL_HOLD,326.09,237.77,316.56,279.289,218.608,399.187,278.625,218.113,400.000,271.852,211.422,393.600,0.813,32.786,,,,,0,278.625,218.113,400.000,
1785142165.2362,PID,NORMAL_HOLD,326.19,237.89,316.50,279.381,218.527,399.224,278.625,218.113,400.000,270.489,211.971,393.584,0.776,32.233,,,,,0,278.625,218.113,400.000,
1785142165.2428,PID,NORMAL_HOLD,326.00,238.00,316.04,279.210,218.399,399.508,278.625,218.113,400.000,271.267,212.518,392.549,0.492,38.072,,,,,0,278.625,218.113,400.000,
1785142165.2461,PID,NORMAL_HOLD,326.01,238.05,316.00,279.223,218.332,399.531,278.625,218.113,400.000,270.666,212.431,393.101,0.469,33.960,,,,,0,278.625,218.113,400.000,
1785142165.2495,PID,NORMAL_HOLD,326.02,238.09,316.35,279.231,218.308,399.315,278.625,218.113,400.000,270.384,212.211,395.248,0.685,20.043,,,,,0,278.625,218.113,400.000,
1785142165.2556,PID,NORMAL_HOLD,326.01,238.05,316.00,279.225,218.309,399.530,278.625,218.113,400.000,270.318,211.946,394.657,0.470,23.470,,,,,0,278.625,218.113,400.000,
1785142165.2606,PID,NORMAL_HOLD,326.00,238.00,317.00,279.207,218.430,398.917,278.625,218.113,400.000,270.359,211.129,398.334,1.083,0.361,,,,,0,278.625,218.113,400.000,
1785142165.2661,PID,NORMAL_HOLD,326.10,237.92,316.50,279.296,218.509,399.225,278.625,218.113,400.000,269.779,210.945,398.215,0.775,1.094,,,,,0,278.625,218.113,400.000,
1785142165.2729,PID,NORMAL_HOLD,326.14,237.71,316.00,279.329,218.641,399.531,278.625,218.113,400.000,269.788,210.546,396.727,0.469,10.250,,,,,0,278.625,218.113,400.000,
1785142165.2740,PID,NORMAL_HOLD,326.29,237.50,317.27,279.457,218.829,398.747,278.625,218.113,400.000,269.254,210.012,400.332,1.253,-12.214,,,,,0,278.625,218.113,400.000,
1785142165.2813,PID,NORMAL_HOLD,326.35,237.47,316.62,279.515,218.893,399.151,278.625,218.113,400.000,269.362,210.418,399.302,0.849,-5.623,,,,,0,278.625,218.113,400.000,
1785142165.2875,PID,NORMAL_HOLD,326.50,237.32,316.50,279.648,218.993,399.223,278.625,218.113,400.000,268.988,210.408,398.476,0.777,-0.426,,,,,0,278.625,218.113,400.000,
1785142165.2901,PID,NORMAL_HOLD,326.50,237.32,316.00,279.649,218.983,399.530,278.625,218.113,400.000,269.521,211.004,396.639,0.470,10.936,,,,,0,278.625,218.113,400.000,
1785142165.2953,PID,NORMAL_HOLD,326.29,237.39,316.00,279.461,218.916,399.531,278.625,218.113,400.000,270.906,211.645,396.263,0.469,13.048,,,,,0,278.625,218.113,400.000,
1785142165.3018,PID,NORMAL_HOLD,326.50,237.63,316.50,279.652,218.813,399.225,278.625,218.113,400.000,269.481,212.137,397.887,0.775,2.785,,,,,0,278.625,218.113,400.000,
1785142165.3073,PID,NORMAL_HOLD,326.29,237.50,316.20,279.459,218.798,399.406,278.625,218.113,400.000,270.835,211.919,397.693,0.594,3.926,,,,,0,278.625,218.113,400.000,
1785142165.3105,PID,NORMAL_HOLD,326.14,237.70,316.50,279.323,218.745,399.227,278.625,218.113,400.000,271.166,212.005,398.602,0.773,-1.769,,,,,0,278.625,218.113,400.000,
1785142165.3174,PID,NORMAL_HOLD,326.00,237.50,317.00,279.192,218.847,398.918,278.625,218.113,400.000,271.503,211.132,400.344,1.082,-12.484,,,,,0,278.625,218.113,400.000,
1785142165.3203,PID,NORMAL_HOLD,326.50,237.37,317.00,279.648,218.972,398.916,278.625,218.113,400.000,268.428,210.666,400.568,1.084,-13.598,,,,,0,278.625,218.113,400.000,
1785142165.3248,PID,NORMAL_HOLD,326.50,237.18,316.45,279.646,219.080,399.251,278.625,218.113,400.000,269.258,210.445,398.734,0.749,-2.001,,,,,0,278.625,218.113,400.000,
1785142165.3324,PID,NORMAL_HOLD,326.52,237.11,316.81,279.662,219.207,399.032,278.625,218.113,400.000,269.573,210.279,399.118,0.968,-4.326,,,,,0,278.625,218.113,400.000,
1785142165.3353,PID,NORMAL_HOLD,326.86,237.10,317.00,279.967,219.260,398.916,278.625,218.113,400.000,268.161,210.561,399.673,1.084,-7.653,,,,,0,278.625,218.113,400.000,
1785142165.3403,PID,NORMAL_HOLD,327.00,237.00,316.55,280.092,219.359,399.193,278.625,218.113,400.000,268.303,210.383,398.307,0.807,0.952,,,,,0,278.625,218.113,400.000,
1785142165.3489,PID,NORMAL_HOLD,327.00,237.00,316.04,280.092,219.352,399.507,278.625,218.113,400.000,269.112,210.919,396.439,0.493,12.454,,,,,0,278.625,218.113,400.000,
1785142165.3501,PID,NORMAL_HOLD,326.87,237.22,316.00,279.983,219.138,399.529,278.625,218.113,400.000,270.097,212.282,396.055,0.471,14.559,,,,,0,278.625,218.113,400.000,
1785142165.3556,PID,NORMAL_HOLD,327.00,237.26,316.00,280.106,219.059,399.527,278.625,218.113,400.000,269.281,212.341,396.001,0.473,14.660,,,,,0,278.625,218.113,400.000,
1785142165.3626,PID,NORMAL_HOLD,327.00,237.41,315.78,280.112,218.916,399.664,278.625,218.113,400.000,269.567,212.688,395.777,0.336,15.767,,,,,0,278.625,218.113,400.000,
1785142165.3655,PID,NORMAL_HOLD,327.00,237.50,316.38,280.109,218.919,399.298,278.625,218.113,400.000,269.754,212.081,397.756,0.702,3.273,,,,,0,278.625,218.113,400.000,
1785142165.3720,PID,NORMAL_HOLD,326.63,237.51,316.50,279.767,218.875,399.223,278.625,218.113,400.000,271.771,212.042,398.952,0.777,-4.168,,,,,0,278.625,218.113,400.000,
1785142165.3791,PID,NORMAL_HOLD,327.00,237.33,316.90,280.108,219.013,398.977,278.625,218.113,400.000,269.031,211.019,400.420,1.023,-13.139,,,,,0,278.625,218.113,400.000,
1785142165.3809,PID,NORMAL_HOLD,327.00,237.21,316.46,280.106,219.076,399.246,278.625,218.113,400.000,269.479,210.903,399.380,0.754,-6.474,,,,,0,278.625,218.113,400.000,
1785142165.3857,PID,NORMAL_HOLD,327.00,237.21,316.83,280.104,219.113,399.020,278.625,218.113,400.000,269.710,210.966,399.979,0.980,-10.055,,,,,0,278.625,218.113,400.000,
1785142165.3939,PID,NORMAL_HOLD,327.14,237.10,316.79,280.228,219.241,399.040,278.625,218.113,400.000,269.176,210.550,399.779,0.960,-8.613,,,,,0,278.625,218.113,400.000,
1785142165.3975,PID,NORMAL_HOLD,327.14,237.10,316.50,280.227,219.242,399.221,278.625,218.113,400.000,269.527,210.969,398.688,0.779,-1.715,,,,,0,278.625,218.113,400.000,
1785142165.4031,PID,NORMAL_HOLD,327.00,237.18,316.54,280.096,219.232,399.201,278.625,218.113,400.000,270.491,211.245,398.345,0.799,0.438,,,,,0,278.625,218.113,400.000,
1785142165.4096,PID,NORMAL_HOLD,327.09,237.22,316.50,280.190,219.109,399.220,278.625,218.113,400.000,269.686,212.005,398.164,0.780,1.550,,,,,0,278.625,218.113,400.000,
1785142165.4108,PID,NORMAL_HOLD,327.00,237.33,316.47,280.110,218.974,399.239,278.625,218.113,400.000,270.246,212.501,398.024,0.761,2.391,,,,,0,278.625,218.113,400.000,
1785142165.4180,PID,NORMAL_HOLD,326.81,237.50,316.65,279.941,218.854,399.127,278.625,218.113,400.000,271.020,212.658,398.585,0.873,-1.115,,,,,0,278.625,218.113,400.000,
1785142165.4238,PID,NORMAL_HOLD,326.90,237.67,317.00,280.021,218.769,398.915,278.625,218.113,400.000,270.038,212.567,399.740,1.085,-8.208,,,,,0,278.625,218.113,400.000,
1785142165.4287,PID,NORMAL_HOLD,326.64,237.62,317.46,279.782,218.801,398.631,278.625,218.113,400.000,271.298,211.883,401.392,1.369,-18.253,,,,,0,278.625,218.113,400.000,
1785142165.4339,PID,NORMAL_HOLD,326.71,237.50,317.50,279.849,218.878,398.608,278.625,218.113,400.000,270.321,211.325,401.437,1.392,-18.132,,,,,0,278.625,218.113,400.000,
1785142165.4390,PID,NORMAL_HOLD,326.86,237.30,317.00,279.980,219.002,398.913,278.625,218.113,400.000,269.347,210.660,399.689,1.087,-6.992,,,,,0,278.625,218.113,400.000,
1785142165.4421,PID,NORMAL_HOLD,326.86,237.29,317.46,279.980,219.030,398.633,278.625,218.113,400.000,269.643,210.922,400.185,1.367,-9.894,,,,,0,278.625,218.113,400.000,
1785142165.4477,PID,NORMAL_HOLD,326.98,237.10,317.44,280.084,219.199,398.643,278.625,218.113,400.000,269.121,210.095,400.297,1.357,-10.423,,,,,0,278.625,218.113,400.000,
1785142165.4544,PID,NORMAL_HOLD,326.50,237.11,317.44,279.641,219.171,398.645,278.625,218.113,400.000,272.002,210.907,400.006,1.355,-8.430,,,,,0,278.625,218.113,400.000,
1785142165.4575,PID,NORMAL_HOLD,326.54,237.19,317.45,279.686,219.087,398.638,278.625,218.113,400.000,270.802,211.586,399.712,1.362,-6.446,,,,,0,278.625,218.113,400.000,
1785142165.4608,PID,NORMAL_HOLD,326.50,237.32,317.20,279.647,219.003,398.790,278.625,218.113,400.000,270.653,212.034,398.711,1.210,-0.136,,,,,0,278.625,218.113,400.000,
1785142165.4676,PID,NORMAL_HOLD,326.50,237.37,317.00,279.651,218.931,398.914,278.625,218.113,400.000,270.328,212.108,397.839,1.086,5.243,,,,,0,278.625,218.113,400.000,
1785142165.4702,PID,NORMAL_HOLD,326.14,237.70,317.30,279.325,218.705,398.736,278.625,218.113,400.000,272.319,213.278,398.484,1.264,1.160,,,,,0,278.625,218.113,400.000,
1785142165.4785,PID,NORMAL_HOLD,326.00,237.72,317.50,279.195,218.705,398.611,278.625,218.113,400.000,271.946,212.419,399.340,1.389,-4.141,,,,,0,278.625,218.113,400.000,
1785142165.4851,PID,NORMAL_HOLD,326.00,237.69,317.46,279.194,218.737,398.634,278.625,218.113,400.000,271.067,211.827,399.419,1.366,-4.542,,,,,0,278.625,218.113,400.000,
1785142165.4885,PID,NORMAL_HOLD,326.00,237.61,317.77,279.192,218.792,398.446,278.625,218.113,400.000,270.634,211.347,400.292,1.554,-9.847,,,,,0,278.625,218.113,400.000,
1785142165.4942,PID,NORMAL_HOLD,325.95,237.32,317.00,279.146,218.969,398.918,278.625,218.113,400.000,270.639,210.531,398.170,1.082,3.419,,,,,0,278.625,218.113,400.000,
1785142165.5008,PID,NORMAL_HOLD,326.00,237.28,317.44,279.182,219.069,398.649,278.625,218.113,400.000,270.220,210.455,398.747,1.351,-0.208,,,,,0,278.625,218.113,400.000,
1785142165.5024,PID,NORMAL_HOLD,326.46,237.19,317.17,279.600,219.153,398.812,278.625,218.113,400.000,267.609,210.433,398.150,1.188,3.483,,,,,0,278.625,218.113,400.000,
1785142165.5082,PID,NORMAL_HOLD,326.47,237.11,317.00,279.615,219.201,398.917,278.625,218.113,400.000,268.746,210.654,397.482,1.083,7.551,,,,,0,278.625,218.113,400.000,
1785142165.5164,PID,NORMAL_HOLD,326.00,237.24,316.00,279.186,219.038,399.534,278.625,218.113,400.000,270.667,211.512,396.201,0.466,14.902,,,,,0,278.625,218.113,400.000,
1785142165.5206,PID,NORMAL_HOLD,326.00,237.33,316.00,279.192,218.928,399.532,278.625,218.113,400.000,270.392,212.095,394.786,0.468,23.372,,,,,0,278.625,218.113,400.000,
1785142165.5270,PID,NORMAL_HOLD,326.00,237.50,316.27,279.194,218.821,399.364,278.625,218.113,400.000,270.268,212.377,395.651,0.636,17.599,,,,,0,278.625,218.113,400.000,
1785142165.5348,PID,NORMAL_HOLD,325.90,237.72,316.00,279.102,218.748,399.537,278.625,218.113,400.000,270.738,212.357,395.577,0.463,17.717,,,,,0,278.625,218.113,400.000,
1785142165.5366,PID,NORMAL_HOLD,325.86,237.70,316.77,279.064,218.750,399.063,278.625,218.113,400.000,270.691,211.936,398.239,0.937,0.951,,,,,0,278.625,218.113,400.000,
1785142165.5412,PID,NORMAL_HOLD,326.00,237.50,316.50,279.190,218.870,399.227,278.625,218.113,400.000,269.741,211.069,398.387,0.773,0.021,,,,,0,278.625,218.113,400.000,
1785142165.5497,PID,NORMAL_HOLD,325.95,237.32,316.00,279.147,218.974,399.534,278.625,218.113,400.000,270.180,210.755,397.007,0.466,8.529,,,,,0,278.625,218.113,400.000,
1785142165.5524,PID,NORMAL_HOLD,326.10,237.28,316.45,279.277,219.015,399.254,278.625,218.113,400.000,269.394,210.863,398.009,0.746,2.191,,,,,0,278.625,218.113,400.000,
1785142165.5597,PID,NORMAL_HOLD,326.46,237.19,316.39,279.601,219.137,399.291,278.625,218.113,400.000,267.963,210.481,398.250,0.709,0.660,,,,,0,278.625,218.113,400.000,
1785142165.5688,PID,NORMAL_HOLD,326.09,237.23,316.19,279.273,219.053,399.416,278.625,218.113,400.000,269.863,211.170,398.025,0.584,1.979,,,,,0,278.625,218.113,400.000,
1785142165.5719,PID,NORMAL_HOLD,326.00,237.46,315.50,279.192,218.872,399.842,278.625,218.113,400.000,270.601,212.652,395.556,0.158,17.223,,,,,0,278.625,218.113,400.000,
1785142165.5798,PID,NORMAL_HOLD,326.05,237.68,315.91,279.238,218.729,399.590,278.625,218.113,400.000,270.131,212.878,396.393,0.410,11.734,,,,,0,278.625,218.113,400.000,
1785142165.5859,PID,NORMAL_HOLD,326.00,237.79,315.50,279.205,218.568,399.840,278.625,218.113,400.000,270.323,213.086,395.784,0.160,15.272,,,,,0,278.625,218.113,400.000,
1785142165.5889,PID,NORMAL_HOLD,325.86,237.90,316.00,279.076,218.506,399.534,278.625,218.113,400.000,270.968,212.687,397.364,0.466,5.235,,,,,0,278.625,218.113,400.000,
1785142165.5925,PID,NORMAL_HOLD,325.50,238.00,315.50,278.747,218.447,399.846,278.625,218.113,400.000,272.496,212.488,396.550,0.154,10.162,,,,,0,278.625,218.113,400.000,
1785142165.6009,PID,NORMAL_HOLD,326.00,237.79,316.45,279.198,218.644,399.257,278.625,218.113,400.000,268.925,210.982,399.317,0.743,-7.103,,,,,0,278.625,218.113,400.000,
1785142165.6031,PID,NORMAL_HOLD,326.00,237.79,316.50,279.198,218.645,399.227,278.625,218.113,400.000,269.547,211.271,400.329,0.773,-13.224,,,,,0,278.625,218.113,400.000,
1785142165.6099,PID,NORMAL_HOLD,326.00,237.72,316.80,279.196,218.696,399.040,278.625,218.113,400.000,269.868,211.150,401.186,0.960,-18.237,,,,,0,278.625,218.113,400.000,
1785142165.6164,PID,NORMAL_HOLD,326.10,237.71,316.00,279.287,218.721,399.534,278.625,218.113,400.000,269.473,211.198,398.721,0.466,-2.678,,,,,0,278.625,218.113,400.000,
1785142165.6182,PID,NORMAL_HOLD,326.09,237.77,316.00,279.284,218.679,399.535,278.625,218.113,400.000,269.826,211.616,397.806,0.465,3.021,,,,,0,278.625,218.113,400.000,
1785142165.6218,PID,NORMAL_HOLD,326.09,237.78,315.83,279.285,218.641,399.641,278.625,218.113,400.000,269.976,211.794,397.108,0.359,7.260,,,,,0,278.625,218.113,400.000,
1785142165.6288,PID,NORMAL_HOLD,325.50,238.00,315.50,278.747,218.447,399.846,278.625,218.113,400.000,273.100,212.774,395.854,0.154,14.893,,,,,0,278.625,218.113,400.000,
1785142165.6319,PID,NORMAL_HOLD,326.00,238.00,315.50,279.213,218.364,399.838,278.625,218.113,400.000,269.336,212.622,395.869,0.162,14.523,,,,,0,278.625,218.113,400.000,
1785142165.6374,PID,NORMAL_HOLD,326.00,238.06,315.50,279.217,218.291,399.837,278.625,218.113,400.000,269.726,212.595,396.211,0.163,12.136,,,,,0,278.625,218.113,400.000,
1785142165.6450,PID,NORMAL_HOLD,325.53,238.11,316.00,278.780,218.259,399.534,278.625,218.113,400.000,272.348,212.309,398.082,0.466,0.362,,,,,0,278.625,218.113,400.000,
1785142165.6493,PID,NORMAL_HOLD,325.53,238.11,316.50,278.778,218.274,399.226,278.625,218.113,400.000,271.330,211.910,400.075,0.774,-11.905,,,,,0,278.625,218.113,400.000,
1785142165.6527,PID,NORMAL_HOLD,326.00,238.00,316.50,279.211,218.384,399.223,278.625,218.113,400.000,268.374,211.175,400.791,0.777,-16.137,,,,,0,278.625,218.113,400.000,
1785142165.6592,PID,NORMAL_HOLD,326.00,237.95,316.50,279.205,218.491,399.226,278.625,218.113,400.000,269.302,210.822,400.559,0.774,-14.399,,,,,0,278.625,218.113,400.000,
1785142165.6645,PID,NORMAL_HOLD,326.00,237.79,316.50,279.204,218.563,399.224,278.625,218.113,400.000,269.735,210.815,400.161,0.776,-11.666,,,,,0,278.625,218.113,400.000,
1785142165.6696,PID,NORMAL_HOLD,326.46,237.81,316.49,279.621,218.605,399.229,278.625,218.113,400.000,267.860,210.990,399.738,0.771,-8.839,,,,,0,278.625,218.113,400.000,
1785142165.6768,PID,NORMAL_HOLD,326.00,237.79,316.44,279.202,218.595,399.262,278.625,218.113,400.000,271.488,211.347,399.234,0.738,-5.559,,,,,0,278.625,218.113,400.000,
1785142165.6788,PID,NORMAL_HOLD,326.00,237.79,316.00,279.202,218.599,399.533,278.625,218.113,400.000,270.825,211.437,397.613,0.467,4.553,,,,,0,278.625,218.113,400.000,
1785142165.6822,PID,NORMAL_HOLD,326.00,238.00,315.50,279.211,218.394,399.839,278.625,218.113,400.000,270.443,212.658,395.807,0.161,15.577,,,,,0,278.625,218.113,400.000,
1785142165.6884,PID,NORMAL_HOLD,326.00,238.00,316.00,279.213,218.356,399.530,278.625,218.113,400.000,270.288,212.363,396.895,0.470,8.575,,,,,0,278.625,218.113,400.000,
1785142165.6917,PID,NORMAL_HOLD,325.53,238.11,316.00,278.782,218.241,399.533,278.625,218.113,400.000,272.567,212.630,397.466,0.467,4.897,,,,,0,278.625,218.113,400.000,
1785142165.6966,PID,NORMAL_HOLD,325.50,238.18,316.00,278.757,218.224,399.535,278.625,218.113,400.000,271.569,212.254,397.771,0.465,2.921,,,,,0,278.625,218.113,400.000,
1785142165.7036,PID,NORMAL_HOLD,325.50,238.11,316.50,278.755,218.276,399.226,278.625,218.113,400.000,270.944,211.693,399.462,0.774,-7.573,,,,,0,278.625,218.113,400.000,
1785142165.7068,PID,NORMAL_HOLD,326.00,238.00,316.84,279.208,218.419,399.018,278.625,218.113,400.000,268.077,210.879,400.655,0.982,-14.736,,,,,0,278.625,218.113,400.000,
1785142165.7145,PID,NORMAL_HOLD,326.00,238.00,316.50,279.205,218.466,399.226,278.625,218.113,400.000,269.137,210.984,399.954,0.774,-10.142,,,,,0,278.625,218.113,400.000,
1785142165.7214,PID,NORMAL_HOLD,325.54,237.81,316.00,278.786,218.532,399.535,278.625,218.113,400.000,271.927,210.941,397.962,0.465,2.336,,,,,0,278.625,218.113,400.000,
1785142165.7247,PID,NORMAL_HOLD,325.90,237.72,315.50,279.114,218.597,399.840,278.625,218.113,400.000,269.273,210.908,395.825,0.160,15.485,,,,,0,278.625,218.113,400.000,
1785142165.7284,PID,NORMAL_HOLD,325.86,237.71,315.89,279.070,218.693,399.603,278.625,218.113,400.000,269.977,210.702,396.550,0.397,10.723,,,,,0,278.625,218.113,400.000,
1785142165.7353,PID,NORMAL_HOLD,325.87,237.76,315.50,279.077,218.667,399.844,278.625,218.113,400.000,270.051,211.268,395.925,0.156,14.371,,,,,0,278.625,218.113,400.000,
1785142165.7381,PID,NORMAL_HOLD,325.91,237.86,315.00,279.125,218.534,400.149,278.625,218.113,400.000,269.878,212.096,394.729,-0.149,21.433,,,,,0,278.625,218.113,400.000,
1785142165.7432,PID,NORMAL_HOLD,325.65,237.94,315.50,278.881,218.482,399.844,278.625,218.113,400.000,271.524,212.160,396.069,0.156,12.777,,,,,0,278.625,218.113,400.000,
1785142165.7503,PID,NORMAL_HOLD,326.00,238.00,315.29,279.209,218.428,399.972,278.625,218.113,400.000,269.059,212.188,396.256,0.028,11.378,,,,,0,278.625,218.113,400.000,
1785142165.7548,PID,NORMAL_HOLD,326.00,238.00,316.00,279.205,218.469,399.534,278.625,218.113,400.000,269.628,211.682,398.391,0.466,-1.936,,,,,0,278.625,218.113,400.000,
1785142165.7589,PID,NORMAL_HOLD,325.50,237.89,315.80,278.744,218.514,399.662,278.625,218.113,400.000,272.469,211.395,398.853,0.338,-4.786,,,,,0,278.625,218.113,400.000,
1785142165.7665,PID,NORMAL_HOLD,325.90,237.72,316.46,279.104,218.725,399.251,278.625,218.113,400.000,269.496,210.391,400.747,0.749,-16.373,,,,,0,278.625,218.113,400.000,
1785142165.7693,PID,NORMAL_HOLD,325.71,237.41,316.00,278.922,218.903,399.536,278.625,218.113,400.000,270.934,209.892,399.695,0.464,-9.571,,,,,0,278.625,218.113,400.000,
1785142165.7732,PID,NORMAL_HOLD,326.00,237.28,316.44,279.182,219.074,399.265,278.625,218.113,400.000,269.166,209.756,400.512,0.735,-14.458,,,,,0,278.625,218.113,400.000,
1785142165.7826,PID,NORMAL_HOLD,326.24,237.20,316.50,279.402,219.179,399.228,278.625,218.113,400.000,268.422,209.998,400.607,0.772,-14.774,,,,,0,278.625,218.113,400.000,
1785142165.7842,PID,NORMAL_HOLD,326.19,237.11,316.20,279.354,219.223,399.412,278.625,218.113,400.000,269.532,210.452,399.413,0.588,-7.124,,,,,0,278.625,218.113,400.000,
1785142165.7896,PID,NORMAL_HOLD,326.00,237.00,316.00,279.173,219.319,399.537,278.625,218.113,400.000,270.841,210.379,398.265,0.463,0.085,,,,,0,278.625,218.113,400.000,
1785142165.7994,PID,NORMAL_HOLD,326.47,237.11,316.83,279.621,219.120,399.019,278.625,218.113,400.000,269.199,211.445,399.379,0.981,-6.559,,,,,0,278.625,218.113,400.000,
1785142165.8042,PID,NORMAL_HOLD,326.14,237.29,317.00,279.315,218.992,398.917,278.625,218.113,400.000,271.269,212.125,400.783,1.083,-15.099,,,,,0,278.625,218.113,400.000,
1785142165.8081,PID,NORMAL_HOLD,326.41,237.23,318.00,279.564,219.039,398.300,278.625,218.113,400.000,269.231,211.510,403.959,1.700,-34.417,,,,,0,278.625,218.113,400.000,
1785142165.8165,PID,NORMAL_HOLD,326.13,237.24,318.45,279.307,219.028,398.022,278.625,218.113,400.000,271.063,211.536,405.405,1.978,-42.634,,,,,0,278.625,218.113,400.000,
1785142165.8192,PID,NORMAL_HOLD,326.55,237.18,318.50,279.682,219.168,397.995,278.625,218.113,400.000,268.521,210.716,405.459,2.005,-42.213,,,,,0,278.625,218.113,400.000,
1785142165.8240,PID,NORMAL_HOLD,326.50,237.11,319.00,279.637,219.229,397.688,278.625,218.113,400.000,269.522,210.709,405.837,2.312,-43.738,,,,,0,278.625,218.113,400.000,
1785142165.8331,PID,NORMAL_HOLD,326.50,237.00,319.00,279.637,219.278,397.687,278.625,218.113,400.000,269.775,210.775,404.967,2.313,-37.532,,,,,0,278.625,218.113,400.000,
1785142165.8351,PID,NORMAL_HOLD,326.85,237.00,319.45,279.956,219.339,397.411,278.625,218.113,400.000,268.115,210.727,405.290,2.589,-38.839,,,,,0,278.625,218.113,400.000,
1785142165.8383,PID,NORMAL_HOLD,326.50,237.00,319.43,279.633,219.322,397.426,278.625,218.113,400.000,270.794,211.129,404.283,2.574,-31.864,,,,,0,278.625,218.113,400.000,
1785142165.8452,PID,NORMAL_HOLD,326.86,237.10,319.50,279.975,219.163,397.378,278.625,218.113,400.000,268.470,212.139,403.497,2.622,-26.403,,,,,0,278.625,218.113,400.000,
1785142165.8496,PID,NORMAL_HOLD,327.00,237.28,319.46,280.109,219.031,397.404,278.625,218.113,400.000,268.513,212.436,402.525,2.596,-19.905,,,,,0,278.625,218.113,400.000,
1785142165.8532,PID,NORMAL_HOLD,326.50,237.50,319.78,279.654,218.832,397.208,278.625,218.113,400.000,272.041,213.181,402.850,2.792,-21.576,,,,,0,278.625,218.113,400.000,
1785142165.8600,PID,NORMAL_HOLD,326.50,237.50,320.00,279.661,218.736,397.067,278.625,218.113,400.000,270.989,212.875,402.991,2.933,-22.020,,,,,0,278.625,218.113,400.000,
1785142165.8629,PID,NORMAL_HOLD,326.50,237.76,320.44,279.662,218.610,396.799,278.625,218.113,400.000,270.494,212.864,403.835,3.201,-26.794,,,,,0,278.625,218.113,400.000,
1785142165.8707,PID,NORMAL_HOLD,326.41,237.77,321.00,279.577,218.631,396.456,278.625,218.113,400.000,270.755,212.086,405.350,3.544,-35.667,,,,,0,278.625,218.113,400.000,
1785142165.8785,PID,NORMAL_HOLD,326.50,237.76,320.50,279.658,218.670,396.764,278.625,218.113,400.000,269.940,211.604,403.496,3.236,-23.545,,,,,0,278.625,218.113,400.000,
1785142165.8816,PID,NORMAL_HOLD,326.18,237.60,320.88,279.356,218.744,396.531,278.625,218.113,400.000,271.604,211.171,403.294,3.469,-21.809,,,,,0,278.625,218.113,400.000,
1785142165.8863,PID,NORMAL_HOLD,326.17,237.50,320.19,279.347,218.799,396.950,278.625,218.113,400.000,270.901,211.049,400.734,3.050,-5.572,,,,,0,278.625,218.113,400.000,
1785142165.8930,PID,NORMAL_HOLD,326.50,237.50,320.42,279.654,218.829,396.815,278.625,218.113,400.000,268.810,211.110,400.416,3.185,-3.500,,,,,0,278.625,218.113,400.000,
1785142165.8945,PID,NORMAL_HOLD,326.00,237.61,319.50,279.193,218.762,397.379,278.625,218.113,400.000,272.125,211.697,397.494,2.621,14.613,,,,,0,278.625,218.113,400.000,
1785142165.8999,PID,NORMAL_HOLD,325.90,237.71,319.00,279.105,218.668,397.686,278.625,218.113,400.000,271.618,212.122,395.340,2.314,27.631,,,,,0,278.625,218.113,400.000,
1785142165.9065,PID,NORMAL_HOLD,325.50,237.82,318.50,278.743,218.516,397.993,278.625,218.113,400.000,273.005,212.717,393.653,2.007,37.539,,,,,0,278.625,218.113,400.000,
1785142165.9091,PID,NORMAL_HOLD,325.00,238.00,318.05,278.291,218.311,398.269,278.625,218.113,400.000,274.157,213.290,392.662,1.731,42.938,,,,,0,278.625,218.113,400.000,
1785142165.9141,PID,NORMAL_HOLD,325.50,238.00,318.50,278.750,218.337,397.992,278.625,218.113,400.000,269.802,212.328,394.565,2.008,30.399,,,,,0,278.625,218.113,400.000,
1785142165.9216,PID,NORMAL_HOLD,325.02,238.09,318.07,278.310,218.246,398.261,278.625,218.113,400.000,272.567,212.506,394.576,1.739,29.779,,,,,0,278.625,218.113,400.000,
1785142165.9245,PID,NORMAL_HOLD,325.00,238.00,318.50,278.291,218.299,397.992,278.625,218.113,400.000,271.597,211.797,396.570,2.008,16.923,,,,,0,278.625,218.113,400.000,
1785142165.9298,PID,NORMAL_HOLD,325.50,238.00,318.50,278.743,218.431,397.995,278.625,218.113,400.000,268.481,210.987,397.646,2.005,9.974,,,,,0,278.625,218.113,400.000,
1785142165.9370,PID,NORMAL_HOLD,325.14,237.90,317.50,278.413,218.463,398.612,278.625,218.113,400.000,271.241,211.120,395.302,1.388,24.251,,,,,0,278.625,218.113,400.000,
1785142165.9402,PID,NORMAL_HOLD,325.41,237.77,316.81,278.659,218.571,399.039,278.625,218.113,400.000,269.435,210.757,393.146,0.961,37.059,,,,,0,278.625,218.113,400.000,
1785142165.9457,PID,NORMAL_HOLD,325.59,237.77,317.50,278.819,218.654,398.613,278.625,218.113,400.000,268.979,210.698,395.044,1.387,24.671,,,,,0,278.625,218.113,400.000,
1785142165.9524,PID,NORMAL_HOLD,325.31,237.72,316.00,278.559,218.674,399.540,278.625,218.113,400.000,270.382,211.062,392.215,0.460,41.587,,,,,0,278.625,218.113,400.000,
1785142165.9572,PID,NORMAL_HOLD,325.09,237.86,316.00,278.361,218.573,399.542,278.625,218.113,400.000,271.438,211.849,391.840,0.458,43.132,,,,,0,278.625,218.113,400.000,
1785142165.9633,PID,NORMAL_HOLD,325.50,237.89,315.50,278.746,218.496,399.845,278.625,218.113,400.000,268.701,212.155,391.345,0.155,45.356,,,,,0,278.625,218.113,400.000,
1785142165.9702,PID,NORMAL_HOLD,325.00,238.00,315.45,278.293,218.355,399.879,278.625,218.113,400.000,271.999,212.650,391.654,0.121,42.668,,,,,0,278.625,218.113,400.000,
1785142165.9732,PID,NORMAL_HOLD,325.00,238.00,315.81,278.289,218.392,399.659,278.625,218.113,400.000,271.229,211.951,393.991,0.341,27.447,,,,,0,278.625,218.113,400.000,
1785142165.9780,PID,NORMAL_HOLD,325.50,237.89,316.00,278.746,218.493,399.536,278.625,218.113,400.000,268.062,211.175,396.019,0.464,14.421,,,,,0,278.625,218.113,400.000,
1785142165.9845,PID,NORMAL_HOLD,325.13,237.76,316.46,278.397,218.667,399.255,278.625,218.113,400.000,270.944,210.501,397.807,0.745,3.272,,,,,0,278.625,218.113,400.000,
1785142165.9893,PID,NORMAL_HOLD,325.50,237.50,316.00,278.733,218.828,399.537,278.625,218.113,400.000,268.668,210.064,397.591,0.463,4.543,,,,,0,278.625,218.113,400.000,
1785142165.9962,PID,NORMAL_HOLD,325.86,237.30,316.44,279.053,219.056,399.266,278.625,218.113,400.000,267.651,209.478,398.915,0.734,-3.705,,,,,0,278.625,218.113,400.000,
1785142166.0035,PID,NORMAL_HOLD,326.00,237.21,316.50,279.180,219.135,399.228,278.625,218.113,400.000,268.319,210.068,399.427,0.772,-6.776,,,,,0,278.625,218.113,400.000,
1785142166.0062,PID,NORMAL_HOLD,325.87,237.22,316.20,279.061,219.148,399.413,278.625,218.113,400.000,269.620,210.691,398.625,0.587,-1.704,,,,,0,278.625,218.113,400.000,
1785142166.0133,PID,NORMAL_HOLD,325.87,237.24,316.50,279.063,219.055,399.227,278.625,218.113,400.000,269.890,211.561,399.282,0.773,-5.744,,,,,0,278.625,218.113,400.000,
1785142166.0192,PID,NORMAL_HOLD,325.83,237.29,316.45,279.026,218.999,399.256,278.625,218.113,400.000,270.237,211.788,399.176,0.744,-4.981,,,,,0,278.625,218.113,400.000,
1785142166.0228,PID,NORMAL_HOLD,325.86,237.30,316.50,279.062,218.933,399.225,278.625,218.113,400.000,270.022,211.974,399.170,0.775,-4.842,,,,,0,278.625,218.113,400.000,
1785142166.0278,PID,NORMAL_HOLD,325.86,237.29,317.79,279.059,218.999,398.430,278.625,218.113,400.000,270.128,211.319,403.231,1.570,-29.887,,,,,0,278.625,218.113,400.000,
1785142166.0346,PID,NORMAL_HOLD,325.98,237.09,318.44,279.159,219.211,398.033,278.625,218.113,400.000,269.633,210.273,403.351,1.967,-29.502,,,,,0,278.625,218.113,400.000,
1785142166.0393,PID,NORMAL_HOLD,326.00,237.00,318.50,279.170,219.330,397.998,278.625,218.113,400.000,269.830,210.125,404.711,2.002,-37.373,,,,,0,278.625,218.113,400.000,
1785142166.0464,PID,NORMAL_HOLD,326.00,236.91,318.60,279.166,219.421,397.938,278.625,218.113,400.000,270.014,210.244,404.554,2.062,-35.698,,,,,0,278.625,218.113,400.000,
1785142166.0531,PID,NORMAL_HOLD,326.45,236.81,318.55,279.584,219.501,397.969,278.625,218.113,400.000,268.821,210.532,403.506,2.031,-28.550,,,,,0,278.625,218.113,400.000,
1785142166.0574,PID,NORMAL_HOLD,326.50,236.89,318.00,279.624,219.491,398.306,278.625,218.113,400.000,269.200,210.962,400.917,1.694,-12.037,,,,,0,278.625,218.113,400.000,
1785142166.0623,PID,NORMAL_HOLD,326.10,236.92,318.00,279.258,219.421,398.306,278.625,218.113,400.000,271.634,211.508,399.700,1.694,-4.296,,,,,0,278.625,218.113,400.000,
1785142166.0689,PID,NORMAL_HOLD,326.00,237.00,318.46,279.171,219.328,398.025,278.625,218.113,400.000,271.366,211.923,400.521,1.975,-9.269,,,,,0,278.625,218.113,400.000,
1785142166.0731,PID,NORMAL_HOLD,325.83,237.29,318.00,279.024,219.011,398.303,278.625,218.113,400.000,271.598,213.438,399.259,1.697,-1.302,,,,,0,278.625,218.113,400.000,
1785142166.0781,PID,NORMAL_HOLD,325.50,237.50,318.50,278.728,218.851,397.996,278.625,218.113,400.000,272.560,213.335,400.284,2.004,-7.600,,,,,0,278.625,218.113,400.000,
1785142166.0842,PID,NORMAL_HOLD,325.50,237.37,319.10,278.727,218.909,397.626,278.625,218.113,400.000,271.430,212.091,402.191,2.374,-19.200,,,,,0,278.625,218.113,400.000,
1785142166.0867,PID,NORMAL_HOLD,325.86,237.30,319.00,279.060,218.938,397.685,278.625,218.113,400.000,268.961,211.607,402.241,2.315,-19.154,,,,,0,278.625,218.113,400.000,
1785142166.0942,PID,NORMAL_HOLD,325.50,237.24,319.00,278.725,218.987,397.686,278.625,218.113,400.000,271.478,211.250,401.806,2.314,-16.105,,,,,0,278.625,218.113,400.000,
1785142166.1009,PID,NORMAL_HOLD,325.50,237.18,318.88,278.722,219.048,397.762,278.625,218.113,400.000,270.897,211.006,400.903,2.238,-10.217,,,,,0,278.625,218.113,400.000,
1785142166.1035,PID,NORMAL_HOLD,325.50,237.18,319.00,278.718,219.111,397.689,278.625,218.113,400.000,270.616,210.885,400.746,2.311,-9.061,,,,,0,278.625,218.113,400.000,
1785142166.1089,PID,NORMAL_HOLD,325.50,237.18,318.19,278.719,219.103,398.188,278.625,218.113,400.000,270.442,211.188,398.118,1.812,7.323,,,,,0,278.625,218.113,400.000,
1785142166.1160,PID,NORMAL_HOLD,325.86,237.30,318.45,279.056,218.996,398.025,278.625,218.113,400.000,268.556,211.869,398.102,1.975,7.284,,,,,0,278.625,218.113,400.000,
1785142166.1172,PID,NORMAL_HOLD,325.30,237.67,318.00,278.542,218.753,398.307,278.625,218.113,400.000,272.098,212.938,396.893,1.693,14.618,,,,,0,278.625,218.113,400.000,
1785142166.1223,PID,NORMAL_HOLD,325.31,237.72,317.47,278.557,218.661,398.632,278.625,218.113,400.000,271.124,212.785,395.082,1.368,25.558,,,,,0,278.625,218.113,400.000,
1785142166.1304,PID,NORMAL_HOLD,325.23,237.90,317.50,278.495,218.468,398.612,278.625,218.113,400.000,271.068,213.194,395.189,1.388,24.431,,,,,0,278.625,218.113,400.000,
1785142166.1330,PID,NORMAL_HOLD,325.00,238.00,317.29,278.288,218.369,398.744,278.625,218.113,400.000,271.834,212.931,395.161,1.256,24.143,,,,,0,278.625,218.113,400.000,
1785142166.1380,PID,NORMAL_HOLD,325.00,238.00,317.49,278.287,218.380,398.622,278.625,218.113,400.000,271.133,212.211,396.284,1.378,16.766,,,,,0,278.625,218.113,400.000,
1785142166.1455,PID,NORMAL_HOLD,325.50,237.89,317.50,278.744,218.485,398.611,278.625,218.113,400.000,268.105,211.299,397.107,1.389,11.377,,,,,0,278.625,218.113,400.000,
1785142166.1483,PID,NORMAL_HOLD,325.50,237.82,316.50,278.745,218.526,399.227,278.625,218.113,400.000,269.189,211.210,394.707,0.773,25.971,,,,,0,278.625,218.113,400.000,
1785142166.1536,PID,NORMAL_HOLD,325.50,237.82,316.00,278.745,218.529,399.535,278.625,218.113,400.000,269.732,211.373,392.850,0.465,36.966,,,,,0,278.625,218.113,400.000,
1785142166.1602,PID,NORMAL_HOLD,325.50,237.82,315.50,278.742,218.589,399.846,278.625,218.113,400.000,270.027,211.127,391.800,0.154,42.707,,,,,0,278.625,218.113,400.000,
1785142166.1628,PID,NORMAL_HOLD,325.67,237.72,315.89,278.892,218.680,399.604,278.625,218.113,400.000,269.347,210.848,393.431,0.396,31.830,,,,,0,278.625,218.113,400.000,
1785142166.1691,PID,NORMAL_HOLD,325.50,237.89,314.50,278.747,218.501,400.461,278.625,218.113,400.000,270.583,212.164,390.284,-0.461,50.723,,,,,0,278.625,218.113,400.000,
1785142166.1761,PID,NORMAL_HOLD,325.50,238.00,315.00,278.747,218.450,400.154,278.625,218.113,400.000,270.432,212.164,391.856,-0.154,40.104,,,,,0,278.625,218.113,400.000,
1785142166.1792,PID,NORMAL_HOLD,325.50,238.11,314.05,278.756,218.309,400.736,278.625,218.113,400.000,270.309,212.644,390.607,-0.736,47.054,,,,,0,278.625,218.113,400.000,
1785142166.1842,PID,NORMAL_HOLD,325.50,238.11,314.72,278.754,218.323,400.327,278.625,218.113,400.000,270.305,212.055,393.178,-0.327,30.309,,,,,0,278.625,218.113,400.000,
1785142166.1904,PID,NORMAL_HOLD,325.50,238.11,314.50,278.755,218.311,400.460,278.625,218.113,400.000,270.284,211.909,394.118,-0.460,23.944,,,,,0,278.625,218.113,400.000,
1785142166.1937,PID,NORMAL_HOLD,325.50,238.00,314.50,278.750,218.422,400.462,278.625,218.113,400.000,270.308,211.155,394.987,-0.462,18.132,,,,,0,278.625,218.113,400.000,
1785142166.1992,PID,NORMAL_HOLD,325.80,237.78,314.50,279.019,218.568,400.457,278.625,218.113,400.000,268.796,210.560,395.752,-0.457,13.065,,,,,0,278.625,218.113,400.000,
1785142166.2065,PID,NORMAL_HOLD,325.90,237.72,314.74,279.108,218.691,400.314,278.625,218.113,400.000,269.002,210.367,396.975,-0.314,5.273,,,,,0,278.625,218.113,400.000,
1785142166.2095,PID,NORMAL_HOLD,326.00,237.54,314.40,279.193,218.838,400.518,278.625,218.113,400.000,269.140,210.177,396.470,-0.518,8.310,,,,,0,278.625,218.113,400.000,
1785142166.2138,PID,NORMAL_HOLD,326.00,237.46,314.10,279.190,218.916,400.706,278.625,218.113,400.000,269.661,210.362,395.664,-0.706,13.120,,,,,0,278.625,218.113,400.000,
1785142166.2207,PID,NORMAL_HOLD,326.00,237.50,313.98,279.190,218.903,400.780,278.625,218.113,400.000,269.903,210.976,395.260,-0.780,15.374,,,,,0,278.625,218.113,400.000,
1785142166.2235,PID,NORMAL_HOLD,325.70,237.64,313.91,278.922,218.788,400.826,278.625,218.113,400.000,271.499,211.846,395.289,-0.826,14.900,,,,,0,278.625,218.113,400.000,
1785142166.2288,PID,NORMAL_HOLD,325.70,237.72,314.00,278.918,218.749,400.771,278.625,218.113,400.000,270.887,211.891,395.892,-0.771,10.889,,,,,0,278.625,218.113,400.000,
1785142166.2351,PID,NORMAL_HOLD,325.96,237.75,313.91,279.159,218.704,400.823,278.625,218.113,400.000,269.257,211.936,396.049,-0.823,9.728,,,,,0,278.625,218.113,400.000,
1785142166.2377,PID,NORMAL_HOLD,326.00,237.69,314.16,279.196,218.735,400.667,278.625,218.113,400.000,269.500,211.551,397.109,-0.667,3.001,,,,,0,278.625,218.113,400.000,
1785142166.2441,PID,NORMAL_HOLD,325.70,237.52,314.00,278.916,218.841,400.769,278.625,218.113,400.000,271.486,210.902,397.063,-0.769,3.224,,,,,0,278.625,218.113,400.000,
1785142166.2505,PID,NORMAL_HOLD,326.09,237.23,314.46,279.275,219.034,400.482,278.625,218.113,400.000,268.896,210.131,398.490,-0.482,-5.642,,,,,0,278.625,218.113,400.000,
1785142166.2531,PID,NORMAL_HOLD,326.00,237.18,314.50,279.180,219.161,400.460,278.625,218.113,400.000,270.035,210.059,399.003,-0.460,-8.709,,,,,0,278.625,218.113,400.000,
1785142166.2601,PID,NORMAL_HOLD,326.00,237.00,314.50,279.172,219.349,400.462,278.625,218.113,400.000,270.139,209.633,398.861,-0.462,-7.643,,,,,0,278.625,218.113,400.000,
1785142166.2687,PID,NORMAL_HOLD,326.50,237.00,314.46,279.626,219.440,400.481,278.625,218.113,400.000,268.820,210.208,398.466,-0.481,-5.033,,,,,0,278.625,218.113,400.000,
1785142166.2732,PID,NORMAL_HOLD,326.00,237.00,314.50,279.169,219.395,400.463,278.625,218.113,400.000,271.954,210.992,398.408,-0.463,-4.577,,,,,0,278.625,218.113,400.000,
1785142166.2783,PID,NORMAL_HOLD,326.27,237.05,315.00,279.419,219.358,400.153,278.625,218.113,400.000,269.627,211.357,399.873,-0.153,-13.555,,,,,0,278.625,218.113,400.000,
1785142166.2852,PID,NORMAL_HOLD,326.27,237.05,315.00,279.423,219.299,400.151,278.625,218.113,400.000,269.827,211.654,400.028,-0.151,-14.259,,,,,0,278.625,218.113,400.000,
1785142166.2879,PID,NORMAL_HOLD,325.87,237.22,315.50,279.062,219.131,399.845,278.625,218.113,400.000,271.922,212.406,401.256,0.155,-21.571,,,,,0,278.625,218.113,400.000,
1785142166.2946,PID,NORMAL_HOLD,325.53,237.11,315.81,278.744,219.162,399.654,278.625,218.113,400.000,272.906,211.710,402.162,0.346,-26.765,,,,,0,278.625,218.113,400.000,
1785142166.3017,PID,NORMAL_HOLD,326.00,237.00,316.50,279.177,219.263,399.227,278.625,218.113,400.000,269.420,211.029,403.824,0.773,-36.498,,,,,0,278.625,218.113,400.000,
1785142166.3064,PID,NORMAL_HOLD,326.00,237.00,317.00,279.171,219.342,398.922,278.625,218.113,400.000,269.816,210.724,405.225,1.078,-44.480,,,,,0,278.625,218.113,400.000,
1785142166.3124,PID,NORMAL_HOLD,326.00,236.91,317.00,279.169,219.408,398.922,278.625,218.113,400.000,269.993,210.636,404.673,1.078,-40.245,,,,,0,278.625,218.113,400.000,
1785142166.3190,PID,NORMAL_HOLD,325.53,236.89,317.00,278.730,219.430,398.925,278.625,218.113,400.000,271.353,210.897,402.564,1.075,-26.233,,,,,0,278.625,218.113,400.000,
1785142166.3244,PID,NORMAL_HOLD,326.00,237.00,317.00,279.168,219.383,398.923,278.625,218.113,400.000,268.331,211.352,401.958,1.077,-22.001,,,,,0,278.625,218.113,400.000,
1785142166.3296,PID,NORMAL_HOLD,325.50,237.11,317.20,278.717,219.189,398.800,278.625,218.113,400.000,271.766,212.409,401.867,1.200,-21.033,,,,,0,278.625,218.113,400.000,
1785142166.3367,PID,NORMAL_HOLD,325.69,237.28,317.44,278.900,219.055,398.650,278.625,218.113,400.000,270.060,212.586,401.951,1.350,-21.127,,,,,0,278.625,218.113,400.000,
1785142166.3409,PID,NORMAL_HOLD,325.29,237.50,317.50,278.534,218.810,398.613,278.625,218.113,400.000,272.327,213.454,401.890,1.387,-20.380,,,,,0,278.625,218.113,400.000,
1785142166.3447,PID,NORMAL_HOLD,325.28,237.57,318.26,278.530,218.767,398.146,278.625,218.113,400.000,271.356,212.696,403.590,1.854,-30.493,,,,,0,278.625,218.113,400.000,
1785142166.3515,PID,NORMAL_HOLD,325.29,237.50,318.00,278.535,218.789,398.304,278.625,218.113,400.000,270.819,211.963,402.687,1.696,-24.327,,,,,0,278.625,218.113,400.000,
1785142166.3552,PID,NORMAL_HOLD,325.29,237.50,318.46,278.533,218.805,398.021,278.625,218.113,400.000,270.588,211.632,403.304,1.979,-27.697,,,,,0,278.625,218.113,400.000,
1785142166.3581,PID,NORMAL_HOLD,325.00,237.50,318.35,278.271,218.775,398.086,278.625,218.113,400.000,271.936,211.714,402.527,1.914,-22.375,,,,,0,278.625,218.113,400.000,
1785142166.3671,PID,NORMAL_HOLD,325.00,237.50,318.00,278.270,218.793,398.305,278.625,218.113,400.000,271.179,211.498,400.712,1.695,-10.754,,,,,0,278.625,218.113,400.000,
1785142166.3682,PID,NORMAL_HOLD,324.90,237.65,317.50,278.176,218.721,398.616,278.625,218.113,400.000,271.346,211.902,398.086,1.384,5.713,,,,,0,278.625,218.113,400.000,
1785142166.3734,PID,NORMAL_HOLD,324.90,237.72,317.50,278.185,218.646,398.615,278.625,218.113,400.000,270.850,212.122,397.407,1.385,9.812,,,,,0,278.625,218.113,400.000,
1785142166.3832,PID,NORMAL_HOLD,324.53,237.89,317.17,277.849,218.442,398.821,278.625,218.113,400.000,272.396,212.879,396.498,1.179,15.221,,,,,0,278.625,218.113,400.000,
1785142166.3849,PID,NORMAL_HOLD,325.00,238.00,317.29,278.288,218.369,398.744,278.625,218.113,400.000,268.832,212.666,396.811,1.256,13.015,,,,,0,278.625,218.113,400.000,
1785142166.3893,PID,NORMAL_HOLD,324.86,238.10,317.07,278.165,218.243,398.880,278.625,218.113,400.000,270.310,212.837,396.542,1.120,14.439,,,,,0,278.625,218.113,400.000,
1785142166.3960,PID,NORMAL_HOLD,324.86,238.10,316.55,278.167,218.229,399.200,278.625,218.113,400.000,270.368,212.307,395.449,0.800,20.870,,,,,0,278.625,218.113,400.000,
1785142166.3989,PID,NORMAL_HOLD,325.00,238.00,317.00,278.292,218.329,398.920,278.625,218.113,400.000,269.750,211.445,396.711,1.080,12.701,,,,,0,278.625,218.113,400.000,
1785142166.4040,PID,NORMAL_HOLD,325.00,238.00,317.29,278.288,218.369,398.744,278.625,218.113,400.000,270.102,211.285,398.331,1.256,2.468,,,,,0,278.625,218.113,400.000,
1785142166.4114,PID,NORMAL_HOLD,324.86,237.90,317.00,278.156,218.452,398.923,278.625,218.113,400.000,270.978,210.985,398.105,1.077,3.812,,,,,0,278.625,218.113,400.000,
1785142166.4169,PID,NORMAL_HOLD,324.83,237.71,316.00,278.126,218.545,399.539,278.625,218.113,400.000,270.887,210.750,395.541,0.461,19.471,,,,,0,278.625,218.113,400.000,
1785142166.4197,PID,NORMAL_HOLD,325.00,237.72,316.20,278.283,218.586,399.418,278.625,218.113,400.000,269.848,210.930,395.032,0.582,22.326,,,,,0,278.625,218.113,400.000,
1785142166.4262,PID,NORMAL_HOLD,324.73,237.84,315.50,278.035,218.516,399.851,278.625,218.113,400.000,271.546,211.631,393.427,0.149,31.827,,,,,0,278.625,218.113,400.000,
1785142166.4314,PID,NORMAL_HOLD,324.73,237.84,315.57,278.037,218.488,399.808,278.625,218.113,400.000,271.009,211.734,393.902,0.192,28.284,,,,,0,278.625,218.113,400.000,
1785142166.4370,PID,NORMAL_HOLD,325.00,237.82,316.00,278.286,218.501,399.539,278.625,218.113,400.000,269.180,211.564,395.939,0.461,15.188,,,,,0,278.625,218.113,400.000,
1785142166.4435,PID,NORMAL_HOLD,325.00,237.82,315.44,278.290,218.472,399.883,278.625,218.113,400.000,269.779,211.718,395.405,0.117,18.182,,,,,0,278.625,218.113,400.000,
1785142166.4477,PID,NORMAL_HOLD,324.86,237.90,316.00,278.158,218.458,399.541,278.625,218.113,400.000,270.827,211.722,397.208,0.459,6.729,,,,,0,278.625,218.113,400.000,
1785142166.4507,PID,NORMAL_HOLD,325.00,237.79,316.00,278.286,218.517,399.538,278.625,218.113,400.000,269.931,211.317,398.066,0.462,1.298,,,,,0,278.625,218.113,400.000,
1785142166.4573,PID,NORMAL_HOLD,325.00,237.65,316.45,278.275,218.718,399.261,278.625,218.113,400.000,270.239,210.272,399.694,0.739,-8.764,,,,,0,278.625,218.113,400.000,
1785142166.4617,PID,NORMAL_HOLD,324.95,237.32,316.00,278.230,218.901,399.540,278.625,218.113,400.000,270.568,209.909,398.744,0.460,-2.740,,,,,0,278.625,218.113,400.000,
1785142166.4660,PID,NORMAL_HOLD,324.90,237.28,316.00,278.173,219.023,399.543,278.625,218.113,400.000,270.828,209.961,398.335,0.457,-0.161,,,,,0,278.625,218.113,400.000,
1785142166.4729,PID,NORMAL_HOLD,325.01,237.05,316.00,278.271,219.163,399.541,278.625,218.113,400.000,270.095,209.897,398.189,0.459,0.742,,,,,0,278.625,218.113,400.000,
1785142166.4781,PID,NORMAL_HOLD,325.50,237.00,315.43,278.720,219.213,399.887,278.625,218.113,400.000,268.092,210.382,396.496,0.113,11.174,,,,,0,278.625,218.113,400.000,
1785142166.4820,PID,NORMAL_HOLD,324.89,237.21,315.50,278.164,219.088,399.852,278.625,218.113,400.000,272.673,211.645,396.335,0.148,11.955,,,,,0,278.625,218.113,400.000,
1785142166.4878,PID,NORMAL_HOLD,325.09,237.22,316.00,278.347,219.093,399.542,278.625,218.113,400.000,270.544,211.484,398.011,0.458,1.394,,,,,0,278.625,218.113,400.000,
1785142166.4927,PID,NORMAL_HOLD,325.09,237.22,315.44,278.351,219.064,399.887,278.625,218.113,400.000,270.454,211.584,396.927,0.113,8.069,,,,,0,278.625,218.113,400.000,
1785142166.4975,PID,NORMAL_HOLD,325.10,237.29,316.19,278.355,219.026,399.423,278.625,218.113,400.000,270.401,211.690,398.992,0.577,-4.823,,,,,0,278.625,218.113,400.000,
1785142166.5052,PID,NORMAL_HOLD,325.00,237.21,316.19,278.262,219.078,399.425,278.625,218.113,400.000,270.902,211.261,399.602,0.575,-8.494,,,,,0,278.625,218.113,400.000,
1785142166.5074,PID,NORMAL_HOLD,325.00,237.00,316.50,278.258,219.216,399.233,278.625,218.113,400.000,270.693,210.429,400.547,0.767,-14.157,,,,,0,278.625,218.113,400.000,
1785142166.5131,PID,NORMAL_HOLD,325.00,237.00,316.50,278.252,219.292,399.235,278.625,218.113,400.000,270.590,210.455,400.519,0.765,-13.705,,,,,0,278.625,218.113,400.000,
1785142166.5199,PID,NORMAL_HOLD,325.00,237.00,316.55,278.250,219.323,399.208,278.625,218.113,400.000,270.521,210.716,400.400,0.792,-12.719,,,,,0,278.625,218.113,400.000,
1785142166.5213,PID,NORMAL_HOLD,325.50,236.89,316.50,278.709,219.395,399.233,278.625,218.113,400.000,267.847,210.594,399.944,0.767,-9.666,,,,,0,278.625,218.113,400.000,
1785142166.5283,PID,NORMAL_HOLD,325.00,237.00,316.50,278.251,219.303,399.236,278.625,218.113,400.000,271.539,211.434,399.537,0.764,-6.973,,,,,0,278.625,218.113,400.000,
1785142166.5348,PID,NORMAL_HOLD,325.56,237.09,316.49,278.771,219.200,399.237,278.625,218.113,400.000,268.124,211.935,399.232,0.763,-4.959,,,,,0,278.625,218.113,400.000,
1785142166.5375,PID,NORMAL_HOLD,325.50,237.11,316.81,278.719,219.158,399.037,278.625,218.113,400.000,269.490,211.870,400.000,0.963,-9.609,,,,,0,278.625,218.113,400.000,
1785142166.5407,PID,NORMAL_HOLD,325.69,237.28,316.50,278.905,218.999,399.228,278.625,218.113,400.000,268.818,212.526,399.123,0.772,-4.011,,,,,0,278.625,218.113,400.000,
1785142166.5491,PID,NORMAL_HOLD,325.86,237.30,317.10,279.059,218.970,398.858,278.625,218.113,400.000,268.723,212.112,400.482,1.142,-12.318,,,,,0,278.625,218.113,400.000,
1785142166.5507,PID,NORMAL_HOLD,325.86,237.29,317.50,279.061,218.971,398.610,278.625,218.113,400.000,269.443,211.753,401.706,1.390,-19.588,,,,,0,278.625,218.113,400.000,
1785142166.5573,PID,NORMAL_HOLD,326.00,237.28,317.45,279.186,219.009,398.639,278.625,218.113,400.000,269.073,211.352,401.886,1.361,-20.370,,,,,0,278.625,218.113,400.000,
1785142166.5661,PID,NORMAL_HOLD,325.87,237.24,317.44,279.060,219.080,398.649,278.625,218.113,400.000,270.300,210.980,401.299,1.351,-16.360,,,,,0,278.625,218.113,400.000,
1785142166.5703,PID,NORMAL_HOLD,325.53,237.11,317.44,278.745,219.122,398.649,278.625,218.113,400.000,271.821,210.962,400.651,1.351,-12.029,,,,,0,278.625,218.113,400.000,
1785142166.5758,PID,NORMAL_HOLD,326.00,237.28,316.81,279.180,219.104,399.037,278.625,218.113,400.000,268.515,211.268,398.548,0.963,1.130,,,,,0,278.625,218.113,400.000,
1785142166.5832,PID,NORMAL_HOLD,325.95,237.39,316.77,279.146,218.895,399.059,278.625,218.113,400.000,269.430,211.923,398.012,0.941,4.312,,,,,0,278.625,218.113,400.000,
1785142166.5857,PID,NORMAL_HOLD,325.72,237.59,317.00,278.933,218.791,398.920,278.625,218.113,400.000,271.048,212.285,398.270,1.080,2.644,,,,,0,278.625,218.113,400.000,
1785142166.5925,PID,NORMAL_HOLD,325.90,237.72,317.00,279.105,218.702,398.920,278.625,218.113,400.000,269.658,212.377,398.425,1.080,1.641,,,,,0,278.625,218.113,400.000,
1785142166.5987,PID,NORMAL_HOLD,325.55,237.81,316.50,278.786,218.532,399.227,278.625,218.113,400.000,271.646,212.850,397.007,0.773,10.369,,,,,0,278.625,218.113,400.000,
1785142166.6030,PID,NORMAL_HOLD,326.00,237.79,317.00,279.204,218.560,398.916,278.625,218.113,400.000,268.847,212.051,398.237,1.084,2.596,,,,,0,278.625,218.113,400.000,
1785142166.6087,PID,NORMAL_HOLD,325.90,237.72,317.50,279.107,218.668,398.610,278.625,218.113,400.000,270.124,211.084,400.283,1.390,-10.092,,,,,0,278.625,218.113,400.000,
1785142166.6163,PID,NORMAL_HOLD,325.83,237.71,317.50,279.037,218.667,398.611,278.625,218.113,400.000,270.512,211.292,400.671,1.389,-12.276,,,,,0,278.625,218.113,400.000,
1785142166.6183,PID,NORMAL_HOLD,325.74,237.68,317.50,278.952,218.715,398.612,278.625,218.113,400.000,270.835,211.120,400.602,1.388,-11.623,,,,,0,278.625,218.113,400.000,
1785142166.6217,PID,NORMAL_HOLD,325.59,237.77,317.00,278.820,218.641,398.921,278.625,218.113,400.000,271.238,211.699,398.813,1.079,-0.362,,,,,0,278.625,218.113,400.000,
1785142166.6283,PID,NORMAL_HOLD,325.33,237.72,316.44,278.588,218.594,399.265,278.625,218.113,400.000,272.118,211.874,396.507,0.735,13.881,,,,,0,278.625,218.113,400.000,
1785142166.6314,PID,NORMAL_HOLD,325.53,237.90,316.29,278.779,218.445,399.358,278.625,218.113,400.000,270.226,212.469,395.605,0.642,19.171,,,,,0,278.625,218.113,400.000,
1785142166.6384,PID,NORMAL_HOLD,325.00,238.00,316.00,278.291,218.358,399.538,278.625,218.113,400.000,273.184,212.538,394.617,0.462,24.958,,,,,0,278.625,218.113,400.000,
1785142166.6457,PID,NORMAL_HOLD,325.48,238.11,315.58,278.734,218.267,399.791,278.625,218.113,400.000,269.364,212.558,393.775,0.209,29.681,,,,,0,278.625,218.113,400.000,
1785142166.6496,PID,NORMAL_HOLD,325.47,238.11,315.55,278.733,218.258,399.814,278.625,218.113,400.000,269.824,212.133,394.303,0.186,25.795,,,,,0,278.625,218.113,400.000,
1785142166.6527,PID,NORMAL_HOLD,325.25,238.16,316.04,278.528,218.238,399.512,278.625,218.113,400.000,271.169,211.985,396.307,0.488,12.949,,,,,0,278.625,218.113,400.000,
1785142166.6591,PID,NORMAL_HOLD,325.00,238.00,316.00,278.291,218.358,399.538,278.625,218.113,400.000,272.144,211.093,397.182,0.462,7.310,,,,,0,278.625,218.113,400.000,
1785142166.6638,PID,NORMAL_HOLD,325.00,238.00,315.50,278.290,218.392,399.848,278.625,218.113,400.000,271.287,211.151,396.156,0.152,13.506,,,,,0,278.625,218.113,400.000,
1785142166.6678,PID,NORMAL_HOLD,325.01,237.95,315.50,278.295,218.475,399.850,278.625,218.113,400.000,270.822,210.925,396.097,0.150,13.620,,,,,0,278.625,218.113,400.000,
1785142166.6741,PID,NORMAL_HOLD,325.10,237.92,315.00,278.379,218.469,400.157,278.625,218.113,400.000,270.106,211.270,394.863,-0.157,20.990,,,,,0,278.625,218.113,400.000,
1785142166.6792,PID,NORMAL_HOLD,325.48,237.89,314.81,278.724,218.499,400.269,278.625,218.113,400.000,268.368,211.248,394.417,-0.269,23.337,,,,,0,278.625,218.113,400.000,
1785142166.6838,PID,NORMAL_HOLD,325.19,237.89,314.44,278.467,218.459,400.500,278.625,218.113,400.000,270.714,211.609,393.714,-0.500,27.222,,,,,0,278.625,218.113,400.000,
1785142166.6908,PID,NORMAL_HOLD,324.95,237.89,314.50,278.249,218.444,400.465,278.625,218.113,400.000,271.839,211.664,394.091,-0.465,24.408,,,,,0,278.625,218.113,400.000,
1785142166.6932,PID,NORMAL_HOLD,325.29,237.89,314.50,278.551,218.493,400.463,278.625,218.113,400.000,269.460,211.338,394.852,-0.463,19.249,,,,,0,278.625,218.113,400.000,
1785142166.6963,PID,NORMAL_HOLD,325.00,238.00,314.44,278.292,218.398,400.503,278.625,218.113,400.000,271.354,211.976,395.414,-0.503,15.409,,,,,0,278.625,218.113,400.000,
1785142166.7044,PID,NORMAL_HOLD,325.50,237.89,314.50,278.745,218.532,400.463,278.625,218.113,400.000,268.509,211.065,396.116,-0.463,10.787,,,,,0,278.625,218.113,400.000,
1785142166.7077,PID,NORMAL_HOLD,325.50,237.68,315.27,278.737,218.717,399.986,278.625,218.113,400.000,269.439,210.269,398.958,0.014,-6.966,,,,,0,278.625,218.113,400.000,
1785142166.7135,PID,NORMAL_HOLD,325.70,237.50,315.00,278.914,218.883,400.154,278.625,218.113,400.000,268.790,209.871,398.958,-0.154,-6.833,,,,,0,278.625,218.113,400.000,
1785142166.7203,PID,NORMAL_HOLD,325.50,237.32,314.45,278.729,218.993,400.493,278.625,218.113,400.000,270.471,210.079,397.173,-0.493,4.312,,,,,0,278.625,218.113,400.000,
1785142166.7214,PID,NORMAL_HOLD,325.69,237.28,314.44,278.902,219.070,400.499,278.625,218.113,400.000,269.298,210.253,396.600,-0.499,7.763,,,,,0,278.625,218.113,400.000,
1785142166.7272,PID,NORMAL_HOLD,325.87,237.22,314.00,279.063,219.139,400.769,278.625,218.113,400.000,268.863,210.423,395.111,-0.769,16.846,,,,,0,278.625,218.113,400.000,
1785142166.7348,PID,NORMAL_HOLD,325.87,237.22,314.20,279.064,219.117,400.644,278.625,218.113,400.000,269.514,210.999,395.689,-0.644,12.958,,,,,0,278.625,218.113,400.000,
1785142166.7373,PID,NORMAL_HOLD,325.87,237.22,314.50,279.062,219.136,400.461,278.625,218.113,400.000,269.854,211.087,397.011,-0.461,4.564,,,,,0,278.625,218.113,400.000,
1785142166.7425,PID,NORMAL_HOLD,326.00,237.12,314.21,279.180,219.189,400.640,278.625,218.113,400.000,269.211,210.853,396.635,-0.640,6.830,,,,,0,278.625,218.113,400.000,
1785142166.7489,PID,NORMAL_HOLD,325.87,237.22,314.49,279.061,219.163,400.470,278.625,218.113,400.000,270.345,211.237,397.546,-0.470,1.079,,,,,0,278.625,218.113,400.000,
1785142166.7514,PID,NORMAL_HOLD,326.00,237.00,314.50,279.174,219.324,400.461,278.625,218.113,400.000,269.627,210.377,397.953,-0.461,-1.456,,,,,0,278.625,218.113,400.000,
1785142166.7588,PID,NORMAL_HOLD,326.28,236.89,315.00,279.423,219.457,400.152,278.625,218.113,400.000,268.458,210.066,399.421,-0.152,-10.456,,,,,0,278.625,218.113,400.000,
1785142166.7651,PID,NORMAL_HOLD,326.11,236.79,314.50,279.261,219.558,400.462,278.625,218.113,400.000,270.156,210.095,398.345,-0.462,-3.629,,,,,0,278.625,218.113,400.000,
1785142166.7669,PID,NORMAL_HOLD,326.13,236.79,314.45,279.279,219.582,400.495,278.625,218.113,400.000,270.045,210.525,397.587,-0.495,1.143,,,,,0,278.625,218.113,400.000,
1785142166.7712,PID,NORMAL_HOLD,326.50,236.68,314.45,279.619,219.649,400.490,278.625,218.113,400.000,268.113,210.480,397.439,-0.490,2.034,,,,,0,278.625,218.113,400.000,
1785142166.7790,PID,NORMAL_HOLD,326.04,236.74,314.00,279.198,219.636,400.772,278.625,218.113,400.000,271.419,210.900,396.092,-0.772,10.301,,,,,0,278.625,218.113,400.000,
1785142166.7819,PID,NORMAL_HOLD,326.09,236.78,314.00,279.252,219.524,400.769,278.625,218.113,400.000,270.482,211.658,395.845,-0.769,11.626,,,,,0,278.625,218.113,400.000,
1785142166.7866,PID,NORMAL_HOLD,325.91,236.83,314.50,279.084,219.490,400.463,278.625,218.113,400.000,271.283,211.637,397.503,-0.463,1.178,,,,,0,278.625,218.113,400.000,
1785142166.7942,PID,NORMAL_HOLD,326.00,236.88,314.54,279.167,219.470,400.440,278.625,218.113,400.000,270.279,211.539,398.208,-0.440,-3.193,,,,,0,278.625,218.113,400.000,
1785142166.7968,PID,NORMAL_HOLD,326.11,236.79,314.54,279.266,219.496,400.434,278.625,218.113,400.000,269.672,211.243,398.411,-0.434,-4.387,,,,,0,278.625,218.113,400.000,
1785142166.8033,PID,NORMAL_HOLD,326.00,236.88,314.60,279.168,219.452,400.402,278.625,218.113,400.000,270.470,211.492,398.516,-0.402,-4.945,,,,,0,278.625,218.113,400.000,
1785142166.8101,PID,NORMAL_HOLD,326.00,236.79,314.50,279.165,219.527,400.462,278.625,218.113,400.000,270.322,210.955,398.185,-0.462,-2.812,,,,,0,278.625,218.113,400.000,
1785142166.8138,PID,NORMAL_HOLD,325.91,236.78,315.00,279.073,219.607,400.158,278.625,218.113,400.000,270.749,210.638,399.441,-0.158,-10.504,,,,,0,278.625,218.113,400.000,
1785142166.8174,PID,NORMAL_HOLD,325.50,236.68,314.50,278.704,219.588,400.467,278.625,218.113,400.000,272.500,211.017,398.175,-0.467,-2.495,,,,,0,278.625,218.113,400.000,
1785142166.8246,PID,NORMAL_HOLD,325.91,236.77,314.88,279.074,219.584,400.232,278.625,218.113,400.000,269.283,211.127,398.772,-0.232,-6.130,,,,,0,278.625,218.113,400.000,
1785142166.8295,PID,NORMAL_HOLD,325.87,236.78,314.50,279.047,219.524,400.463,278.625,218.113,400.000,269.867,211.465,397.739,-0.463,0.367,,,,,0,278.625,218.113,400.000,
1785142166.8346,PID,NORMAL_HOLD,325.50,236.89,315.00,278.709,219.418,400.158,278.625,218.113,400.000,272.079,211.990,398.869,-0.158,-6.620,,,,,0,278.625,218.113,400.000,
1785142166.8411,PID,NORMAL_HOLD,325.50,236.89,315.00,278.711,219.400,400.158,278.625,218.113,400.000,271.174,211.710,399.116,-0.158,-8.020,,,,,0,278.625,218.113,400.000,
1785142166.8445,PID,NORMAL_HOLD,325.50,237.00,315.00,278.711,219.351,400.159,278.625,218.113,400.000,270.725,211.769,399.027,-0.159,-7.318,,,,,0,278.625,218.113,400.000,
1785142166.8488,PID,NORMAL_HOLD,325.50,236.89,315.00,278.712,219.387,400.157,278.625,218.113,400.000,270.501,211.329,398.834,-0.157,-5.993,,,,,0,278.625,218.113,400.000,
1785142166.8552,PID,NORMAL_HOLD,325.50,236.89,315.45,278.710,219.400,399.878,278.625,218.113,400.000,270.400,211.214,399.985,0.122,-12.987,,,,,0,278.625,218.113,400.000,
1785142166.8592,PID,NORMAL_HOLD,325.50,236.89,315.00,278.708,219.436,400.159,278.625,218.113,400.000,270.351,211.028,398.757,-0.159,-5.169,,,,,0,278.625,218.113,400.000,
1785142166.8621,PID,NORMAL_HOLD,325.12,236.85,315.00,278.357,219.473,400.163,278.625,218.113,400.000,272.265,210.926,398.167,-0.163,-1.428,,,,,0,278.625,218.113,400.000,
1785142166.8685,PID,NORMAL_HOLD,325.13,236.78,314.50,278.367,219.490,400.470,278.625,218.113,400.000,271.272,210.983,396.474,-0.470,9.040,,,,,0,278.625,218.113,400.000,
1785142166.8728,PID,NORMAL_HOLD,325.13,236.78,314.76,278.366,219.479,400.308,278.625,218.113,400.000,270.831,211.161,396.830,-0.308,6.675,,,,,0,278.625,218.113,400.000,
1785142166.8777,PID,NORMAL_HOLD,325.48,236.89,314.46,278.687,219.419,400.493,278.625,218.113,400.000,268.773,211.532,396.212,-0.493,10.365,,,,,0,278.625,218.113,400.000,
1785142166.8848,PID,NORMAL_HOLD,325.50,237.00,314.50,278.713,219.336,400.467,278.625,218.113,400.000,269.389,211.842,396.376,-0.467,9.151,,,,,0,278.625,218.113,400.000,
1785142166.8883,PID,NORMAL_HOLD,325.00,237.00,314.50,278.255,219.312,400.471,278.625,218.113,400.000,272.148,211.670,396.598,-0.471,7.612,,,,,0,278.625,218.113,400.000,
1785142166.8936,PID,NORMAL_HOLD,325.50,237.00,314.00,278.717,219.283,400.773,278.625,218.113,400.000,268.591,211.641,395.328,-0.773,15.317,,,,,0,278.625,218.113,400.000,
1785142166.9010,PID,NORMAL_HOLD,325.00,237.00,314.24,278.256,219.307,400.631,278.625,218.113,400.000,272.149,211.315,395.977,-0.631,11.022,,,,,0,278.625,218.113,400.000,
1785142166.9049,PID,NORMAL_HOLD,325.50,237.00,314.04,278.713,219.343,400.751,278.625,218.113,400.000,268.668,211.089,395.873,-0.751,11.448,,,,,0,278.625,218.113,400.000,
1785142166.9084,PID,NORMAL_HOLD,325.29,236.89,314.00,278.515,219.415,400.777,278.625,218.113,400.000,270.560,210.779,395.981,-0.777,10.560,,,,,0,278.625,218.113,400.000,
1785142166.9155,PID,NORMAL_HOLD,325.00,236.88,313.58,278.251,219.431,401.038,278.625,218.113,400.000,271.957,210.915,394.878,-1.038,17.189,,,,,0,278.625,218.113,400.000,
1785142166.9199,PID,NORMAL_HOLD,325.00,236.88,313.50,278.253,219.407,401.089,278.625,218.113,400.000,271.179,211.200,394.699,-1.089,17.969,,,,,0,278.625,218.113,400.000,
1785142166.9235,PID,NORMAL_HOLD,325.00,236.88,314.26,278.251,219.412,400.622,278.625,218.113,400.000,270.811,211.188,397.321,-0.622,1.448,,,,,0,278.625,218.113,400.000,
1785142166.9317,PID,NORMAL_HOLD,324.95,236.89,313.24,278.213,219.375,401.251,278.625,218.113,400.000,270.826,211.419,395.280,-1.251,13.996,,,,,0,278.625,218.113,400.000,
1785142166.9348,PID,NORMAL_HOLD,325.00,237.00,314.00,278.257,219.297,400.780,278.625,218.113,400.000,270.389,211.764,397.087,-0.780,2.588,,,,,0,278.625,218.113,400.000,
1785142166.9380,PID,NORMAL_HOLD,325.50,237.00,314.00,278.715,219.320,400.774,278.625,218.113,400.000,267.930,211.389,397.850,-0.774,-2.178,,,,,0,278.625,218.113,400.000,
1785142166.9448,PID,NORMAL_HOLD,325.00,237.00,314.00,278.259,219.259,400.778,278.625,218.113,400.000,271.755,211.679,398.003,-0.778,-3.079,,,,,0,278.625,218.113,400.000,
1785142166.9478,PID,NORMAL_HOLD,325.00,237.00,314.50,278.255,219.302,400.471,278.625,218.113,400.000,271.109,211.250,399.496,-0.471,-12.239,,,,,0,278.625,218.113,400.000,
1785142166.9530,PID,NORMAL_HOLD,325.00,237.00,314.45,278.253,219.333,400.500,278.625,218.113,400.000,270.777,211.079,399.731,-0.500,-13.490,,,,,0,278.625,218.113,400.000,
1785142166.9603,PID,NORMAL_HOLD,325.00,237.00,314.23,278.253,219.340,400.637,278.625,218.113,400.000,270.599,211.126,398.768,-0.637,-7.296,,,,,0,278.625,218.113,400.000,
1785142166.9632,PID,NORMAL_HOLD,325.50,237.00,315.00,278.710,219.369,400.159,278.625,218.113,400.000,268.130,211.036,400.518,-0.159,-17.950,,,,,0,278.625,218.113,400.000,
1785142166.9695,PID,NORMAL_HOLD,325.00,237.00,314.93,278.254,219.313,400.203,278.625,218.113,400.000,271.897,211.469,400.455,-0.203,-17.200,,,,,0,278.625,218.113,400.000,
1785142166.9759,PID,NORMAL_HOLD,325.00,237.00,315.00,278.256,219.284,400.162,278.625,218.113,400.000,271.149,211.527,400.458,-0.162,-16.931,,,,,0,278.625,218.113,400.000,
1785142166.9796,PID,NORMAL_HOLD,325.50,237.11,315.20,278.720,219.187,400.031,278.625,218.113,400.000,268.163,211.949,400.631,-0.031,-17.684,,,,,0,278.625,218.113,400.000,
1785142166.9847,PID,NORMAL_HOLD,325.50,237.11,315.50,278.721,219.165,399.847,278.625,218.113,400.000,269.217,211.728,401.145,0.153,-20.519,,,,,0,278.625,218.113,400.000,
1785142166.9906,PID,NORMAL_HOLD,325.13,237.22,315.44,278.383,219.065,399.887,278.625,218.113,400.000,271.798,212.123,400.710,0.113,-17.457,,,,,0,278.625,218.113,400.000,
1785142166.9945,PID,NORMAL_HOLD,325.47,237.11,315.86,278.699,219.130,399.621,278.625,218.113,400.000,269.211,211.338,401.416,0.379,-21.479,,,,,0,278.625,218.113,400.000,
1785142166.9976,PID,NORMAL_HOLD,325.46,237.19,316.00,278.680,219.123,399.540,278.625,218.113,400.000,269.848,211.361,401.621,0.460,-22.346,,,,,0,278.625,218.113,400.000,
1785142167.0042,PID,NORMAL_HOLD,325.47,237.11,316.00,278.696,219.159,399.539,278.625,218.113,400.000,269.988,211.153,401.157,0.461,-19.058,,,,,0,278.625,218.113,400.000,
1785142167.0080,PID,NORMAL_HOLD,325.47,237.11,316.50,278.696,219.156,399.230,278.625,218.113,400.000,270.141,211.242,401.937,0.770,-23.481,,,,,0,278.625,218.113,400.000,
1785142167.0149,PID,NORMAL_HOLD,325.13,237.22,315.82,278.382,219.060,399.652,278.625,218.113,400.000,271.990,211.819,399.721,0.348,-9.363,,,,,0,278.625,218.113,400.000,
1785142167.0217,PID,NORMAL_HOLD,325.09,237.23,316.20,278.352,219.034,399.419,278.625,218.113,400.000,271.355,211.714,399.861,0.581,-10.046,,,,,0,278.625,218.113,400.000,
1785142167.0250,PID,NORMAL_HOLD,325.50,237.32,316.50,278.729,218.945,399.228,278.625,218.113,400.000,268.777,212.020,400.535,0.772,-13.998,,,,,0,278.625,218.113,400.000,
1785142167.0295,PID,NORMAL_HOLD,325.29,237.41,316.00,278.543,218.843,399.537,278.625,218.113,400.000,270.539,212.252,399.010,0.463,-4.321,,,,,0,278.625,218.113,400.000,
1785142167.0362,PID,NORMAL_HOLD,325.50,237.63,316.42,278.735,218.741,399.282,278.625,218.113,400.000,269.443,212.349,399.634,0.718,-8.095,,,,,0,278.625,218.113,400.000,
1785142167.0396,PID,NORMAL_HOLD,325.13,237.76,315.80,278.401,218.625,399.663,278.625,218.113,400.000,271.923,212.602,397.899,0.337,2.749,,,,,0,278.625,218.113,400.000,
1785142167.0451,PID,NORMAL_HOLD,325.09,237.77,315.49,278.372,218.565,399.854,278.625,218.113,400.000,271.311,212.361,396.233,0.146,13.010,,,,,0,278.625,218.113,400.000,
1785142167.0514,PID,NORMAL_HOLD,325.13,237.76,315.00,278.404,218.604,400.157,278.625,218.113,400.000,270.669,211.702,394.776,-0.157,21.708,,,,,0,278.625,218.113,400.000,
1785142167.0549,PID,NORMAL_HOLD,325.13,237.76,315.00,278.401,218.642,400.158,278.625,218.113,400.000,270.538,211.369,394.402,-0.158,23.651,,,,,0,278.625,218.113,400.000,
1785142167.0604,PID,NORMAL_HOLD,325.13,237.78,315.00,278.401,218.604,400.157,278.625,218.113,400.000,270.460,211.615,394.930,-0.157,19.953,,,,,0,278.625,218.113,400.000,
1785142167.0675,PID,NORMAL_HOLD,325.11,237.79,314.50,278.387,218.530,400.464,278.625,218.113,400.000,270.500,211.958,394.316,-0.464,23.315,,,,,0,278.625,218.113,400.000,
1785142167.0703,PID,NORMAL_HOLD,325.00,237.82,314.29,278.292,218.466,400.596,278.625,218.113,400.000,270.968,212.083,393.836,-0.596,25.833,,,,,0,278.625,218.113,400.000,
1785142167.0733,PID,NORMAL_HOLD,325.00,238.00,314.50,278.292,218.398,400.466,278.625,218.113,400.000,270.694,212.169,394.728,-0.466,19.874,,,,,0,278.625,218.113,400.000,
1785142167.0827,PID,NORMAL_HOLD,325.00,238.00,314.84,278.292,218.382,400.259,278.625,218.113,400.000,270.550,211.931,396.553,-0.259,8.250,,,,,0,278.625,218.113,400.000,
1785142167.0858,PID,NORMAL_HOLD,325.00,238.00,314.84,278.292,218.382,400.259,278.625,218.113,400.000,270.481,211.731,397.423,-0.259,2.724,,,,,0,278.625,218.113,400.000,
1785142167.0896,PID,NORMAL_HOLD,325.00,238.00,314.50,278.294,218.371,400.465,278.625,218.113,400.000,270.438,211.690,396.801,-0.465,6.506,,,,,0,278.625,218.113,400.000,
1785142167.0981,PID,NORMAL_HOLD,325.00,238.00,314.50,278.292,218.398,400.466,278.625,218.113,400.000,270.435,211.469,396.676,-0.466,7.160,,,,,0,278.625,218.113,400.000,
1785142167.0994,PID,NORMAL_HOLD,325.00,238.00,314.43,278.290,218.429,400.508,278.625,218.113,400.000,270.436,211.322,396.606,-0.508,7.463,,,,,0,278.625,218.113,400.000,
1785142167.1048,PID,NORMAL_HOLD,324.93,237.80,314.00,278.230,218.518,400.775,278.625,218.113,400.000,270.761,210.918,395.478,-0.775,14.280,,,,,0,278.625,218.113,400.000,
1785142167.1122,PID,NORMAL_HOLD,324.91,237.86,314.00,278.210,218.491,400.775,278.625,218.113,400.000,270.708,211.356,395.414,-0.775,14.399,,,,,0,278.625,218.113,400.000,
1785142167.1153,PID,NORMAL_HOLD,324.80,237.78,313.50,278.105,218.526,401.085,278.625,218.113,400.000,271.082,211.258,394.371,-1.085,20.517,,,,,0,278.625,218.113,400.000,
1785142167.1211,PID,NORMAL_HOLD,324.53,237.89,314.19,277.855,218.470,400.663,278.625,218.113,400.000,272.364,211.724,396.419,-0.663,7.484,,,,,0,278.625,218.113,400.000,
1785142167.1282,PID,NORMAL_HOLD,324.53,237.89,314.00,277.856,218.459,400.780,278.625,218.113,400.000,271.447,211.677,396.721,-0.780,5.477,,,,,0,278.625,218.113,400.000,
1785142167.1311,PID,NORMAL_HOLD,324.87,237.78,314.49,278.169,218.554,400.476,278.625,218.113,400.000,269.268,211.072,398.231,-0.476,-3.898,,,,,0,278.625,218.113,400.000,
1785142167.1348,PID,NORMAL_HOLD,324.50,237.76,314.50,277.823,218.621,400.473,278.625,218.113,400.000,271.759,210.904,398.969,-0.473,-8.417,,,,,0,278.625,218.113,400.000,
1785142167.1408,PID,NORMAL_HOLD,324.50,237.68,314.50,277.820,218.688,400.473,278.625,218.113,400.000,271.172,210.807,398.959,-0.473,-8.203,,,,,0,278.625,218.113,400.000,
1785142167.1451,PID,NORMAL_HOLD,324.71,237.59,315.00,278.008,218.752,400.162,278.625,218.113,400.000,269.882,210.786,400.265,-0.162,-16.110,,,,,0,278.625,218.113,400.000,
1785142167.1499,PID,NORMAL_HOLD,324.71,237.39,314.47,278.000,218.944,400.489,278.625,218.113,400.000,270.238,209.951,398.802,-0.489,-6.788,,,,,0,278.625,218.113,400.000,
1785142167.1556,PID,NORMAL_HOLD,324.95,237.32,314.89,278.229,218.948,400.227,278.625,218.113,400.000,269.087,210.632,399.428,-0.227,-10.538,,,,,0,278.625,218.113,400.000,
1785142167.1606,PID,NORMAL_HOLD,324.70,237.33,314.00,278.000,218.931,400.779,278.625,218.113,400.000,270.950,211.085,396.672,-0.779,6.679,,,,,0,278.625,218.113,400.000,
1785142167.1654,PID,NORMAL_HOLD,324.86,237.29,314.09,278.143,218.997,400.725,278.625,218.113,400.000,269.907,210.845,396.153,-0.725,9.748,,,,,0,278.625,218.113,400.000,
1785142167.1724,PID,NORMAL_HOLD,324.86,237.29,314.49,278.140,219.025,400.477,278.625,218.113,400.000,270.201,210.928,397.370,-0.477,2.055,,,,,0,278.625,218.113,400.000,
1785142167.1759,PID,NORMAL_HOLD,324.96,237.26,314.47,278.230,219.018,400.485,278.625,218.113,400.000,269.823,211.171,397.808,-0.485,-0.686,,,,,0,278.625,218.113,400.000,
1785142167.1795,PID,NORMAL_HOLD,324.96,237.26,314.50,278.234,218.968,400.467,278.625,218.113,400.000,270.110,211.529,398.038,-0.467,-2.093,,,,,0,278.625,218.113,400.000,
1785142167.1864,PID,NORMAL_HOLD,324.70,237.28,314.09,277.994,218.991,400.727,278.625,218.113,400.000,271.643,211.307,396.796,-0.727,5.612,,,,,0,278.625,218.113,400.000,
1785142167.1896,PID,NORMAL_HOLD,324.69,237.28,314.81,277.985,219.023,400.282,278.625,218.113,400.000,271.122,211.145,398.625,-0.282,-5.781,,,,,0,278.625,218.113,400.000,
1785142167.1952,PID,NORMAL_HOLD,324.87,237.22,314.57,278.146,219.085,400.429,278.625,218.113,400.000,269.929,210.897,398.451,-0.429,-4.599,,,,,0,278.625,218.113,400.000,
1785142167.2013,PID,NORMAL_HOLD,324.88,237.15,314.50,278.156,219.090,400.469,278.625,218.113,400.000,270.139,211.074,398.093,-0.469,-2.306,,,,,0,278.625,218.113,400.000,
1785142167.2043,PID,NORMAL_HOLD,324.87,237.22,314.50,278.146,219.089,400.471,278.625,218.113,400.000,270.356,211.199,397.903,-0.471,-1.093,,,,,0,278.625,218.113,400.000,
1785142167.2109,PID,NORMAL_HOLD,324.50,237.32,314.97,277.812,218.924,400.180,278.625,218.113,400.000,272.292,212.185,399.180,-0.180,-8.939,,,,,0,278.625,218.113,400.000,
1785142167.2169,PID,NORMAL_HOLD,324.59,237.31,315.09,277.892,218.969,400.110,278.625,218.113,400.000,270.971,211.514,399.782,-0.110,-12.484,,,,,0,278.625,218.113,400.000,
1785142167.2196,PID,NORMAL_HOLD,324.86,237.30,315.00,278.139,218.984,400.161,278.625,218.113,400.000,269.457,211.349,399.475,-0.161,-10.361,,,,,0,278.625,218.113,400.000,
1785142167.2247,PID,NORMAL_HOLD,324.71,237.39,315.76,278.001,218.884,399.692,278.625,218.113,400.000,270.763,211.928,401.543,0.308,-22.962,,,,,0,278.625,218.113,400.000,
1785142167.2330,PID,NORMAL_HOLD,324.50,237.32,315.76,277.812,218.899,399.691,278.625,218.113,400.000,271.204,211.603,401.547,0.309,-22.525,,,,,0,278.625,218.113,400.000,
1785142167.2372,PID,NORMAL_HOLD,324.69,237.28,316.00,277.983,219.018,399.545,278.625,218.113,400.000,269.960,210.839,401.976,0.455,-24.782,,,,,0,278.625,218.113,400.000,
1785142167.2454,PID,NORMAL_HOLD,324.54,237.19,316.20,277.845,219.039,399.423,278.625,218.113,400.000,271.031,210.962,401.888,0.577,-23.736,,,,,0,278.625,218.113,400.000,
1785142167.2557,PID,NORMAL_HOLD,324.53,237.11,316.43,277.825,219.112,399.277,278.625,218.113,400.000,270.902,210.751,402.073,0.723,-24.410,,,,,0,278.625,218.113,400.000,
1785142167.2580,PID,NORMAL_HOLD,324.50,237.11,316.81,277.800,219.111,399.042,278.625,218.113,400.000,270.868,211.028,401.597,0.958,-20.729,,,,,0,278.625,218.113,400.000,
1785142167.2635,PID,NORMAL_HOLD,324.50,237.11,317.00,277.800,219.110,398.926,278.625,218.113,400.000,270.722,211.168,402.421,1.074,-25.439,,,,,0,278.625,218.113,400.000,
1785142167.2704,PID,NORMAL_HOLD,324.66,237.15,317.50,277.949,219.098,398.617,278.625,218.113,400.000,270.193,211.269,402.973,1.383,-28.215,,,,,0,278.625,218.113,400.000,
1785142167.2732,PID,NORMAL_HOLD,324.50,237.11,317.43,277.799,219.108,398.658,278.625,218.113,400.000,271.229,211.229,402.986,1.342,-27.810,,,,,0,278.625,218.113,400.000,
1785142167.2784,PID,NORMAL_HOLD,324.53,237.10,317.43,277.829,219.113,398.658,278.625,218.113,400.000,270.722,211.235,402.540,1.342,-24.610,,,,,0,278.625,218.113,400.000,
1785142167.2850,PID,NORMAL_HOLD,325.00,237.00,317.81,278.255,219.208,398.426,278.625,218.113,400.000,268.361,210.756,402.691,1.574,-25.065,,,,,0,278.625,218.113,400.000,
1785142167.2877,PID,NORMAL_HOLD,324.50,237.00,317.80,277.793,219.209,398.431,278.625,218.113,400.000,271.880,211.006,402.105,1.569,-20.957,,,,,0,278.625,218.113,400.000,
1785142167.2930,PID,NORMAL_HOLD,324.18,237.00,318.00,277.500,219.191,398.309,278.625,218.113,400.000,272.987,211.245,402.169,1.691,-20.981,,,,,0,278.625,218.113,400.000,
1785142167.2998,PID,NORMAL_HOLD,324.50,237.00,318.19,277.791,219.228,398.190,278.625,218.113,400.000,270.250,211.056,402.237,1.810,-21.008,,,,,0,278.625,218.113,400.000,
1785142167.3034,PID,NORMAL_HOLD,324.50,237.11,317.81,277.797,219.118,398.425,278.625,218.113,400.000,270.381,211.773,400.650,1.575,-10.814,,,,,0,278.625,218.113,400.000,
1785142167.3081,PID,NORMAL_HOLD,324.50,237.18,318.00,277.798,219.069,398.308,278.625,218.113,400.000,270.474,211.808,400.383,1.692,-8.953,,,,,0,278.625,218.113,400.000,
1785142167.3164,PID,NORMAL_HOLD,324.50,237.24,318.00,277.800,219.016,398.308,278.625,218.113,400.000,270.512,211.847,400.151,1.692,-7.362,,,,,0,278.625,218.113,400.000,
1785142167.3191,PID,NORMAL_HOLD,324.86,237.30,317.50,278.133,219.003,398.617,278.625,218.113,400.000,268.773,211.653,398.359,1.383,3.846,,,,,0,278.625,218.113,400.000,
1785142167.3245,PID,NORMAL_HOLD,324.86,237.33,318.00,278.132,218.932,398.306,278.625,218.113,400.000,269.626,211.923,399.306,1.694,-2.056,,,,,0,278.625,218.113,400.000,
1785142167.3335,PID,NORMAL_HOLD,324.50,237.37,317.50,277.811,218.832,398.614,278.625,218.113,400.000,271.833,212.187,398.096,1.386,5.456,,,,,0,278.625,218.113,400.000,
1785142167.3345,PID,NORMAL_HOLD,324.50,237.50,317.50,277.811,218.772,398.616,278.625,218.113,400.000,271.200,212.093,397.815,1.384,7.090,,,,,0,278.625,218.113,400.000,
1785142167.3380,PID,NORMAL_HOLD,324.71,237.50,317.88,278.008,218.780,398.383,278.625,218.113,400.000,269.780,211.696,398.993,1.617,-0.311,,,,,0,278.625,218.113,400.000,
1785142167.3442,PID,NORMAL_HOLD,324.50,237.50,317.50,277.811,218.772,398.616,278.625,218.113,400.000,271.311,211.593,398.273,1.384,4.144,,,,,0,278.625,218.113,400.000,
1785142167.3494,PID,NORMAL_HOLD,324.50,237.68,317.19,277.814,218.672,398.811,278.625,218.113,400.000,270.927,212.054,397.220,1.189,10.559,,,,,0,278.625,218.113,400.000,
1785142167.3527,PID,NORMAL_HOLD,324.50,237.68,317.00,277.817,218.636,398.925,278.625,218.113,400.000,270.733,211.942,396.452,1.075,15.114,,,,,0,278.625,218.113,400.000,
1785142167.3597,PID,NORMAL_HOLD,324.54,237.81,316.50,277.864,218.513,399.233,278.625,218.113,400.000,270.398,212.355,395.052,0.767,23.480,,,,,0,278.625,218.113,400.000,
1785142167.3634,PID,NORMAL_HOLD,324.55,237.81,316.81,277.865,218.512,399.044,278.625,218.113,400.000,270.475,211.915,396.084,0.956,16.656,,,,,0,278.625,218.113,400.000,
1785142167.3690,PID,NORMAL_HOLD,324.50,237.82,316.19,277.826,218.492,399.425,278.625,218.113,400.000,270.734,211.807,394.928,0.575,23.475,,,,,0,278.625,218.113,400.000,
1785142167.3768,PID,NORMAL_HOLD,324.50,237.82,316.00,277.827,218.481,399.542,278.625,218.113,400.000,270.645,211.704,394.347,0.458,26.658,,,,,0,278.625,218.113,400.000,
1785142167.3798,PID,NORMAL_HOLD,324.31,237.72,316.00,277.649,218.513,399.542,278.625,218.113,400.000,271.537,211.424,394.747,0.458,23.711,,,,,0,278.625,218.113,400.000,
1785142167.3834,PID,NORMAL_HOLD,324.13,237.76,315.50,277.488,218.522,399.854,278.625,218.113,400.000,271.980,211.397,394.007,0.146,27.827,,,,,0,278.625,218.113,400.000,
1785142167.3889,PID,NORMAL_HOLD,324.36,237.62,316.45,277.688,218.691,399.266,278.625,218.113,400.000,270.186,210.466,397.163,0.734,7.842,,,,,0,278.625,218.113,400.000,
1785142167.3944,PID,NORMAL_HOLD,324.29,237.50,316.00,277.618,218.770,399.545,278.625,218.113,400.000,270.814,210.475,397.127,0.455,7.919,,,,,0,278.625,218.113,400.000,
1785142167.3978,PID,NORMAL_HOLD,324.50,237.68,315.50,277.817,218.698,399.855,278.625,218.113,400.000,269.633,211.326,395.989,0.145,14.746,,,,,0,278.625,218.113,400.000,
1785142167.4042,PID,NORMAL_HOLD,324.50,237.63,316.00,277.815,218.719,399.545,278.625,218.113,400.000,270.112,211.260,397.288,0.455,6.451,,,,,0,278.625,218.113,400.000,
1785142167.4085,PID,NORMAL_HOLD,324.29,237.50,316.26,277.618,218.759,399.386,278.625,218.113,400.000,271.574,211.084,398.650,0.614,-2.070,,,,,0,278.625,218.113,400.000,
1785142167.4152,PID,NORMAL_HOLD,324.50,237.37,315.96,277.812,218.872,399.568,278.625,218.113,400.000,270.031,210.618,398.216,0.432,0.646,,,,,0,278.625,218.113,400.000,
1785142167.4222,PID,NORMAL_HOLD,324.50,237.32,315.50,277.808,218.964,399.855,278.625,218.113,400.000,270.327,210.475,396.664,0.145,10.218,,,,,0,278.625,218.113,400.000,
1785142167.4250,PID,NORMAL_HOLD,324.04,237.26,315.50,277.388,218.969,399.857,278.625,218.113,400.000,272.688,210.872,396.329,0.143,12.096,,,,,0,278.625,218.113,400.000,
1785142167.4296,PID,NORMAL_HOLD,324.47,237.11,315.43,277.779,219.114,399.896,278.625,218.113,400.000,269.529,210.298,396.331,0.104,11.858,,,,,0,278.625,218.113,400.000,
1785142167.4362,PID,NORMAL_HOLD,324.14,237.10,315.43,277.471,219.132,399.903,278.625,218.113,400.000,271.805,210.691,396.545,0.097,10.316,,,,,0,278.625,218.113,400.000,
1785142167.4391,PID,NORMAL_HOLD,324.00,237.00,315.00,277.343,219.173,400.168,278.625,218.113,400.000,271.970,210.750,395.550,-0.168,16.270,,,,,0,278.625,218.113,400.000,
1785142167.4450,PID,NORMAL_HOLD,324.50,237.00,315.48,277.799,219.224,399.867,278.625,218.113,400.000,268.693,210.715,397.023,0.133,6.874,,,,,0,278.625,218.113,400.000,
1785142167.4527,PID,NORMAL_HOLD,324.27,237.16,315.00,277.594,219.112,400.167,278.625,218.113,400.000,270.745,211.584,396.369,-0.167,10.752,,,,,0,278.625,218.113,400.000,
1785142167.4542,PID,NORMAL_HOLD,324.13,237.22,315.50,277.462,219.049,399.858,278.625,218.113,400.000,271.426,211.786,397.849,0.142,1.404,,,,,0,278.625,218.113,400.000,
1785142167.4599,PID,NORMAL_HOLD,324.25,237.16,315.85,277.575,219.080,399.638,278.625,218.113,400.000,270.412,211.362,399.410,0.362,-8.246,,,,,0,278.625,218.113,400.000,
1785142167.4673,PID,NORMAL_HOLD,324.27,237.16,315.50,277.594,219.081,399.857,278.625,218.113,400.000,270.426,211.324,398.740,0.143,-3.959,,,,,0,278.625,218.113,400.000,
1785142167.4700,PID,NORMAL_HOLD,324.25,237.16,315.85,277.575,219.080,399.638,278.625,218.113,400.000,270.650,211.311,399.412,0.362,-8.021,,,,,0,278.625,218.113,400.000,
1785142167.4748,PID,NORMAL_HOLD,323.87,237.22,316.00,277.225,219.034,399.550,278.625,218.113,400.000,272.552,211.552,400.059,0.450,-11.889,,,,,0,278.625,218.113,400.000,
1785142167.4837,PID,NORMAL_HOLD,324.00,237.00,316.00,277.340,219.168,399.548,278.625,218.113,400.000,271.001,210.659,399.929,0.452,-10.860,,,,,0,278.625,218.113,400.000,
1785142167.4858,PID,NORMAL_HOLD,324.14,237.10,316.43,277.469,219.127,399.283,278.625,218.113,400.000,270.132,211.198,400.951,0.717,-16.969,,,,,0,278.625,218.113,400.000,
1785142167.4913,PID,NORMAL_HOLD,324.00,237.00,316.80,277.337,219.176,399.050,278.625,218.113,400.000,271.098,210.982,402.055,0.950,-23.465,,,,,0,278.625,218.113,400.000,
1785142167.4990,PID,NORMAL_HOLD,324.10,237.28,316.50,277.435,218.980,399.239,278.625,218.113,400.000,270.617,211.716,400.625,0.761,-14.105,,,,,0,278.625,218.113,400.000,
1785142167.5047,PID,NORMAL_HOLD,324.28,237.43,317.00,277.609,218.825,398.927,278.625,218.113,400.000,269.766,212.317,401.628,1.073,-20.037,,,,,0,278.625,218.113,400.000,
1785142167.5100,PID,NORMAL_HOLD,324.50,237.37,317.19,277.808,218.888,398.810,278.625,218.113,400.000,268.995,211.458,402.026,1.190,-22.107,,,,,0,278.625,218.113,400.000,
1785142167.5178,PID,NORMAL_HOLD,324.29,237.41,317.95,277.618,218.815,398.335,278.625,218.113,400.000,270.822,211.792,403.992,1.665,-33.821,,,,,0,278.625,218.113,400.000,
1785142167.5191,PID,NORMAL_HOLD,324.29,237.41,318.00,277.618,218.802,398.306,278.625,218.113,400.000,270.731,211.656,404.145,1.694,-34.150,,,,,0,278.625,218.113,400.000,
1785142167.5242,PID,NORMAL_HOLD,324.29,237.50,318.00,277.613,218.759,398.307,278.625,218.113,400.000,270.722,211.755,403.398,1.693,-28.901,,,,,0,278.625,218.113,400.000,
1785142167.5325,PID,NORMAL_HOLD,324.28,237.57,317.75,277.610,218.716,398.463,278.625,218.113,400.000,270.700,211.798,401.726,1.537,-18.038,,,,,0,278.625,218.113,400.000,
1785142167.5365,PID,NORMAL_HOLD,324.28,237.59,318.00,277.609,218.717,398.308,278.625,218.113,400.000,270.681,211.593,401.424,1.692,-15.821,,,,,0,278.625,218.113,400.000,
1785142167.5393,PID,NORMAL_HOLD,324.26,237.68,317.73,277.597,218.640,398.475,278.625,218.113,400.000,270.742,211.964,400.189,1.525,-7.901,,,,,0,278.625,218.113,400.000,
1785142167.5461,PID,NORMAL_HOLD,324.50,237.89,317.00,277.823,218.468,398.925,278.625,218.113,400.000,269.450,212.643,397.358,1.075,9.734,,,,,0,278.625,218.113,400.000,
1785142167.5506,PID,NORMAL_HOLD,324.50,237.89,317.50,277.824,218.436,398.615,278.625,218.113,400.000,270.015,212.222,398.097,1.385,4.997,,,,,0,278.625,218.113,400.000,
1785142167.5536,PID,NORMAL_HOLD,324.50,238.00,317.50,277.827,218.357,398.615,278.625,218.113,400.000,270.287,212.333,398.472,1.385,2.596,,,,,0,278.625,218.113,400.000,
1785142167.5599,PID,NORMAL_HOLD,324.27,238.00,317.47,277.616,218.318,398.632,278.625,218.113,400.000,271.584,212.129,398.588,1.368,1.835,,,,,0,278.625,218.113,400.000,
1785142167.5675,PID,NORMAL_HOLD,324.00,238.00,317.00,277.372,218.280,398.924,278.625,218.113,400.000,272.292,212.003,397.273,1.076,9.911,,,,,0,278.625,218.113,400.000,
1785142167.5713,PID,NORMAL_HOLD,324.53,238.10,317.00,277.863,218.261,398.923,278.625,218.113,400.000,268.281,211.890,397.081,1.077,10.901,,,,,0,278.625,218.113,400.000,
1785142167.5781,PID,NORMAL_HOLD,324.00,238.00,316.50,277.371,218.312,399.235,278.625,218.113,400.000,272.211,211.424,395.394,0.765,21.187,,,,,0,278.625,218.113,400.000,
1785142167.5834,PID,NORMAL_HOLD,324.00,238.00,316.56,277.373,218.289,399.196,278.625,218.113,400.000,271.463,211.584,395.678,0.804,19.042,,,,,0,278.625,218.113,400.000,
1785142167.5852,PID,NORMAL_HOLD,324.00,238.00,316.50,277.371,218.312,399.235,278.625,218.113,400.000,271.105,211.426,396.044,0.765,16.421,,,,,0,278.625,218.113,400.000,
1785142167.5923,PID,NORMAL_HOLD,324.50,238.11,316.00,277.834,218.262,399.542,278.625,218.113,400.000,268.246,211.759,395.031,0.458,22.370,,,,,0,278.625,218.113,400.000,
1785142167.5965,PID,NORMAL_HOLD,324.50,238.11,315.60,277.840,218.200,399.789,278.625,218.113,400.000,269.386,212.002,393.895,0.211,28.989,,,,,0,278.625,218.113,400.000,
1785142167.6014,PID,NORMAL_HOLD,324.50,238.18,316.00,277.840,218.158,399.541,278.625,218.113,400.000,269.991,212.014,395.423,0.459,19.012,,,,,0,278.625,218.113,400.000,
1785142167.6091,PID,NORMAL_HOLD,324.50,238.18,315.46,277.845,218.112,399.870,278.625,218.113,400.000,270.263,212.041,394.743,0.130,22.865,,,,,0,278.625,218.113,400.000,
1785142167.6112,PID,NORMAL_HOLD,324.52,238.11,316.50,277.860,218.202,399.231,278.625,218.113,400.000,270.339,211.308,398.107,0.769,1.690,,,,,0,278.625,218.113,400.000,
1785142167.6158,PID,NORMAL_HOLD,324.53,238.10,316.00,277.865,218.267,399.542,278.625,218.113,400.000,270.436,211.078,397.869,0.458,3.123,,,,,0,278.625,218.113,400.000,
1785142167.6239,PID,NORMAL_HOLD,324.50,238.00,315.80,277.831,218.357,399.664,278.625,218.113,400.000,270.694,210.812,397.232,0.336,7.004,,,,,0,278.625,218.113,400.000,
1785142167.6253,PID,NORMAL_HOLD,324.50,237.89,316.00,277.827,218.445,399.543,278.625,218.113,400.000,270.667,210.636,397.764,0.457,3.592,,,,,0,278.625,218.113,400.000,
1785142167.6314,PID,NORMAL_HOLD,324.50,237.89,315.43,277.829,218.448,399.893,278.625,218.113,400.000,270.624,211.038,396.573,0.107,10.821,,,,,0,278.625,218.113,400.000,
1785142167.6390,PID,NORMAL_HOLD,324.50,237.82,315.00,277.829,218.486,400.161,278.625,218.113,400.000,270.606,211.039,394.568,-0.161,23.081,,,,,0,278.625,218.113,400.000,
1785142167.6409,PID,NORMAL_HOLD,324.50,237.89,315.00,277.830,218.450,400.161,278.625,218.113,400.000,270.600,211.450,394.590,-0.161,22.524,,,,,0,278.625,218.113,400.000,
1785142167.6444,PID,NORMAL_HOLD,324.50,237.89,315.50,277.829,218.447,399.852,278.625,218.113,400.000,270.605,211.477,396.615,0.148,9.607,,,,,0,278.625,218.113,400.000,
1785142167.6520,PID,NORMAL_HOLD,324.50,237.89,315.00,277.830,218.450,400.161,278.625,218.113,400.000,270.595,211.460,396.136,-0.161,12.365,,,,,0,278.625,218.113,400.000,
1785142167.6568,PID,NORMAL_HOLD,324.50,237.89,314.85,277.830,218.451,400.252,278.625,218.113,400.000,270.594,211.462,395.685,-0.252,14.935,,,,,0,278.625,218.113,400.000,
1785142167.6603,PID,NORMAL_HOLD,324.20,237.78,315.00,277.554,218.518,400.164,278.625,218.113,400.000,272.148,211.092,396.319,-0.164,10.746,,,,,0,278.625,218.113,400.000,
1785142167.6673,PID,NORMAL_HOLD,324.31,237.72,314.50,277.650,218.553,400.472,278.625,218.113,400.000,270.890,211.081,395.366,-0.472,16.414,,,,,0,278.625,218.113,400.000,
1785142167.6723,PID,NORMAL_HOLD,324.04,237.74,315.50,277.400,218.602,399.858,278.625,218.113,400.000,272.182,210.981,398.241,0.142,-1.615,,,,,0,278.625,218.113,400.000,
1785142167.6752,PID,NORMAL_HOLD,324.14,237.71,314.95,277.487,218.658,400.196,278.625,218.113,400.000,271.002,210.916,397.611,-0.196,2.307,,,,,0,278.625,218.113,400.000,
1785142167.6834,PID,NORMAL_HOLD,324.30,237.64,315.00,277.630,218.711,400.166,278.625,218.113,400.000,270.032,210.858,397.617,-0.166,2.224,,,,,0,278.625,218.113,400.000,
1785142167.6868,PID,NORMAL_HOLD,324.03,237.50,315.00,277.382,218.775,400.167,278.625,218.113,400.000,271.638,210.789,397.655,-0.167,1.951,,,,,0,278.625,218.113,400.000,
1785142167.6898,PID,NORMAL_HOLD,324.04,237.77,314.50,277.399,218.625,400.479,278.625,218.113,400.000,271.088,211.943,396.221,-0.479,10.761,,,,,0,278.625,218.113,400.000,
1785142167.7001,PID,NORMAL_HOLD,324.31,237.72,315.23,277.643,218.621,400.021,278.625,218.113,400.000,269.447,211.701,398.117,-0.021,-1.135,,,,,0,278.625,218.113,400.000,
1785142167.7020,PID,NORMAL_HOLD,324.10,237.72,314.19,277.463,218.529,400.665,278.625,218.113,400.000,271.114,212.102,395.607,-0.665,14.396,,,,,0,278.625,218.113,400.000,
1785142167.7063,PID,NORMAL_HOLD,324.00,237.72,315.00,277.364,218.592,400.167,278.625,218.113,400.000,271.455,211.427,397.486,-0.167,2.534,,,,,0,278.625,218.113,400.000,
1785142167.7174,PID,NORMAL_HOLD,324.30,237.52,315.50,277.635,218.766,399.855,278.625,218.113,400.000,270.305,210.916,398.733,0.145,-4.977,,,,,0,278.625,218.113,400.000,
1785142167.7224,PID,NORMAL_HOLD,323.71,237.39,315.19,277.083,218.868,400.053,278.625,218.113,400.000,273.530,210.585,398.804,-0.053,-5.320,,,,,0,278.625,218.113,400.000,
1785142167.7263,PID,NORMAL_HOLD,323.86,237.30,315.20,277.222,218.936,400.045,278.625,218.113,400.000,271.404,210.583,398.771,-0.045,-5.014,,,,,0,278.625,218.113,400.000,
1785142167.7341,PID,NORMAL_HOLD,323.50,237.32,315.00,276.890,218.947,400.173,278.625,218.113,400.000,272.877,210.889,398.025,-0.173,-0.321,,,,,0,278.625,218.113,400.000,
1785142167.7391,PID,NORMAL_HOLD,323.95,237.32,315.20,277.307,218.956,400.048,278.625,218.113,400.000,269.833,211.063,398.352,-0.048,-2.335,,,,,0,278.625,218.113,400.000,
1785142167.7406,PID,NORMAL_HOLD,324.00,237.46,315.35,277.355,218.805,399.947,278.625,218.113,400.000,269.972,212.216,398.924,0.053,-5.828,,,,,0,278.625,218.113,400.000,
1785142167.7501,PID,NORMAL_HOLD,323.71,237.61,316.00,277.086,218.691,399.550,278.625,218.113,400.000,271.806,212.396,400.839,0.450,-17.520,,,,,0,278.625,218.113,400.000,
1785142167.7519,PID,NORMAL_HOLD,323.90,237.67,315.00,277.271,218.609,400.167,278.625,218.113,400.000,270.241,212.379,398.174,-0.167,-0.740,,,,,0,278.625,218.113,400.000,
1785142167.7570,PID,NORMAL_HOLD,323.50,237.68,315.79,276.903,218.582,399.677,278.625,218.113,400.000,272.493,212.043,399.549,0.323,-9.204,,,,,0,278.625,218.113,400.000,
1785142167.7673,PID,NORMAL_HOLD,323.50,237.63,317.00,276.893,218.666,398.931,278.625,218.113,400.000,271.721,211.484,401.241,1.069,-18.942,,,,,0,278.625,218.113,400.000,
1785142167.7715,PID,NORMAL_HOLD,323.50,237.50,316.50,276.894,218.740,399.240,278.625,218.113,400.000,271.305,211.033,401.156,0.760,-17.971,,,,,0,278.625,218.113,400.000,
1785142167.7772,PID,NORMAL_HOLD,323.50,237.50,316.50,276.894,218.740,399.240,278.625,218.113,400.000,271.101,211.206,401.342,0.760,-18.869,,,,,0,278.625,218.113,400.000,
1785142167.7840,PID,NORMAL_HOLD,323.50,237.63,316.50,276.895,218.669,399.241,278.625,218.113,400.000,270.992,211.672,400.721,0.759,-14.683,,,,,0,278.625,218.113,400.000,
1785142167.7880,PID,NORMAL_HOLD,323.50,237.63,316.20,276.896,218.670,399.428,278.625,218.113,400.000,270.939,211.527,399.281,0.572,-5.525,,,,,0,278.625,218.113,400.000,
1785142167.7913,PID,NORMAL_HOLD,323.53,237.89,315.81,276.932,218.431,399.670,278.625,218.113,400.000,270.700,212.945,397.373,0.330,6.379,,,,,0,278.625,218.113,400.000,
1785142167.8007,PID,NORMAL_HOLD,323.50,237.89,316.00,276.909,218.396,399.549,278.625,218.113,400.000,270.913,212.392,397.501,0.451,5.469,,,,,0,278.625,218.113,400.000,
1785142167.8035,PID,NORMAL_HOLD,324.00,238.00,316.26,277.369,218.357,399.385,278.625,218.113,400.000,268.344,212.155,398.465,0.615,-0.582,,,,,0,278.625,218.113,400.000,
1785142167.8085,PID,NORMAL_HOLD,324.00,238.00,316.50,277.369,218.343,399.236,278.625,218.113,400.000,269.549,211.905,399.414,0.764,-6.410,,,,,0,278.625,218.113,400.000,
1785142167.8162,PID,NORMAL_HOLD,324.00,238.00,316.00,277.371,218.343,399.546,278.625,218.113,400.000,270.144,211.700,398.106,0.454,1.805,,,,,0,278.625,218.113,400.000,
1785142167.8175,PID,NORMAL_HOLD,323.50,238.00,316.43,276.908,218.342,399.282,278.625,218.113,400.000,273.021,211.608,399.021,0.718,-3.877,,,,,0,278.625,218.113,400.000,
1785142167.8228,PID,NORMAL_HOLD,324.00,238.00,316.08,277.370,218.343,399.498,278.625,218.113,400.000,269.570,211.544,398.227,0.502,1.090,,,,,0,278.625,218.113,400.000,
1785142167.8343,PID,NORMAL_HOLD,324.00,238.00,316.00,277.371,218.343,399.546,278.625,218.113,400.000,270.165,211.520,398.024,0.454,2.256,,,,,0,278.625,218.113,400.000,
1785142167.8390,PID,NORMAL_HOLD,324.00,238.06,315.50,277.375,218.290,399.856,278.625,218.113,400.000,270.441,211.815,396.222,0.144,13.353,,,,,0,278.625,218.113,400.000,
1785142167.8428,PID,NORMAL_HOLD,324.00,238.24,315.50,277.382,218.109,399.854,278.625,218.113,400.000,270.554,212.750,395.835,0.146,15.517,,,,,0,278.625,218.113,400.000,
1785142167.8505,PID,NORMAL_HOLD,324.00,238.31,315.64,277.387,218.009,399.763,278.625,218.113,400.000,270.630,212.692,396.586,0.237,10.582,,,,,0,278.625,218.113,400.000,
1785142167.8524,PID,NORMAL_HOLD,324.00,238.31,315.80,277.389,217.976,399.665,278.625,218.113,400.000,270.683,212.334,397.551,0.335,4.430,,,,,0,278.625,218.113,400.000,
1785142167.8576,PID,NORMAL_HOLD,324.10,238.33,316.44,277.479,217.995,399.271,278.625,218.113,400.000,270.227,211.865,399.896,0.729,-10.122,,,,,0,278.625,218.113,400.000,
1785142167.8669,PID,NORMAL_HOLD,324.00,238.31,316.44,277.385,217.998,399.271,278.625,218.113,400.000,271.011,211.721,400.468,0.729,-13.457,,,,,0,278.625,218.113,400.000,
1785142167.8693,PID,NORMAL_HOLD,324.00,238.21,316.50,277.380,218.108,399.234,278.625,218.113,400.000,270.915,211.057,400.608,0.766,-14.071,,,,,0,278.625,218.113,400.000,
1785142167.8746,PID,NORMAL_HOLD,324.25,238.16,316.50,277.610,218.165,399.233,278.625,218.113,400.000,269.623,211.009,400.253,0.767,-11.602,,,,,0,278.625,218.113,400.000,
1785142167.8841,PID,NORMAL_HOLD,324.25,238.16,316.00,277.608,218.207,399.544,278.625,218.113,400.000,270.168,211.027,398.323,0.456,0.552,,,,,0,278.625,218.113,400.000,
1785142167.8855,PID,NORMAL_HOLD,324.00,238.21,315.50,277.382,218.124,399.854,278.625,218.113,400.000,271.647,211.731,396.288,0.146,13.083,,,,,0,278.625,218.113,400.000,
1785142167.8893,PID,NORMAL_HOLD,324.13,238.24,315.50,277.503,218.118,399.853,278.625,218.113,400.000,270.577,211.679,395.838,0.147,15.608,,,,,0,278.625,218.113,400.000,
1785142167.8958,PID,NORMAL_HOLD,324.05,238.32,315.50,277.431,217.980,399.851,278.625,218.113,400.000,271.106,212.494,395.937,0.149,14.731,,,,,0,278.625,218.113,400.000,
1785142167.9000,PID,NORMAL_HOLD,324.05,238.32,315.80,277.431,217.973,399.664,278.625,218.113,400.000,270.930,212.088,397.251,0.336,6.345,,,,,0,278.625,218.113,400.000,
1785142167.9038,PID,NORMAL_HOLD,324.14,238.33,316.00,277.521,217.971,399.541,278.625,218.113,400.000,270.319,211.860,398.471,0.459,-1.303,,,,,0,278.625,218.113,400.000,
1785142167.9109,PID,NORMAL_HOLD,324.14,238.33,316.44,277.518,217.995,399.270,278.625,218.113,400.000,270.540,211.597,400.178,0.730,-11.807,,,,,0,278.625,218.113,400.000,
1785142167.9145,PID,NORMAL_HOLD,324.00,238.31,316.50,277.381,218.046,399.234,278.625,218.113,400.000,271.386,211.317,400.727,0.766,-14.982,,,,,0,278.625,218.113,400.000,
1785142167.9197,PID,NORMAL_HOLD,324.00,238.21,316.50,277.380,218.108,399.234,278.625,218.113,400.000,271.084,211.115,400.534,0.766,-13.499,,,,,0,278.625,218.113,400.000,
1785142167.9265,PID,NORMAL_HOLD,324.25,238.16,316.50,277.610,218.155,399.232,278.625,218.113,400.000,269.612,211.074,400.235,0.768,-11.410,,,,,0,278.625,218.113,400.000,
1785142167.9277,PID,NORMAL_HOLD,324.00,238.10,316.50,277.378,218.179,399.233,278.625,218.113,400.000,271.485,211.174,399.833,0.767,-8.716,,,,,0,278.625,218.113,400.000,
1785142167.9345,PID,NORMAL_HOLD,324.00,238.10,316.50,277.379,218.169,399.233,278.625,218.113,400.000,271.124,211.415,399.504,0.767,-6.521,,,,,0,278.625,218.113,400.000,
1785142167.9409,PID,NORMAL_HOLD,323.91,238.23,316.50,277.292,218.104,399.235,278.625,218.113,400.000,271.440,211.849,399.231,0.765,-4.710,,,,,0,278.625,218.113,400.000,
1785142167.9421,PID,NORMAL_HOLD,324.00,238.31,316.50,277.387,217.975,399.232,278.625,218.113,400.000,270.627,212.381,399.034,0.768,-3.400,,,,,0,278.625,218.113,400.000,
1785142167.9490,PID,NORMAL_HOLD,324.05,238.39,317.00,277.431,217.932,398.923,278.625,218.113,400.000,270.419,212.262,400.449,1.077,-12.082,,,,,0,278.625,218.113,400.000,
1785142167.9549,PID,NORMAL_HOLD,324.10,238.35,317.00,277.481,217.955,398.922,278.625,218.113,400.000,270.318,211.819,400.672,1.078,-13.235,,,,,0,278.625,218.113,400.000,
1785142167.9585,PID,NORMAL_HOLD,324.00,238.39,317.00,277.386,217.931,398.923,278.625,218.113,400.000,271.077,211.852,400.367,1.077,-11.090,,,,,0,278.625,218.113,400.000,
1785142167.9636,PID,NORMAL_HOLD,324.00,238.31,317.45,277.379,218.040,398.645,278.625,218.113,400.000,270.964,211.135,401.407,1.355,-17.296,,,,,0,278.625,218.113,400.000,
1785142167.9703,PID,NORMAL_HOLD,324.00,238.21,317.00,277.381,218.066,398.923,278.625,218.113,400.000,270.854,211.222,400.043,1.077,-8.556,,,,,0,278.625,218.113,400.000,
1785142167.9739,PID,NORMAL_HOLD,324.25,238.16,317.08,277.609,218.153,398.872,278.625,218.113,400.000,269.536,210.909,399.614,1.128,-5.747,,,,,0,278.625,218.113,400.000,
1785142167.9771,PID,NORMAL_HOLD,324.00,238.10,317.00,277.374,218.216,398.925,278.625,218.113,400.000,271.438,210.880,399.075,1.075,-2.311,,,,,0,278.625,218.113,400.000,
1785142167.9853,PID,NORMAL_HOLD,324.25,238.16,316.50,277.610,218.155,399.232,278.625,218.113,400.000,269.820,211.540,397.366,0.768,8.278,,,,,0,278.625,218.113,400.000,
1785142167.9884,PID,NORMAL_HOLD,324.00,238.21,316.00,277.381,218.121,399.544,278.625,218.113,400.000,271.585,211.741,395.444,0.456,19.981,,,,,0,278.625,218.113,400.000,
1785142167.9946,PID,NORMAL_HOLD,324.14,238.29,316.50,277.514,217.993,399.231,278.625,218.113,400.000,270.526,212.283,396.708,0.769,11.812,,,,,0,278.625,218.113,400.000,
1785142168.0009,PID,NORMAL_HOLD,324.14,238.33,316.80,277.520,217.954,399.042,278.625,218.113,400.000,270.596,212.174,398.343,0.958,1.500,,,,,0,278.625,218.113,400.000,
1785142168.0039,PID,NORMAL_HOLD,324.10,238.35,317.00,277.483,217.931,398.921,278.625,218.113,400.000,270.883,212.026,399.465,1.079,-5.432,,,,,0,278.625,218.113,400.000,
1785142168.0096,PID,NORMAL_HOLD,324.00,238.35,317.00,277.386,217.949,398.922,278.625,218.113,400.000,271.278,211.742,399.784,1.078,-7.294,,,,,0,278.625,218.113,400.000,
1785142168.0170,PID,NORMAL_HOLD,324.10,238.28,317.00,277.470,218.074,398.924,278.625,218.113,400.000,270.443,210.809,399.785,1.076,-7.178,,,,,0,278.625,218.113,400.000,
1785142168.0184,PID,NORMAL_HOLD,324.00,238.21,317.00,277.381,218.066,398.923,278.625,218.113,400.000,271.084,211.237,399.574,1.077,-5.730,,,,,0,278.625,218.113,400.000,
1785142168.0231,PID,NORMAL_HOLD,323.98,238.10,316.96,277.359,218.175,398.950,278.625,218.113,400.000,271.052,210.816,399.261,1.050,-3.693,,,,,0,278.625,218.113,400.000,
1785142168.0333,PID,NORMAL_HOLD,323.54,238.11,316.50,276.957,218.143,399.236,278.625,218.113,400.000,272.125,211.277,398.308,0.764,2.115,,,,,0,278.625,218.113,400.000,
1785142168.0394,PID,NORMAL_HOLD,323.91,238.23,316.00,277.294,218.107,399.545,278.625,218.113,400.000,269.735,211.608,396.238,0.455,14.811,,,,,0,278.625,218.113,400.000,
1785142168.0429,PID,NORMAL_HOLD,324.00,238.31,316.50,277.387,217.975,399.232,278.625,218.113,400.000,269.734,212.353,397.212,0.768,8.529,,,,,0,278.625,218.113,400.000,
1785142168.0501,PID,NORMAL_HOLD,323.90,238.33,316.80,277.292,217.958,399.046,278.625,218.113,400.000,270.781,212.076,398.635,0.954,-0.401,,,,,0,278.625,218.113,400.000,
1785142168.0527,PID,NORMAL_HOLD,323.82,238.40,316.80,277.225,217.919,399.047,278.625,218.113,400.000,271.148,212.048,399.166,0.953,-3.674,,,,,0,278.625,218.113,400.000,
1785142168.0573,PID,NORMAL_HOLD,323.90,238.28,317.36,277.291,218.006,398.703,278.625,218.113,400.000,270.584,211.302,400.907,1.297,-14.340,,,,,0,278.625,218.113,400.000,
1785142168.0665,PID,NORMAL_HOLD,323.59,238.31,317.50,276.999,218.047,398.617,278.625,218.113,400.000,272.274,211.229,401.474,1.383,-17.532,,,,,0,278.625,218.113,400.000,
1785142168.0683,PID,NORMAL_HOLD,323.50,238.18,317.00,276.915,218.140,398.928,278.625,218.113,400.000,272.072,210.875,399.878,1.072,-7.343,,,,,0,278.625,218.113,400.000,
1785142168.0728,PID,NORMAL_HOLD,323.66,238.15,317.00,277.064,218.175,398.927,278.625,218.113,400.000,270.679,211.025,399.161,1.073,-2.779,,,,,0,278.625,218.113,400.000,
1785142168.0830,PID,NORMAL_HOLD,323.53,238.10,317.00,276.944,218.191,398.927,278.625,218.113,400.000,271.405,211.201,398.845,1.073,-0.779,,,,,0,278.625,218.113,400.000,
1785142168.0843,PID,NORMAL_HOLD,323.50,238.11,316.50,276.919,218.142,399.236,278.625,218.113,400.000,271.315,211.673,397.201,0.764,9.393,,,,,0,278.625,218.113,400.000,
1785142168.0886,PID,NORMAL_HOLD,323.91,238.23,317.00,277.292,218.089,398.925,278.625,218.113,400.000,269.031,211.915,398.295,1.075,2.480,,,,,0,278.625,218.113,400.000,
1785142168.0953,PID,NORMAL_HOLD,323.86,238.30,316.80,277.257,217.967,399.046,278.625,218.113,400.000,270.116,212.417,398.150,0.954,3.340,,,,,0,278.625,218.113,400.000,
1785142168.0987,PID,NORMAL_HOLD,324.00,238.39,317.50,277.384,217.934,398.613,278.625,218.113,400.000,269.818,212.188,400.261,1.387,-9.740,,,,,0,278.625,218.113,400.000,
1785142168.1058,PID,NORMAL_HOLD,323.94,238.50,317.43,277.336,217.849,398.658,278.625,218.113,400.000,270.577,212.382,400.639,1.342,-11.893,,,,,0,278.625,218.113,400.000,
1785142168.1129,PID,NORMAL_HOLD,323.72,238.43,318.00,277.126,217.867,398.304,278.625,218.113,400.000,271.898,211.913,401.953,1.696,-19.720,,,,,0,278.625,218.113,400.000,
1785142168.1146,PID,NORMAL_HOLD,323.50,238.50,317.50,276.926,217.832,398.615,278.625,218.113,400.000,272.521,211.974,400.664,1.385,-11.395,,,,,0,278.625,218.113,400.000,
1785142168.1175,PID,NORMAL_HOLD,323.35,238.47,317.80,276.787,217.866,398.431,278.625,218.113,400.000,272.515,211.621,400.805,1.569,-12.045,,,,,0,278.625,218.113,400.000,
1785142168.1242,PID,NORMAL_HOLD,323.44,238.25,317.80,276.868,217.986,398.429,278.625,218.113,400.000,271.299,210.971,400.642,1.571,-10.814,,,,,0,278.625,218.113,400.000,
1785142168.1284,PID,NORMAL_HOLD,323.44,238.27,317.80,276.864,217.964,398.428,278.625,218.113,400.000,271.150,211.415,400.302,1.572,-8.505,,,,,0,278.625,218.113,400.000,
1785142168.1354,PID,NORMAL_HOLD,323.50,238.50,317.50,276.924,217.858,398.616,278.625,218.113,400.000,270.705,212.117,399.082,1.384,-0.810,,,,,0,278.625,218.113,400.000,
1785142168.1424,PID,NORMAL_HOLD,323.50,238.63,317.43,276.929,217.744,398.658,278.625,218.113,400.000,270.794,212.514,398.445,1.342,3.143,,,,,0,278.625,218.113,400.000,
1785142168.1437,PID,NORMAL_HOLD,323.86,238.70,317.57,277.260,217.723,398.573,278.625,218.113,400.000,269.062,212.212,398.694,1.427,1.549,,,,,0,278.625,218.113,400.000,
1785142168.1489,PID,NORMAL_HOLD,323.50,238.82,318.00,276.930,217.623,398.306,278.625,218.113,400.000,271.759,212.495,400.112,1.694,-7.223,,,,,0,278.625,218.113,400.000,
1785142168.1562,PID,NORMAL_HOLD,323.55,238.81,318.35,276.970,217.629,398.089,278.625,218.113,400.000,271.113,212.072,401.405,1.911,-15.039,,,,,0,278.625,218.113,400.000,
1785142168.1598,PID,NORMAL_HOLD,323.55,238.81,317.57,276.971,217.657,398.576,278.625,218.113,400.000,271.013,211.738,399.223,1.424,-1.281,,,,,0,278.625,218.113,400.000,
1785142168.1632,PID,NORMAL_HOLD,323.50,238.50,318.00,276.927,217.797,398.304,278.625,218.113,400.000,271.210,210.960,399.733,1.696,-4.399,,,,,0,278.625,218.113,400.000,
1785142168.1700,PID,NORMAL_HOLD,323.50,238.63,317.43,276.927,217.767,398.662,278.625,218.113,400.000,271.072,211.484,398.044,1.338,6.124,,,,,0,278.625,218.113,400.000,
1785142168.1738,PID,NORMAL_HOLD,323.50,238.50,317.42,276.926,217.842,398.663,278.625,218.113,400.000,271.014,211.155,397.643,1.337,8.485,,,,,0,278.625,218.113,400.000,
1785142168.1790,PID,NORMAL_HOLD,323.71,238.50,317.00,277.124,217.866,398.925,278.625,218.113,400.000,269.906,211.272,396.396,1.075,16.028,,,,,0,278.625,218.113,400.000,
1785142168.1864,PID,NORMAL_HOLD,323.50,238.37,316.50,276.928,217.924,399.235,278.625,218.113,400.000,271.530,211.122,394.887,0.765,25.027,,,,,0,278.625,218.113,400.000,
1785142168.1889,PID,NORMAL_HOLD,323.71,238.59,316.81,277.121,217.784,399.043,278.625,218.113,400.000,270.160,212.154,395.757,0.957,19.201,,,,,0,278.625,218.113,400.000,
1785142168.1938,PID,NORMAL_HOLD,324.00,238.61,316.43,277.392,217.780,399.275,278.625,218.113,400.000,269.082,211.930,395.352,0.725,21.358,,,,,0,278.625,218.113,400.000,
1785142168.2017,PID,NORMAL_HOLD,324.05,238.68,316.50,277.434,217.752,399.234,278.625,218.113,400.000,269.698,211.965,395.947,0.766,17.278,,,,,0,278.625,218.113,400.000,
1785142168.2048,PID,NORMAL_HOLD,324.19,238.50,316.80,277.560,217.878,399.044,278.625,218.113,400.000,269.541,211.116,397.440,0.956,7.746,,,,,0,278.625,218.113,400.000,
1785142168.2092,PID,NORMAL_HOLD,324.05,238.59,316.50,277.434,217.849,399.235,278.625,218.113,400.000,270.859,211.544,397.204,0.765,9.067,,,,,0,278.625,218.113,400.000,
1785142168.2170,PID,NORMAL_HOLD,324.00,238.31,316.19,277.386,218.003,399.425,278.625,218.113,400.000,271.085,210.767,396.521,0.575,13.094,,,,,0,278.625,218.113,400.000,
1785142168.2201,PID,NORMAL_HOLD,324.00,238.28,316.00,277.381,218.091,399.545,278.625,218.113,400.000,270.974,210.681,395.795,0.455,17.359,,,,,0,278.625,218.113,400.000,
1785142168.2234,PID,NORMAL_HOLD,324.00,238.10,316.00,277.377,218.222,399.545,278.625,218.113,400.000,270.915,210.414,396.032,0.455,15.571,,,,,0,278.625,218.113,400.000,
1785142168.2337,PID,NORMAL_HOLD,324.00,238.21,315.00,277.379,218.195,400.166,278.625,218.113,400.000,270.858,211.054,395.267,-0.166,19.569,,,,,0,278.625,218.113,400.000,
1785142168.2385,PID,NORMAL_HOLD,324.47,238.11,315.00,277.817,218.209,400.159,278.625,218.113,400.000,268.388,211.224,394.214,-0.159,25.691,,,,,0,278.625,218.113,400.000,
1785142168.2447,PID,NORMAL_HOLD,324.09,238.22,315.00,277.469,218.129,400.163,278.625,218.113,400.000,271.478,211.826,394.296,-0.163,24.720,,,,,0,278.625,218.113,400.000,
1785142168.2518,PID,NORMAL_HOLD,324.27,238.16,315.00,277.632,218.175,400.161,278.625,218.113,400.000,270.244,211.445,394.955,-0.161,20.186,,,,,0,278.625,218.113,400.000,
1785142168.2555,PID,NORMAL_HOLD,324.25,238.16,315.00,277.609,218.231,400.163,278.625,218.113,400.000,270.622,211.179,395.670,-0.163,15.386,,,,,0,278.625,218.113,400.000,
1785142168.2584,PID,NORMAL_HOLD,324.27,238.05,315.00,277.624,218.314,400.163,278.625,218.113,400.000,270.601,210.903,396.198,-0.163,11.849,,,,,0,278.625,218.113,400.000,
1785142168.2669,PID,NORMAL_HOLD,324.00,238.00,315.00,277.372,218.378,400.167,278.625,218.113,400.000,272.012,210.866,396.679,-0.167,8.657,,,,,0,278.625,218.113,400.000,
1785142168.2696,PID,NORMAL_HOLD,323.50,238.00,314.43,276.915,218.357,400.523,278.625,218.113,400.000,274.106,211.301,395.222,-0.523,17.505,,,,,0,278.625,218.113,400.000,
1785142168.2764,PID,NORMAL_HOLD,323.53,237.89,314.00,276.938,218.440,400.791,278.625,218.113,400.000,272.404,210.935,394.239,-0.791,23.148,,,,,0,278.625,218.113,400.000,
1785142168.2832,PID,NORMAL_HOLD,323.83,237.71,314.45,277.202,218.643,400.508,278.625,218.113,400.000,270.175,210.050,395.427,-0.508,15.403,,,,,0,278.625,218.113,400.000,
1785142168.2844,PID,NORMAL_HOLD,323.90,237.72,314.00,277.272,218.663,400.790,278.625,218.113,400.000,270.138,210.617,394.829,-0.790,18.821,,,,,0,278.625,218.113,400.000,
1785142168.2890,PID,NORMAL_HOLD,324.00,237.76,313.50,277.365,218.636,401.098,278.625,218.113,400.000,270.003,211.151,393.756,-1.098,25.048,,,,,0,278.625,218.113,400.000,
1785142168.2946,PID,NORMAL_HOLD,324.04,237.74,314.26,277.401,218.647,400.629,278.625,218.113,400.000,270.202,211.220,396.096,-0.629,10.134,,,,,0,278.625,218.113,400.000,
1785142168.2985,PID,NORMAL_HOLD,324.47,237.63,314.45,277.788,218.743,400.502,278.625,218.113,400.000,268.523,210.818,397.770,-0.502,-0.388,,,,,0,278.625,218.113,400.000,
1785142168.3052,PID,NORMAL_HOLD,324.19,237.50,314.47,277.525,218.869,400.495,278.625,218.113,400.000,271.219,210.327,398.401,-0.495,-4.280,,,,,0,278.625,218.113,400.000,
1785142168.3127,PID,NORMAL_HOLD,324.30,237.36,314.00,277.623,218.971,400.786,278.625,218.113,400.000,270.456,210.272,397.102,-0.786,3.815,,,,,0,278.625,218.113,400.000,
1785142168.3154,PID,NORMAL_HOLD,324.27,237.16,314.69,277.593,219.132,400.362,278.625,218.113,400.000,270.766,209.891,398.679,-0.362,-5.968,,,,,0,278.625,218.113,400.000,
1785142168.3209,PID,NORMAL_HOLD,324.27,237.05,314.19,277.590,219.220,400.669,278.625,218.113,400.000,270.779,210.077,397.654,-0.669,0.480,,,,,0,278.625,218.113,400.000,
1785142168.3276,PID,NORMAL_HOLD,324.00,237.00,314.19,277.340,219.249,400.674,278.625,218.113,400.000,272.136,210.493,397.318,-0.674,2.536,,,,,0,278.625,218.113,400.000,
1785142168.3301,PID,NORMAL_HOLD,324.00,237.00,314.00,277.337,219.304,400.792,278.625,218.113,400.000,271.503,210.552,396.740,-0.792,6.040,,,,,0,278.625,218.113,400.000,
1785142168.3351,PID,NORMAL_HOLD,324.00,237.00,314.00,277.339,219.273,400.791,278.625,218.113,400.000,271.158,211.050,396.559,-0.791,7.061,,,,,0,278.625,218.113,400.000,
1785142168.3425,PID,NORMAL_HOLD,324.50,237.00,314.00,277.802,219.236,400.783,278.625,218.113,400.000,268.425,211.339,396.745,-0.783,5.776,,,,,0,278.625,218.113,400.000,
1785142168.3450,PID,NORMAL_HOLD,324.50,237.11,314.50,277.803,219.154,400.474,278.625,218.113,400.000,269.552,211.745,398.411,-0.474,-4.611,,,,,0,278.625,218.113,400.000,
1785142168.3498,PID,NORMAL_HOLD,324.46,237.19,314.50,277.766,219.083,400.474,278.625,218.113,400.000,270.330,211.883,398.918,-0.474,-7.655,,,,,0,278.625,218.113,400.000,
1785142168.3563,PID,NORMAL_HOLD,324.69,237.28,315.00,277.985,219.023,400.163,278.625,218.113,400.000,269.269,211.922,400.411,-0.163,-16.723,,,,,0,278.625,218.113,400.000,
1785142168.3588,PID,NORMAL_HOLD,324.50,237.32,315.00,277.807,218.995,400.165,278.625,218.113,400.000,270.939,211.759,400.602,-0.165,-17.599,,,,,0,278.625,218.113,400.000,
1785142168.3657,PID,NORMAL_HOLD,324.30,237.36,315.00,277.620,218.966,400.167,278.625,218.113,400.000,271.862,211.691,400.246,-0.167,-15.075,,,,,0,278.625,218.113,400.000,
1785142168.3720,PID,NORMAL_HOLD,324.36,237.38,315.00,277.679,218.957,400.167,278.625,218.113,400.000,270.979,211.542,399.723,-0.167,-11.555,,,,,0,278.625,218.113,400.000,
1785142168.3753,PID,NORMAL_HOLD,324.05,237.39,315.19,277.398,218.883,400.050,278.625,218.113,400.000,272.454,211.845,399.972,-0.050,-12.896,,,,,0,278.625,218.113,400.000,
1785142168.3816,PID,NORMAL_HOLD,324.19,237.50,315.38,277.528,218.784,399.928,278.625,218.113,400.000,270.926,212.127,400.301,0.072,-14.684,,,,,0,278.625,218.113,400.000,
1785142168.3880,PID,NORMAL_HOLD,324.14,237.71,315.00,277.488,218.639,400.167,278.625,218.113,400.000,271.056,212.472,398.935,-0.167,-5.984,,,,,0,278.625,218.113,400.000,
1785142168.3909,PID,NORMAL_HOLD,324.00,237.88,314.50,277.375,218.408,400.474,278.625,218.113,400.000,271.630,213.368,396.880,-0.474,6.797,,,,,0,278.625,218.113,400.000,
1785142168.3963,PID,NORMAL_HOLD,324.00,238.00,315.29,277.374,218.331,399.988,278.625,218.113,400.000,271.234,212.846,398.653,0.012,-4.280,,,,,0,278.625,218.113,400.000,
1785142168.4029,PID,NORMAL_HOLD,324.56,238.09,315.75,277.889,218.268,399.694,278.625,218.113,400.000,268.072,212.536,400.493,0.306,-15.536,,,,,0,278.625,218.113,400.000,
1785142168.4053,PID,NORMAL_HOLD,324.50,238.11,315.77,277.837,218.240,399.684,278.625,218.113,400.000,269.659,212.177,400.934,0.316,-17.974,,,,,0,278.625,218.113,400.000,
1785142168.4106,PID,NORMAL_HOLD,324.46,238.19,315.95,277.799,218.168,399.570,278.625,218.113,400.000,270.390,212.254,401.258,0.430,-19.644,,,,,0,278.625,218.113,400.000,
1785142168.4169,PID,NORMAL_HOLD,324.46,238.19,315.50,277.800,218.168,399.851,278.625,218.113,400.000,270.540,211.900,399.556,0.149,-8.775,,,,,0,278.625,218.113,400.000,
1785142168.4199,PID,NORMAL_HOLD,324.10,238.28,315.50,277.472,218.105,399.854,278.625,218.113,400.000,272.375,212.054,398.734,0.146,-3.535,,,,,0,278.625,218.113,400.000,
1785142168.4265,PID,NORMAL_HOLD,324.47,238.11,315.50,277.816,218.203,399.850,278.625,218.113,400.000,269.629,211.251,398.383,0.150,-1.301,,,,,0,278.625,218.113,400.000,
1785142168.4333,PID,NORMAL_HOLD,324.09,238.23,315.00,277.471,218.122,400.163,278.625,218.113,400.000,272.133,211.851,396.785,-0.163,8.567,,,,,0,278.625,218.113,400.000,
1785142168.4363,PID,NORMAL_HOLD,324.13,238.24,315.00,277.505,218.121,400.163,278.625,218.113,400.000,271.278,211.714,396.334,-0.163,11.194,,,,,0,278.625,218.113,400.000,
1785142168.4414,PID,NORMAL_HOLD,324.36,238.38,314.00,277.724,217.980,400.778,278.625,218.113,400.000,269.899,212.366,393.417,-0.778,28.997,,,,,0,278.625,218.113,400.000,
1785142168.4498,PID,NORMAL_HOLD,324.50,238.37,315.00,277.849,217.987,400.158,278.625,218.113,400.000,269.564,211.937,396.043,-0.158,12.255,,,,,0,278.625,218.113,400.000,
1785142168.4515,PID,NORMAL_HOLD,324.95,238.36,314.50,278.267,217.985,400.462,278.625,218.113,400.000,267.788,211.782,395.777,-0.462,13.669,,,,,0,278.625,218.113,400.000,
1785142168.4567,PID,NORMAL_HOLD,324.71,238.41,315.19,278.039,217.992,400.039,278.625,218.113,400.000,270.460,211.653,398.066,-0.039,-0.711,,,,,0,278.625,218.113,400.000,
1785142168.4666,PID,NORMAL_HOLD,324.69,238.28,315.05,278.019,218.144,400.131,278.625,218.113,400.000,270.606,211.179,398.215,-0.131,-1.575,,,,,0,278.625,218.113,400.000,
1785142168.4714,PID,NORMAL_HOLD,324.50,238.18,315.00,277.837,218.231,400.162,278.625,218.113,400.000,271.562,210.915,398.220,-0.162,-1.580,,,,,0,278.625,218.113,400.000,
1785142168.4766,PID,NORMAL_HOLD,324.50,238.11,315.00,277.837,218.267,400.161,278.625,218.113,400.000,271.131,211.003,398.191,-0.161,-1.371,,,,,0,278.625,218.113,400.000,
1785142168.4837,PID,NORMAL_HOLD,324.50,238.11,315.00,277.835,218.291,400.162,278.625,218.113,400.000,270.921,211.188,398.143,-0.162,-1.045,,,,,0,278.625,218.113,400.000,
1785142168.4879,PID,NORMAL_HOLD,324.50,238.11,314.50,277.836,218.299,400.471,278.625,218.113,400.000,270.806,211.303,396.622,-0.471,8.356,,,,,0,278.625,218.113,400.000,
1785142168.4950,PID,NORMAL_HOLD,324.52,238.11,315.00,277.858,218.292,400.161,278.625,218.113,400.000,270.634,211.442,397.752,-0.161,1.224,,,,,0,278.625,218.113,400.000,
1785142168.5021,PID,NORMAL_HOLD,324.86,238.10,315.00,278.170,218.239,400.156,278.625,218.113,400.000,268.842,211.780,398.183,-0.156,-1.455,,,,,0,278.625,218.113,400.000,
1785142168.5033,PID,NORMAL_HOLD,324.53,238.11,315.45,277.864,218.211,399.878,278.625,218.113,400.000,271.429,211.807,399.888,0.122,-12.003,,,,,0,278.625,218.113,400.000,
1785142168.5096,PID,NORMAL_HOLD,324.50,238.11,315.82,277.836,218.252,399.654,278.625,218.113,400.000,271.205,211.455,401.162,0.346,-19.641,,,,,0,278.625,218.113,400.000,
1785142168.5166,PID,NORMAL_HOLD,324.50,238.11,316.00,277.834,218.262,399.542,278.625,218.113,400.000,270.960,211.432,400.715,0.458,-16.275,,,,,0,278.625,218.113,400.000,
1785142168.5213,PID,NORMAL_HOLD,324.50,238.11,316.00,277.834,218.262,399.542,278.625,218.113,400.000,270.831,211.473,400.852,0.458,-16.806,,,,,0,278.625,218.113,400.000,
1785142168.5278,PID,NORMAL_HOLD,324.50,238.11,316.19,277.833,218.272,399.424,278.625,218.113,400.000,270.774,211.437,401.186,0.576,-18.565,,,,,0,278.625,218.113,400.000,
1785142168.5343,PID,NORMAL_HOLD,324.50,238.11,316.00,277.834,218.262,399.542,278.625,218.113,400.000,270.735,211.503,400.271,0.458,-12.571,,,,,0,278.625,218.113,400.000,
1785142168.5387,PID,NORMAL_HOLD,324.50,238.11,315.50,277.839,218.222,399.850,278.625,218.113,400.000,270.696,211.729,398.268,0.150,0.005,,,,,0,278.625,218.113,400.000,
1785142168.5434,PID,NORMAL_HOLD,324.50,238.37,315.55,277.843,218.060,399.823,278.625,218.113,400.000,270.679,212.514,397.567,0.177,4.345,,,,,0,278.625,218.113,400.000,
1785142168.5496,PID,NORMAL_HOLD,324.50,238.50,316.00,277.847,217.921,399.541,278.625,218.113,400.000,270.663,212.819,398.785,0.459,-3.240,,,,,0,278.625,218.113,400.000,
1785142168.5544,PID,NORMAL_HOLD,324.50,238.58,316.00,277.852,217.820,399.540,278.625,218.113,400.000,270.654,212.795,399.164,0.460,-5.513,,,,,0,278.625,218.113,400.000,
1785142168.5591,PID,NORMAL_HOLD,324.56,238.76,316.43,277.904,217.740,399.273,278.625,218.113,400.000,270.388,212.670,400.555,0.727,-14.015,,,,,0,278.625,218.113,400.000,
1785142168.5674,PID,NORMAL_HOLD,324.64,238.62,316.44,277.977,217.841,399.268,278.625,218.113,400.000,270.145,211.634,400.703,0.732,-14.665,,,,,0,278.625,218.113,400.000,
1785142168.5718,PID,NORMAL_HOLD,324.13,238.76,316.50,277.514,217.712,399.234,278.625,218.113,400.000,272.778,212.298,400.091,0.766,-10.489,,,,,0,278.625,218.113,400.000,
1785142168.5783,PID,NORMAL_HOLD,324.00,238.79,316.50,277.395,217.666,399.234,278.625,218.113,400.000,272.163,212.132,399.918,0.766,-9.205,,,,,0,278.625,218.113,400.000,
1785142168.5854,PID,NORMAL_HOLD,324.00,238.79,316.50,277.397,217.641,399.233,278.625,218.113,400.000,271.491,212.056,399.774,0.767,-8.159,,,,,0,278.625,218.113,400.000,
1785142168.5907,PID,NORMAL_HOLD,324.50,238.89,316.00,277.855,217.649,399.542,278.625,218.113,400.000,268.873,211.837,398.003,0.458,2.927,,,,,0,278.625,218.113,400.000,
1785142168.5954,PID,NORMAL_HOLD,324.14,238.90,316.00,277.532,217.532,399.541,278.625,218.113,400.000,271.802,212.498,397.473,0.459,6.137,,,,,0,278.625,218.113,400.000,
1785142168.6019,PID,NORMAL_HOLD,324.00,239.00,316.40,277.405,217.444,399.293,278.625,218.113,400.000,272.014,212.609,398.623,0.707,-1.078,,,,,0,278.625,218.113,400.000,
1785142168.6046,PID,NORMAL_HOLD,324.00,239.00,317.00,277.403,217.444,398.922,278.625,218.113,400.000,271.439,212.187,400.748,1.078,-14.164,,,,,0,278.625,218.113,400.000,
1785142168.6094,PID,NORMAL_HOLD,324.50,239.00,317.15,277.864,217.451,398.826,278.625,218.113,400.000,268.528,211.937,401.772,1.174,-20.241,,,,,0,278.625,218.113,400.000,
1785142168.6167,PID,NORMAL_HOLD,324.53,238.90,317.35,277.890,217.541,398.700,278.625,218.113,400.000,269.468,211.353,402.183,1.300,-22.384,,,,,0,278.625,218.113,400.000,
1785142168.6199,PID,NORMAL_HOLD,324.50,238.82,317.45,277.859,217.577,398.640,278.625,218.113,400.000,270.255,211.341,402.064,1.360,-21.207,,,,,0,278.625,218.113,400.000,
1785142168.6251,PID,NORMAL_HOLD,324.50,238.82,316.50,277.856,217.653,399.231,278.625,218.113,400.000,270.497,211.102,398.675,0.769,0.128,,,,,0,278.625,218.113,400.000,
1785142168.6334,PID,NORMAL_HOLD,324.13,238.76,316.20,277.517,217.679,399.421,278.625,218.113,400.000,272.367,211.267,396.637,0.579,12.695,,,,,0,278.625,218.113,400.000,
1785142168.6346,PID,NORMAL_HOLD,324.10,238.71,316.43,277.486,217.716,399.278,278.625,218.113,400.000,271.771,211.268,396.844,0.722,11.185,,,,,0,278.625,218.113,400.000,
1785142168.6392,PID,NORMAL_HOLD,324.50,238.63,316.16,277.851,217.817,399.442,278.625,218.113,400.000,269.279,210.916,396.412,0.558,13.646,,,,,0,278.625,218.113,400.000,
1785142168.6453,PID,NORMAL_HOLD,324.24,238.68,316.00,277.616,217.764,399.542,278.625,218.113,400.000,271.302,211.580,396.079,0.458,15.443,,,,,0,278.625,218.113,400.000,
1785142168.6504,PID,NORMAL_HOLD,324.50,238.68,315.43,277.854,217.778,399.891,278.625,218.113,400.000,269.696,211.547,394.835,0.109,22.780,,,,,0,278.625,218.113,400.000,
1785142168.6573,PID,NORMAL_HOLD,324.50,238.68,315.43,277.854,217.778,399.891,278.625,218.113,400.000,270.203,211.606,394.593,0.109,23.882,,,,,0,278.625,218.113,400.000,
1785142168.6628,PID,NORMAL_HOLD,324.65,238.53,315.43,277.989,217.857,399.888,278.625,218.113,400.000,269.774,211.232,395.091,0.112,20.379,,,,,0,278.625,218.113,400.000,
1785142168.6655,PID,NORMAL_HOLD,324.50,238.58,315.50,277.851,217.855,399.850,278.625,218.113,400.000,271.008,211.448,395.989,0.150,14.454,,,,,0,278.625,218.113,400.000,
1785142168.6690,PID,NORMAL_HOLD,324.50,238.58,315.69,277.850,217.869,399.735,278.625,218.113,400.000,270.869,211.460,397.164,0.265,6.935,,,,,0,278.625,218.113,400.000,
1785142168.6754,PID,NORMAL_HOLD,324.29,238.50,315.50,277.652,217.909,399.852,278.625,218.113,400.000,271.875,211.332,397.150,0.148,6.896,,,,,0,278.625,218.113,400.000,
1785142168.6799,PID,NORMAL_HOLD,324.28,238.41,314.80,277.651,217.951,400.283,278.625,218.113,400.000,271.333,211.250,395.305,-0.283,18.136,,,,,0,278.625,218.113,400.000,
1785142168.6852,PID,NORMAL_HOLD,324.29,238.39,314.56,277.660,217.987,400.432,278.625,218.113,400.000,270.997,211.222,394.286,-0.432,24.087,,,,,0,278.625,218.113,400.000,
1785142168.6923,PID,NORMAL_HOLD,324.00,238.31,314.47,277.393,217.987,400.488,278.625,218.113,400.000,272.371,211.408,394.178,-0.488,24.306,,,,,0,278.625,218.113,400.000,
1785142168.6956,PID,NORMAL_HOLD,324.29,238.39,314.00,277.657,218.052,400.782,278.625,218.113,400.000,270.203,211.161,393.452,-0.782,28.287,,,,,0,278.625,218.113,400.000,
1785142168.6999,PID,NORMAL_HOLD,324.30,238.52,314.00,277.667,217.977,400.782,278.625,218.113,400.000,270.428,211.805,393.541,-0.782,27.243,,,,,0,278.625,218.113,400.000,
1785142168.7067,PID,NORMAL_HOLD,324.29,238.61,313.50,277.667,217.844,401.090,278.625,218.113,400.000,270.600,212.438,392.836,-1.090,31.080,,,,,0,278.625,218.113,400.000,
1785142168.7110,PID,NORMAL_HOLD,324.50,238.68,313.50,277.856,217.821,401.088,278.625,218.113,400.000,269.631,212.174,393.243,-1.088,27.987,,,,,0,278.625,218.113,400.000,
1785142168.7159,PID,NORMAL_HOLD,324.36,238.62,314.00,277.729,217.810,400.779,278.625,218.113,400.000,270.836,211.969,395.523,-0.779,13.392,,,,,0,278.625,218.113,400.000,
1785142168.7222,PID,NORMAL_HOLD,324.50,238.68,314.16,277.855,217.805,400.680,278.625,218.113,400.000,270.041,211.844,397.110,-0.680,3.347,,,,,0,278.625,218.113,400.000,
1785142168.7254,PID,NORMAL_HOLD,324.50,238.66,314.75,277.854,217.807,400.312,278.625,218.113,400.000,270.384,211.738,399.582,-0.312,-11.984,,,,,0,278.625,218.113,400.000,
1785142168.7309,PID,NORMAL_HOLD,324.30,238.67,314.81,277.669,217.791,400.279,278.625,218.113,400.000,271.568,211.789,400.298,-0.279,-16.176,,,,,0,278.625,218.113,400.000,
1785142168.7380,PID,NORMAL_HOLD,324.00,238.58,314.00,277.397,217.839,400.783,278.625,218.113,400.000,272.696,211.457,397.867,-0.783,-0.898,,,,,0,278.625,218.113,400.000,
1785142168.7410,PID,NORMAL_HOLD,324.30,238.52,313.80,277.673,217.909,400.903,278.625,218.113,400.000,270.363,211.190,396.269,-0.903,8.999,,,,,0,278.625,218.113,400.000,
1785142168.7449,PID,NORMAL_HOLD,324.29,238.41,313.80,277.663,217.958,400.902,278.625,218.113,400.000,270.630,211.103,395.932,-0.902,10.908,,,,,0,278.625,218.113,400.000,
1785142168.7516,PID,NORMAL_HOLD,324.29,238.39,313.64,277.658,218.047,401.003,278.625,218.113,400.000,270.727,210.877,395.556,-1.003,13.030,,,,,0,278.625,218.113,400.000,
1785142168.7541,PID,NORMAL_HOLD,324.38,238.50,313.50,277.735,217.986,401.091,278.625,218.113,400.000,270.340,211.564,395.423,-1.091,13.578,,,,,0,278.625,218.113,400.000,
1785142168.7606,PID,NORMAL_HOLD,324.38,238.50,314.00,277.735,217.957,400.780,278.625,218.113,400.000,270.543,211.758,397.164,-0.780,2.562,,,,,0,278.625,218.113,400.000,
1785142168.7666,PID,NORMAL_HOLD,324.50,238.50,314.00,277.852,217.933,400.778,278.625,218.113,400.000,270.021,211.813,397.793,-0.778,-1.372,,,,,0,278.625,218.113,400.000,
1785142168.7689,PID,NORMAL_HOLD,324.50,238.37,314.47,277.851,217.986,400.484,278.625,218.113,400.000,270.376,211.432,399.368,-0.484,-11.055,,,,,0,278.625,218.113,400.000,
1785142168.7752,PID,NORMAL_HOLD,324.29,238.39,315.00,277.658,217.991,400.161,278.625,218.113,400.000,271.696,211.486,401.441,-0.161,-23.680,,,,,0,278.625,218.113,400.000,
1785142168.7829,PID,NORMAL_HOLD,324.29,238.39,315.23,277.655,218.034,400.020,278.625,218.113,400.000,271.258,211.320,401.588,-0.020,-23.996,,,,,0,278.625,218.113,400.000,
1785142168.7861,PID,NORMAL_HOLD,324.05,238.32,315.06,277.428,218.042,400.125,278.625,218.113,400.000,272.267,211.409,401.557,-0.125,-23.487,,,,,0,278.625,218.113,400.000,
1785142168.7894,PID,NORMAL_HOLD,324.17,238.29,315.05,277.544,218.099,400.132,278.625,218.113,400.000,270.875,211.164,400.638,-0.132,-17.379,,,,,0,278.625,218.113,400.000,
1785142168.7999,PID,NORMAL_HOLD,324.00,238.21,315.92,277.381,218.123,399.595,278.625,218.113,400.000,271.736,211.233,402.324,0.405,-27.421,,,,,0,278.625,218.113,400.000,
1785142168.8013,PID,NORMAL_HOLD,324.00,238.21,315.50,277.382,218.124,399.854,278.625,218.113,400.000,271.293,211.394,401.259,0.146,-20.351,,,,,0,278.625,218.113,400.000,
1785142168.8059,PID,NORMAL_HOLD,324.00,238.21,315.50,277.379,218.163,399.855,278.625,218.113,400.000,271.095,211.269,400.361,0.145,-14.429,,,,,0,278.625,218.113,400.000,
1785142168.8168,PID,NORMAL_HOLD,324.27,238.24,315.00,277.635,218.126,400.162,278.625,218.113,400.000,270.210,211.523,398.724,-0.162,-4.168,,,,,0,278.625,218.113,400.000,
1785142168.8199,PID,NORMAL_HOLD,324.36,238.38,315.55,277.715,218.036,399.822,278.625,218.113,400.000,270.083,212.011,399.344,0.178,-7.918,,,,,0,278.625,218.113,400.000,
1785142168.8250,PID,NORMAL_HOLD,324.50,238.37,315.19,277.849,217.984,400.038,278.625,218.113,400.000,269.625,212.109,398.342,-0.038,-1.586,,,,,0,278.625,218.113,400.000,
1785142168.8340,PID,NORMAL_HOLD,324.50,238.50,315.50,277.849,217.919,399.850,278.625,218.113,400.000,270.177,212.215,398.853,0.150,-4.708,,,,,0,278.625,218.113,400.000,
1785142168.8380,PID,NORMAL_HOLD,324.47,238.57,316.19,277.814,217.899,399.424,278.625,218.113,400.000,270.628,212.021,400.965,0.576,-17.648,,,,,0,278.625,218.113,400.000,
1785142168.8408,PID,NORMAL_HOLD,324.29,238.50,315.80,277.652,217.904,399.665,278.625,218.113,400.000,271.607,211.800,400.183,0.335,-12.494,,,,,0,278.625,218.113,400.000,
1785142168.8501,PID,NORMAL_HOLD,324.00,238.67,315.43,277.393,217.788,399.899,278.625,218.113,400.000,271.993,212.072,398.839,0.101,-4.046,,,,,0,278.625,218.113,400.000,
1785142168.8563,PID,NORMAL_HOLD,324.00,238.50,315.80,277.391,217.875,399.664,278.625,218.113,400.000,271.445,211.369,399.162,0.336,-5.966,,,,,0,278.625,218.113,400.000,
1785142168.8613,PID,NORMAL_HOLD,324.05,238.64,315.81,277.436,217.803,399.664,278.625,218.113,400.000,270.907,211.902,399.133,0.336,-5.671,,,,,0,278.625,218.113,400.000,
1785142168.8667,PID,NORMAL_HOLD,324.05,238.68,315.69,277.433,217.804,399.740,278.625,218.113,400.000,270.896,211.778,398.636,0.260,-2.499,,,,,0,278.625,218.113,400.000,
1785142168.8716,PID,NORMAL_HOLD,324.04,238.74,315.00,277.433,217.759,400.165,278.625,218.113,400.000,270.876,211.985,396.392,-0.165,11.386,,,,,0,278.625,218.113,400.000,
1785142168.8764,PID,NORMAL_HOLD,324.13,238.76,315.00,277.518,217.727,400.163,278.625,218.113,400.000,270.391,212.012,395.979,-0.163,13.686,,,,,0,278.625,218.113,400.000,
1785142168.8836,PID,NORMAL_HOLD,324.13,238.76,315.43,277.516,217.724,399.895,278.625,218.113,400.000,270.618,211.862,397.362,0.105,4.885,,,,,0,278.625,218.113,400.000,
1785142168.8865,PID,NORMAL_HOLD,324.17,238.71,315.29,277.559,217.706,399.983,278.625,218.113,400.000,270.484,211.876,397.510,0.017,3.884,,,,,0,278.625,218.113,400.000,
1785142168.8910,PID,NORMAL_HOLD,324.50,238.63,315.94,277.850,217.828,399.581,278.625,218.113,400.000,268.951,211.071,399.599,0.419,-9.084,,,,,0,278.625,218.113,400.000,
1785142168.9004,PID,NORMAL_HOLD,324.03,238.51,315.74,277.416,217.888,399.702,278.625,218.113,400.000,272.232,211.033,399.564,0.298,-8.702,,,,,0,278.625,218.113,400.000,
1785142168.9024,PID,NORMAL_HOLD,324.29,238.50,315.74,277.652,217.905,399.700,278.625,218.113,400.000,270.229,211.241,399.347,0.300,-7.196,,,,,0,278.625,218.113,400.000,
1785142168.9073,PID,NORMAL_HOLD,324.29,238.50,315.56,277.651,217.930,399.814,278.625,218.113,400.000,270.519,211.304,398.583,0.186,-2.349,,,,,0,278.625,218.113,400.000,
1785142168.9168,PID,NORMAL_HOLD,323.90,238.28,315.46,277.298,218.010,399.875,278.625,218.113,400.000,271.747,211.216,398.157,0.125,0.278,,,,,0,278.625,218.113,400.000,
1785142168.9231,PID,NORMAL_HOLD,324.00,238.31,315.50,277.383,218.078,399.855,278.625,218.113,400.000,270.883,211.055,397.965,0.145,1.452,,,,,0,278.625,218.113,400.000,
1785142168.9263,PID,NORMAL_HOLD,324.10,238.28,315.83,277.472,218.099,399.651,278.625,218.113,400.000,270.347,211.195,398.930,0.349,-4.530,,,,,0,278.625,218.113,400.000,
1785142168.9335,PID,NORMAL_HOLD,324.10,238.28,315.40,277.473,218.099,399.915,278.625,218.113,400.000,270.592,211.380,397.925,0.085,1.744,,,,,0,278.625,218.113,400.000,
1785142168.9370,PID,NORMAL_HOLD,324.30,238.36,315.50,277.656,218.045,399.852,278.625,218.113,400.000,269.666,211.791,397.875,0.148,2.025,,,,,0,278.625,218.113,400.000,
1785142168.9414,PID,NORMAL_HOLD,324.50,238.32,315.50,277.843,218.074,399.850,278.625,218.113,400.000,269.185,211.524,397.917,0.150,1.726,,,,,0,278.625,218.113,400.000,
1785142168.9499,PID,NORMAL_HOLD,324.14,238.30,315.19,277.519,217.997,400.040,278.625,218.113,400.000,271.726,211.974,397.052,-0.040,7.034,,,,,0,278.625,218.113,400.000,
1785142168.9510,PID,NORMAL_HOLD,324.05,238.32,316.06,277.425,218.039,399.506,278.625,218.113,400.000,271.801,211.559,399.549,0.494,-8.524,,,,,0,278.625,218.113,400.000,
1785142168.9582,PID,NORMAL_HOLD,324.05,238.32,316.00,277.426,218.037,399.544,278.625,218.113,400.000,271.333,211.583,400.025,0.456,-11.302,,,,,0,278.625,218.113,400.000,
1785142168.9670,PID,NORMAL_HOLD,324.00,238.31,316.00,277.381,218.075,399.545,278.625,218.113,400.000,271.347,211.378,399.925,0.455,-10.473,,,,,0,278.625,218.113,400.000,
1785142168.9690,PID,NORMAL_HOLD,323.86,238.29,316.00,277.255,218.071,399.546,278.625,218.113,400.000,271.810,211.499,399.653,0.454,-8.594,,,,,0,278.625,218.113,400.000,
1785142168.9723,PID,NORMAL_HOLD,323.83,238.29,316.00,277.221,218.076,399.546,278.625,218.113,400.000,271.540,211.517,399.307,0.454,-6.285,,,,,0,278.625,218.113,400.000,
1785142168.9836,PID,NORMAL_HOLD,323.86,238.29,315.96,277.254,218.076,399.568,278.625,218.113,400.000,271.133,211.550,398.908,0.432,-3.683,,,,,0,278.625,218.113,400.000,
1785142168.9863,PID,NORMAL_HOLD,323.90,238.29,315.83,277.290,218.084,399.653,278.625,218.113,400.000,270.847,211.522,398.326,0.347,-0.021,,,,,0,278.625,218.113,400.000,
1785142168.9935,PID,NORMAL_HOLD,323.95,238.32,314.54,277.344,218.077,400.449,278.625,218.113,400.000,270.549,211.595,394.229,-0.449,25.271,,,,,0,278.625,218.113,400.000,
1785142169.0015,PID,NORMAL_HOLD,324.20,238.42,315.00,277.570,217.971,400.162,278.625,218.113,400.000,269.567,212.129,394.901,-0.162,20.612,,,,,0,278.625,218.113,400.000,
1785142169.0028,PID,NORMAL_HOLD,324.29,238.50,314.81,277.656,217.885,400.280,278.625,218.113,400.000,269.697,212.369,394.944,-0.280,19.959,,,,,0,278.625,218.113,400.000,
1785142169.0078,PID,NORMAL_HOLD,324.29,238.59,315.00,277.664,217.812,400.160,278.625,218.113,400.000,270.207,212.403,395.905,-0.160,13.675,,,,,0,278.625,218.113,400.000,
1785142169.0171,PID,NORMAL_HOLD,324.29,238.50,316.12,277.649,217.926,399.471,278.625,218.113,400.000,270.588,211.408,399.923,0.529,-11.377,,,,,0,278.625,218.113,400.000,
1785142169.0195,PID,NORMAL_HOLD,324.29,238.41,315.80,277.658,217.947,399.664,278.625,218.113,400.000,270.645,211.392,400.170,0.336,-12.686,,,,,0,278.625,218.113,400.000,
1785142169.0245,PID,NORMAL_HOLD,324.29,238.39,315.50,277.659,217.959,399.850,278.625,218.113,400.000,270.717,211.438,399.077,0.150,-5.707,,,,,0,278.625,218.113,400.000,
1785142169.0338,PID,NORMAL_HOLD,324.29,238.39,315.46,277.658,217.981,399.874,278.625,218.113,400.000,270.767,211.463,398.537,0.126,-2.289,,,,,0,278.625,218.113,400.000,
1785142169.0366,PID,NORMAL_HOLD,324.00,238.31,315.19,277.389,218.009,400.044,278.625,218.113,400.000,272.337,211.376,397.376,-0.044,4.926,,,,,0,278.625,218.113,400.000,
1785142169.0437,PID,NORMAL_HOLD,324.13,238.24,315.00,277.505,218.121,400.163,278.625,218.113,400.000,270.962,210.860,396.503,-0.163,10.226,,,,,0,278.625,218.113,400.000,
1785142169.0502,PID,NORMAL_HOLD,324.46,238.19,314.95,277.801,218.173,400.188,278.625,218.113,400.000,269.290,210.925,396.348,-0.188,10.986,,,,,0,278.625,218.113,400.000,
1785142169.0543,PID,NORMAL_HOLD,324.69,238.28,315.00,278.020,218.131,400.159,278.625,218.113,400.000,268.897,211.456,396.710,-0.159,8.529,,,,,0,278.625,218.113,400.000,
1785142169.0585,PID,NORMAL_HOLD,324.69,238.28,315.00,278.020,218.131,400.159,278.625,218.113,400.000,269.799,211.510,396.954,-0.159,6.873,,,,,0,278.625,218.113,400.000,
1785142169.0670,PID,NORMAL_HOLD,324.69,238.28,315.00,278.020,218.131,400.159,278.625,218.113,400.000,270.249,211.537,397.223,-0.159,5.085,,,,,0,278.625,218.113,400.000,
1785142169.0691,PID,NORMAL_HOLD,324.73,238.16,315.26,278.051,218.174,399.998,278.625,218.113,400.000,270.299,211.305,398.221,0.002,-1.169,,,,,0,278.625,218.113,400.000,
1785142169.0748,PID,NORMAL_HOLD,324.87,238.22,315.50,278.182,218.163,399.847,278.625,218.113,400.000,269.761,211.488,399.262,0.153,-7.574,,,,,0,278.625,218.113,400.000,
1785142169.0843,PID,NORMAL_HOLD,324.53,238.11,315.00,277.861,218.266,400.161,278.625,218.113,400.000,271.145,211.221,398.304,-0.161,-1.606,,,,,0,278.625,218.113,400.000,
1785142169.0871,PID,NORMAL_HOLD,324.50,238.11,315.00,277.838,218.249,400.160,278.625,218.113,400.000,271.074,211.468,397.676,-0.160,2.302,,,,,0,278.625,218.113,400.000,
1785142169.0944,PID,NORMAL_HOLD,324.50,238.11,315.00,277.837,218.267,400.161,278.625,218.113,400.000,270.923,211.394,397.506,-0.161,3.309,,,,,0,278.625,218.113,400.000,
1785142169.1008,PID,NORMAL_HOLD,324.50,238.11,315.00,277.837,218.267,400.161,278.625,218.113,400.000,270.841,211.458,397.519,-0.161,3.168,,,,,0,278.625,218.113,400.000,
1785142169.1020,PID,NORMAL_HOLD,324.50,238.11,315.18,277.834,218.292,400.050,278.625,218.113,400.000,270.812,211.356,398.126,-0.050,-0.636,,,,,0,278.625,218.113,400.000,
1785142169.1079,PID,NORMAL_HOLD,325.00,238.00,315.00,278.293,218.363,400.156,278.625,218.113,400.000,268.294,211.047,397.822,-0.156,1.244,,,,,0,278.625,218.113,400.000,
1785142169.1164,PID,NORMAL_HOLD,325.00,238.00,314.50,278.294,218.371,400.465,278.625,218.113,400.000,269.455,211.223,396.167,-0.465,11.458,,,,,0,278.625,218.113,400.000,
1785142169.1183,PID,NORMAL_HOLD,325.27,238.05,314.50,278.542,218.360,400.463,278.625,218.113,400.000,268.702,211.419,395.916,-0.463,12.784,,,,,0,278.625,218.113,400.000,
1785142169.1238,PID,NORMAL_HOLD,325.27,238.05,314.50,278.542,218.360,400.463,278.625,218.113,400.000,269.624,211.457,396.113,-0.463,11.328,,,,,0,278.625,218.113,400.000,
1785142169.1341,PID,NORMAL_HOLD,325.00,238.00,315.49,278.295,218.329,399.853,278.625,218.113,400.000,270.818,211.567,398.240,0.147,-1.741,,,,,0,278.625,218.113,400.000,
1785142169.1370,PID,NORMAL_HOLD,324.50,238.00,315.47,277.833,218.340,399.868,278.625,218.113,400.000,273.352,211.470,399.709,0.132,-10.780,,,,,0,278.625,218.113,400.000,
1785142169.1443,PID,NORMAL_HOLD,325.00,238.00,315.50,278.292,218.366,399.848,278.625,218.113,400.000,269.539,211.344,400.085,0.152,-12.897,,,,,0,278.625,218.113,400.000,
1785142169.1508,PID,NORMAL_HOLD,324.50,238.11,315.50,277.833,218.293,399.852,278.625,218.113,400.000,272.629,211.821,399.876,0.148,-11.360,,,,,0,278.625,218.113,400.000,
1785142169.1532,PID,NORMAL_HOLD,324.50,238.11,315.20,277.834,218.298,400.039,278.625,218.113,400.000,271.693,211.641,398.668,-0.039,-3.694,,,,,0,278.625,218.113,400.000,
1785142169.1582,PID,NORMAL_HOLD,324.00,238.00,315.50,277.374,218.317,399.855,278.625,218.113,400.000,273.917,211.465,399.082,0.145,-6.187,,,,,0,278.625,218.113,400.000,
1785142169.1671,PID,NORMAL_HOLD,324.00,238.00,315.50,277.374,218.317,399.855,278.625,218.113,400.000,272.409,211.485,399.056,0.145,-5.910,,,,,0,278.625,218.113,400.000,
1785142169.1684,PID,NORMAL_HOLD,324.00,238.00,315.50,277.374,218.317,399.855,278.625,218.113,400.000,271.655,211.496,398.919,0.145,-4.956,,,,,0,278.625,218.113,400.000,
1785142169.1750,PID,NORMAL_HOLD,324.00,238.00,315.48,277.374,218.317,399.867,278.625,218.113,400.000,271.279,211.501,398.703,0.133,-3.528,,,,,0,278.625,218.113,400.000,
1785142169.1835,PID,NORMAL_HOLD,324.47,238.11,315.50,277.810,218.290,399.853,278.625,218.113,400.000,268.536,211.666,398.618,0.147,-2.940,,,,,0,278.625,218.113,400.000,
1785142169.1855,PID,NORMAL_HOLD,324.47,238.11,316.00,277.811,218.258,399.542,278.625,218.113,400.000,269.649,211.769,400.022,0.458,-11.551,,,,,0,278.625,218.113,400.000,
1785142169.1904,PID,NORMAL_HOLD,324.46,238.19,316.00,277.798,218.167,399.541,278.625,218.113,400.000,270.269,212.085,400.156,0.459,-12.132,,,,,0,278.625,218.113,400.000,
1785142169.2008,PID,NORMAL_HOLD,324.50,238.18,317.82,277.835,218.147,398.414,278.625,218.113,400.000,270.407,211.880,402.565,1.586,-26.076,,,,,0,278.625,218.113,400.000,
1785142169.2038,PID,NORMAL_HOLD,324.46,238.19,317.50,277.797,218.136,398.612,278.625,218.113,400.000,270.808,211.786,403.786,1.388,-33.082,,,,,0,278.625,218.113,400.000,
1785142169.2087,PID,NORMAL_HOLD,324.24,238.23,317.48,277.602,218.017,398.623,278.625,218.113,400.000,271.779,212.272,403.658,1.377,-31.698,,,,,0,278.625,218.113,400.000,
1785142169.2171,PID,NORMAL_HOLD,324.10,238.29,318.00,277.470,218.036,398.304,278.625,218.113,400.000,272.103,211.824,404.393,1.696,-35.647,,,,,0,278.625,218.113,400.000,
1785142169.2210,PID,NORMAL_HOLD,324.00,238.28,317.50,277.381,218.022,398.613,278.625,218.113,400.000,272.000,211.787,402.299,1.387,-22.046,,,,,0,278.625,218.113,400.000,
1785142169.2247,PID,NORMAL_HOLD,323.90,238.28,317.50,277.286,218.074,398.616,278.625,218.113,400.000,271.972,211.409,401.067,1.384,-14.021,,,,,0,278.625,218.113,400.000,
1785142169.2336,PID,NORMAL_HOLD,323.90,238.28,318.00,277.288,218.021,398.304,278.625,218.113,400.000,271.441,211.785,402.021,1.696,-19.694,,,,,0,278.625,218.113,400.000,
1785142169.2360,PID,NORMAL_HOLD,323.90,238.28,317.77,277.288,218.027,398.447,278.625,218.113,400.000,271.186,211.655,401.108,1.553,-13.687,,,,,0,278.625,218.113,400.000,
1785142169.2410,PID,NORMAL_HOLD,324.00,238.32,317.81,277.379,218.016,398.419,278.625,218.113,400.000,270.571,211.683,400.591,1.581,-10.235,,,,,0,278.625,218.113,400.000,
1785142169.2503,PID,NORMAL_HOLD,324.36,238.38,317.56,277.714,217.976,398.574,278.625,218.113,400.000,269.743,211.761,399.609,1.426,-4.013,,,,,0,278.625,218.113,400.000,
1785142169.2529,PID,NORMAL_HOLD,324.41,238.23,317.50,277.759,218.048,398.611,278.625,218.113,400.000,270.020,211.278,398.899,1.389,0.440,,,,,0,278.625,218.113,400.000,
1785142169.2570,PID,NORMAL_HOLD,324.50,238.24,317.50,277.844,218.028,398.610,278.625,218.113,400.000,269.929,211.545,398.621,1.390,2.159,,,,,0,278.625,218.113,400.000,
1785142169.2675,PID,NORMAL_HOLD,324.50,238.24,318.19,277.841,218.038,398.182,278.625,218.113,400.000,270.363,211.517,400.535,1.818,-9.663,,,,,0,278.625,218.113,400.000,
1785142169.2695,PID,NORMAL_HOLD,324.14,238.30,317.80,277.512,217.975,398.425,278.625,218.113,400.000,272.458,211.912,399.920,1.575,-5.683,,,,,0,278.625,218.113,400.000,
1785142169.2745,PID,NORMAL_HOLD,324.14,238.30,317.50,277.515,217.954,398.611,278.625,218.113,400.000,271.651,211.873,398.696,1.389,1.975,,,,,0,278.625,218.113,400.000,
1785142169.2831,PID,NORMAL_HOLD,324.14,238.30,318.25,277.508,218.009,398.150,278.625,218.113,400.000,271.299,211.423,400.565,1.850,-9.604,,,,,0,278.625,218.113,400.000,
1785142169.2848,PID,NORMAL_HOLD,324.28,238.43,317.56,277.641,217.948,398.575,278.625,218.113,400.000,270.347,211.850,399.068,1.425,-0.219,,,,,0,278.625,218.113,400.000,
1785142169.2895,PID,NORMAL_HOLD,324.05,238.39,317.48,277.430,217.936,398.625,278.625,218.113,400.000,271.766,211.800,398.067,1.375,5.998,,,,,0,278.625,218.113,400.000,
1785142169.3001,PID,NORMAL_HOLD,324.00,238.35,317.19,277.384,217.970,398.804,278.625,218.113,400.000,271.589,211.519,396.941,1.196,12.869,,,,,0,278.625,218.113,400.000,
1785142169.3019,PID,NORMAL_HOLD,324.05,238.36,317.00,277.427,217.981,398.923,278.625,218.113,400.000,271.008,211.508,396.381,1.077,16.077,,,,,0,278.625,218.113,400.000,
1785142169.3066,PID,NORMAL_HOLD,324.14,238.30,316.47,277.514,218.003,399.247,278.625,218.113,400.000,270.464,211.433,394.920,0.753,24.805,,,,,0,278.625,218.113,400.000,
1785142169.3172,PID,NORMAL_HOLD,324.50,238.37,316.19,277.845,218.001,399.423,278.625,218.113,400.000,269.711,211.523,395.461,0.577,20.687,,,,,0,278.625,218.113,400.000,
1785142169.3189,PID,NORMAL_HOLD,324.86,238.30,316.00,278.175,218.053,399.537,278.625,218.113,400.000,268.333,211.261,394.599,0.463,25.631,,,,,0,278.625,218.113,400.000,
1785142169.3233,PID,NORMAL_HOLD,324.86,238.33,316.47,278.173,218.009,399.244,278.625,218.113,400.000,269.517,211.671,396.283,0.756,14.761,,,,,0,278.625,218.113,400.000,
1785142169.3338,PID,NORMAL_HOLD,324.86,238.29,316.50,278.178,218.029,399.227,278.625,218.113,400.000,270.069,211.531,397.303,0.773,8.193,,,,,0,278.625,218.113,400.000,
1785142169.3362,PID,NORMAL_HOLD,324.54,238.38,316.50,277.884,217.972,399.230,278.625,218.113,400.000,272.140,211.902,397.835,0.770,4.761,,,,,0,278.625,218.113,400.000,
1785142169.3390,PID,NORMAL_HOLD,324.50,238.37,316.50,277.848,217.947,399.229,278.625,218.113,400.000,271.637,211.884,398.136,0.771,2.818,,,,,0,278.625,218.113,400.000,
1785142169.3462,PID,NORMAL_HOLD,324.50,238.37,316.91,277.845,217.975,398.974,278.625,218.113,400.000,271.227,211.579,399.387,1.026,-4.918,,,,,0,278.625,218.113,400.000,
1785142169.3492,PID,NORMAL_HOLD,324.65,238.47,316.91,277.981,217.934,398.974,278.625,218.113,400.000,270.254,211.821,399.946,1.026,-8.302,,,,,0,278.625,218.113,400.000,
1785142169.3543,PID,NORMAL_HOLD,324.29,238.50,316.50,277.650,217.903,399.232,278.625,218.113,400.000,272.292,211.894,398.622,0.768,0.028,,,,,0,278.625,218.113,400.000,
1785142169.3615,PID,NORMAL_HOLD,324.05,238.36,316.80,277.431,217.936,399.043,278.625,218.113,400.000,272.847,211.569,399.065,0.957,-2.700,,,,,0,278.625,218.113,400.000,
1785142169.3657,PID,NORMAL_HOLD,324.05,238.36,316.47,277.431,217.955,399.249,278.625,218.113,400.000,271.877,211.508,398.191,0.751,2.745,,,,,0,278.625,218.113,400.000,
1785142169.3689,PID,NORMAL_HOLD,324.50,238.42,316.19,277.846,217.967,399.421,278.625,218.113,400.000,268.294,211.477,397.070,0.579,9.616,,,,,0,278.625,218.113,400.000,
1785142169.3753,PID,NORMAL_HOLD,324.50,238.42,315.80,277.848,217.952,399.662,278.625,218.113,400.000,269.525,211.626,395.766,0.338,17.480,,,,,0,278.625,218.113,400.000,
1785142169.3778,PID,NORMAL_HOLD,324.50,238.42,315.80,277.848,217.952,399.662,278.625,218.113,400.000,270.152,211.622,395.687,0.338,17.640,,,,,0,278.625,218.113,400.000,
1785142169.3843,PID,NORMAL_HOLD,324.50,238.26,315.50,277.848,218.027,399.847,278.625,218.113,400.000,270.465,211.208,395.082,0.153,21.059,,,,,0,278.625,218.113,400.000,
1785142169.3916,PID,NORMAL_HOLD,324.50,238.37,316.19,277.845,218.001,399.423,278.625,218.113,400.000,270.641,211.546,397.416,0.577,6.273,,,,,0,278.625,218.113,400.000,
1785142169.3946,PID,NORMAL_HOLD,324.50,238.37,316.19,277.846,217.989,399.421,278.625,218.113,400.000,270.706,211.637,398.391,0.579,0.148,,,,,0,278.625,218.113,400.000,
1785142169.3989,PID,NORMAL_HOLD,324.50,238.37,316.50,277.846,217.973,399.230,278.625,218.113,400.000,270.742,211.709,399.765,0.770,-8.353,,,,,0,278.625,218.113,400.000,
1785142169.4064,PID,NORMAL_HOLD,324.07,238.33,316.00,277.453,217.944,399.540,278.625,218.113,400.000,273.111,211.835,398.507,0.460,-0.436,,,,,0,278.625,218.113,400.000,
1785142169.4093,PID,NORMAL_HOLD,324.00,238.38,316.00,277.393,217.891,399.540,278.625,218.113,400.000,272.341,212.023,398.058,0.460,2.343,,,,,0,278.625,218.113,400.000,
1785142169.4146,PID,NORMAL_HOLD,324.00,238.50,316.50,277.392,217.831,399.232,278.625,218.113,400.000,271.637,212.162,399.412,0.768,-6.049,,,,,0,278.625,218.113,400.000,
1785142169.4219,PID,NORMAL_HOLD,323.95,238.61,316.43,277.345,217.806,399.279,278.625,218.113,400.000,271.546,212.051,399.566,0.721,-6.889,,,,,0,278.625,218.113,400.000,
1785142169.4252,PID,NORMAL_HOLD,323.71,238.50,316.43,277.127,217.844,399.279,278.625,218.113,400.000,272.305,211.671,399.454,0.721,-6.066,,,,,0,278.625,218.113,400.000,
1785142169.4300,PID,NORMAL_HOLD,323.50,238.63,316.81,276.931,217.756,399.044,278.625,218.113,400.000,272.933,212.232,400.395,0.956,-11.751,,,,,0,278.625,218.113,400.000,
1785142169.4370,PID,NORMAL_HOLD,323.50,238.50,316.16,276.931,217.836,399.449,278.625,218.113,400.000,271.993,211.513,398.539,0.551,-0.083,,,,,0,278.625,218.113,400.000,
1785142169.4405,PID,NORMAL_HOLD,323.89,238.57,315.74,277.292,217.813,399.706,278.625,218.113,400.000,269.489,211.718,396.608,0.294,11.842,,,,,0,278.625,218.113,400.000,
1785142169.4461,PID,NORMAL_HOLD,324.00,238.59,316.00,277.389,217.847,399.545,278.625,218.113,400.000,269.679,211.498,396.978,0.455,9.337,,,,,0,278.625,218.113,400.000,
1785142169.4533,PID,NORMAL_HOLD,323.80,238.60,316.00,277.206,217.831,399.546,278.625,218.113,400.000,271.236,211.658,397.306,0.454,7.144,,,,,0,278.625,218.113,400.000,
1785142169.4562,PID,NORMAL_HOLD,324.05,238.41,316.48,277.433,217.934,399.245,278.625,218.113,400.000,269.680,211.006,398.991,0.755,-3.373,,,,,0,278.625,218.113,400.000,
1785142169.4615,PID,NORMAL_HOLD,324.29,238.39,316.34,277.655,217.978,399.334,278.625,218.113,400.000,269.112,211.083,399.114,0.666,-4.068,,,,,0,278.625,218.113,400.000,
1785142169.4681,PID,NORMAL_HOLD,324.50,238.37,316.47,277.845,217.990,399.252,278.625,218.113,400.000,268.957,211.281,399.505,0.748,-6.410,,,,,0,278.625,218.113,400.000,
1785142169.4714,PID,NORMAL_HOLD,324.13,238.24,316.50,277.508,218.015,399.230,278.625,218.113,400.000,271.897,211.296,399.499,0.770,-6.232,,,,,0,278.625,218.113,400.000,
1785142169.4747,PID,NORMAL_HOLD,324.07,238.33,316.19,277.450,217.975,399.421,278.625,218.113,400.000,271.721,211.675,398.431,0.579,0.489,,,,,0,278.625,218.113,400.000,
1785142169.4837,PID,NORMAL_HOLD,324.10,238.28,316.19,277.478,217.997,399.420,278.625,218.113,400.000,271.160,211.520,398.096,0.580,2.554,,,,,0,278.625,218.113,400.000,
1785142169.4852,PID,NORMAL_HOLD,324.09,238.23,316.55,277.469,218.075,399.200,278.625,218.113,400.000,271.082,211.132,399.119,0.800,-3.809,,,,,0,278.625,218.113,400.000,
1785142169.4901,PID,NORMAL_HOLD,324.00,238.31,316.00,277.382,218.062,399.545,278.625,218.113,400.000,271.474,211.429,397.708,0.455,4.979,,,,,0,278.625,218.113,400.000,
1785142169.5006,PID,NORMAL_HOLD,324.00,238.28,315.81,277.385,218.046,399.658,278.625,218.113,400.000,271.196,211.554,397.416,0.342,6.538,,,,,0,278.625,218.113,400.000,
1785142169.5050,PID,NORMAL_HOLD,324.10,238.28,315.92,277.473,218.078,399.590,278.625,218.113,400.000,270.556,211.390,397.337,0.410,6.903,,,,,0,278.625,218.113,400.000,
1785142169.5109,PID,NORMAL_HOLD,324.46,238.19,315.50,277.801,218.157,399.850,278.625,218.113,400.000,268.985,211.063,396.181,0.150,13.917,,,,,0,278.625,218.113,400.000,
1785142169.5175,PID,NORMAL_HOLD,324.46,238.19,315.50,277.801,218.157,399.850,278.625,218.113,400.000,269.897,211.310,396.135,0.150,13.934,,,,,0,278.625,218.113,400.000,
1785142169.5201,PID,NORMAL_HOLD,324.54,238.19,315.00,277.882,218.164,400.159,278.625,218.113,400.000,269.876,211.393,394.943,-0.159,21.023,,,,,0,278.625,218.113,400.000,
1785142169.5248,PID,NORMAL_HOLD,324.72,238.20,315.00,278.048,218.165,400.158,278.625,218.113,400.000,269.416,211.472,394.957,-0.158,20.548,,,,,0,278.625,218.113,400.000,
1785142169.5340,PID,NORMAL_HOLD,324.91,238.23,315.50,278.213,218.159,399.847,278.625,218.113,400.000,269.074,211.549,396.907,0.153,8.135,,,,,0,278.625,218.113,400.000,
1785142169.5376,PID,NORMAL_HOLD,325.00,238.24,316.00,278.299,218.155,399.538,278.625,218.113,400.000,269.410,211.575,399.439,0.462,-7.677,,,,,0,278.625,218.113,400.000,
1785142169.5409,PID,NORMAL_HOLD,324.86,238.29,315.48,278.180,218.035,399.857,278.625,218.113,400.000,270.710,212.252,398.526,0.143,-1.897,,,,,0,278.625,218.113,400.000,
1785142169.5507,PID,NORMAL_HOLD,324.50,238.32,315.50,277.849,218.003,399.848,278.625,218.113,400.000,272.495,212.092,398.211,0.152,0.084,,,,,0,278.625,218.113,400.000,
1785142169.5521,PID,NORMAL_HOLD,324.50,238.37,315.81,277.850,217.950,399.658,278.625,218.113,400.000,271.637,212.153,399.038,0.342,-5.029,,,,,0,278.625,218.113,400.000,
1785142169.5566,PID,NORMAL_HOLD,324.50,238.37,315.50,277.853,217.922,399.846,278.625,218.113,400.000,271.200,212.042,398.318,0.154,-0.499,,,,,0,278.625,218.113,400.000,
1785142169.5670,PID,NORMAL_HOLD,324.29,238.50,315.92,277.654,217.877,399.589,278.625,218.113,400.000,272.085,212.081,399.367,0.411,-6.980,,,,,0,278.625,218.113,400.000,
1785142169.5689,PID,NORMAL_HOLD,324.14,238.70,315.50,277.524,217.753,399.853,278.625,218.113,400.000,272.210,212.567,398.303,0.147,-0.299,,,,,0,278.625,218.113,400.000,
1785142169.5723,PID,NORMAL_HOLD,324.05,238.68,316.00,277.436,217.755,399.544,278.625,218.113,400.000,272.017,212.114,399.428,0.456,-7.246,,,,,0,278.625,218.113,400.000,
1785142169.5841,PID,NORMAL_HOLD,324.47,238.63,315.50,277.824,217.801,399.850,278.625,218.113,400.000,270.318,211.760,398.491,0.150,-1.411,,,,,0,278.625,218.113,400.000,
1785142169.5863,PID,NORMAL_HOLD,324.30,238.64,315.50,277.666,217.787,399.851,278.625,218.113,400.000,271.470,211.797,397.886,0.149,2.345,,,,,0,278.625,218.113,400.000,
1785142169.5915,PID,NORMAL_HOLD,324.30,238.64,316.00,277.663,217.813,399.543,278.625,218.113,400.000,271.181,211.594,399.257,0.457,-6.168,,,,,0,278.625,218.113,400.000,
1785142169.5990,PID,NORMAL_HOLD,324.29,238.61,316.81,277.660,217.805,399.040,278.625,218.113,400.000,271.036,211.672,401.934,0.960,-22.560,,,,,0,278.625,218.113,400.000,
1785142169.6024,PID,NORMAL_HOLD,324.29,238.50,316.69,277.650,217.891,399.117,278.625,218.113,400.000,271.003,211.185,402.129,0.883,-23.356,,,,,0,278.625,218.113,400.000,
1785142169.6058,PID,NORMAL_HOLD,324.50,238.50,316.80,277.847,217.894,399.042,278.625,218.113,400.000,269.816,211.395,401.890,0.958,-21.417,,,,,0,278.625,218.113,400.000,
1785142169.6130,PID,NORMAL_HOLD,324.50,238.50,316.80,277.846,217.908,399.045,278.625,218.113,400.000,270.315,211.439,401.429,0.955,-18.184,,,,,0,278.625,218.113,400.000,
1785142169.6163,PID,NORMAL_HOLD,324.00,238.39,317.00,277.388,217.908,398.922,278.625,218.113,400.000,273.123,211.539,401.428,1.078,-17.839,,,,,0,278.625,218.113,400.000,
1785142169.6220,PID,NORMAL_HOLD,324.05,238.61,317.43,277.434,217.782,398.655,278.625,218.113,400.000,271.769,212.296,402.363,1.345,-23.283,,,,,0,278.625,218.113,400.000,
1785142169.6290,PID,NORMAL_HOLD,324.05,238.61,317.00,277.436,217.781,398.923,278.625,218.113,400.000,271.340,211.992,400.840,1.077,-13.447,,,,,0,278.625,218.113,400.000,
1785142169.6317,PID,NORMAL_HOLD,324.00,238.65,317.50,277.389,217.757,398.614,278.625,218.113,400.000,271.384,211.961,401.338,1.386,-16.230,,,,,0,278.625,218.113,400.000,
1785142169.6358,PID,NORMAL_HOLD,323.64,238.57,317.15,277.061,217.777,398.833,278.625,218.113,400.000,273.000,211.709,400.221,1.167,-9.030,,,,,0,278.625,218.113,400.000,
1785142169.6433,PID,NORMAL_HOLD,323.74,238.68,316.50,277.149,217.738,399.235,278.625,218.113,400.000,271.513,211.918,397.708,0.765,6.635,,,,,0,278.625,218.113,400.000,
1785142169.6460,PID,NORMAL_HOLD,323.50,238.76,316.50,276.935,217.659,399.237,278.625,218.113,400.000,272.473,212.244,396.941,0.763,11.245,,,,,0,278.625,218.113,400.000,
1785142169.6504,PID,NORMAL_HOLD,323.56,238.76,315.74,276.992,217.640,399.704,278.625,218.113,400.000,271.470,212.082,394.627,0.296,25.322,,,,,0,278.625,218.113,400.000,
1785142169.6566,PID,NORMAL_HOLD,323.72,238.57,315.74,277.135,217.806,399.707,278.625,218.113,400.000,270.446,210.948,394.421,0.293,26.110,,,,,0,278.625,218.113,400.000,
1785142169.6611,PID,NORMAL_HOLD,324.05,238.68,315.43,277.437,217.756,399.895,278.625,218.113,400.000,269.155,211.566,393.886,0.105,28.954,,,,,0,278.625,218.113,400.000,
1785142169.6681,PID,NORMAL_HOLD,324.05,238.68,315.43,277.437,217.762,399.895,278.625,218.113,400.000,270.044,211.588,394.426,0.105,25.080,,,,,0,278.625,218.113,400.000,
1785142169.6756,PID,NORMAL_HOLD,324.14,238.70,316.00,277.522,217.750,399.543,278.625,218.113,400.000,270.004,211.705,396.860,0.457,9.591,,,,,0,278.625,218.113,400.000,
1785142169.6785,PID,NORMAL_HOLD,324.50,238.63,315.43,277.854,217.806,399.891,278.625,218.113,400.000,268.648,211.392,396.250,0.109,13.183,,,,,0,278.625,218.113,400.000,
1785142169.6816,PID,NORMAL_HOLD,324.26,238.68,315.43,277.638,217.770,399.893,278.625,218.113,400.000,270.899,211.722,396.370,0.107,12.189,,,,,0,278.625,218.113,400.000,
1785142169.6878,PID,NORMAL_HOLD,324.14,238.70,315.50,277.526,217.727,399.852,278.625,218.113,400.000,271.494,211.935,396.849,0.148,9.009,,,,,0,278.625,218.113,400.000,
1785142169.6904,PID,NORMAL_HOLD,324.13,238.76,315.87,277.518,217.685,399.622,278.625,218.113,400.000,271.249,212.065,398.342,0.378,-0.375,,,,,0,278.625,218.113,400.000,
1785142169.6969,PID,NORMAL_HOLD,324.50,238.82,315.50,277.858,217.659,399.849,278.625,218.113,400.000,269.136,212.032,397.763,0.151,3.210,,,,,0,278.625,218.113,400.000,
1785142169.7030,PID,NORMAL_HOLD,324.50,238.89,316.00,277.864,217.536,399.538,278.625,218.113,400.000,269.943,212.552,399.089,0.462,-5.024,,,,,0,278.625,218.113,400.000,
1785142169.7062,PID,NORMAL_HOLD,324.07,238.80,315.50,277.467,217.547,399.849,278.625,218.113,400.000,272.592,212.093,397.962,0.151,2.030,,,,,0,278.625,218.113,400.000,
1785142169.7112,PID,NORMAL_HOLD,324.00,239.00,316.00,277.405,217.463,399.542,278.625,218.113,400.000,272.104,212.381,399.106,0.458,-5.065,,,,,0,278.625,218.113,400.000,
1785142169.7177,PID,NORMAL_HOLD,324.00,239.00,315.50,277.407,217.453,399.852,278.625,218.113,400.000,271.512,212.132,397.913,0.148,2.386,,,,,0,278.625,218.113,400.000,
1785142169.7221,PID,NORMAL_HOLD,324.00,239.00,315.47,277.412,217.395,399.870,278.625,218.113,400.000,271.205,212.282,397.433,0.130,5.309,,,,,0,278.625,218.113,400.000,
1785142169.7276,PID,NORMAL_HOLD,324.00,239.00,315.47,277.413,217.378,399.866,278.625,218.113,400.000,271.069,212.133,397.409,0.134,5.360,,,,,0,278.625,218.113,400.000,
1785142169.7336,PID,NORMAL_HOLD,324.00,239.00,315.95,277.407,217.437,399.570,278.625,218.113,400.000,271.041,211.658,398.892,0.430,-3.877,,,,,0,278.625,218.113,400.000,
1785142169.7368,PID,NORMAL_HOLD,324.00,239.00,316.40,277.405,217.444,399.293,278.625,218.113,400.000,271.008,211.680,400.651,0.707,-14.647,,,,,0,278.625,218.113,400.000,
1785142169.7422,PID,NORMAL_HOLD,324.18,239.00,316.00,277.573,217.459,399.541,278.625,218.113,400.000,270.041,211.646,399.824,0.459,-9.274,,,,,0,278.625,218.113,400.000,
1785142169.7497,PID,NORMAL_HOLD,324.02,238.91,317.00,277.420,217.487,398.921,278.625,218.113,400.000,270.923,211.629,402.121,1.079,-23.230,,,,,0,278.625,218.113,400.000,
1785142169.7543,PID,NORMAL_HOLD,324.23,238.90,316.50,277.615,217.503,399.230,278.625,218.113,400.000,269.842,211.608,401.077,0.770,-16.361,,,,,0,278.625,218.113,400.000,
1785142169.7588,PID,NORMAL_HOLD,324.00,239.00,317.18,277.402,217.451,398.812,278.625,218.113,400.000,271.552,211.978,402.334,1.188,-23.804,,,,,0,278.625,218.113,400.000,
1785142169.7665,PID,NORMAL_HOLD,324.00,239.00,317.50,277.402,217.441,398.613,278.625,218.113,400.000,271.255,211.934,403.183,1.387,-28.587,,,,,0,278.625,218.113,400.000,
1785142169.7693,PID,NORMAL_HOLD,324.00,239.00,317.50,277.403,217.425,398.612,278.625,218.113,400.000,271.099,211.948,402.884,1.388,-26.211,,,,,0,278.625,218.113,400.000,
1785142169.7752,PID,NORMAL_HOLD,324.00,239.00,317.19,277.408,217.372,398.802,278.625,218.113,400.000,270.998,212.173,401.272,1.198,-15.772,,,,,0,278.625,218.113,400.000,
1785142169.7833,PID,NORMAL_HOLD,324.00,239.00,317.00,277.413,217.318,398.918,278.625,218.113,400.000,270.951,212.271,399.908,1.082,-7.083,,,,,0,278.625,218.113,400.000,
1785142169.7884,PID,NORMAL_HOLD,323.98,239.09,317.43,277.395,217.270,398.654,278.625,218.113,400.000,271.055,212.322,400.288,1.346,-9.248,,,,,0,278.625,218.113,400.000,
1785142169.7916,PID,NORMAL_HOLD,323.55,239.19,317.43,277.003,217.179,398.653,278.625,218.113,400.000,273.262,212.603,400.502,1.347,-10.432,,,,,0,278.625,218.113,400.000,
1785142169.7998,PID,NORMAL_HOLD,323.97,239.16,316.92,277.386,217.215,398.968,278.625,218.113,400.000,271.042,212.128,398.751,1.032,0.557,,,,,0,278.625,218.113,400.000,
1785142169.8041,PID,NORMAL_HOLD,324.00,239.09,316.50,277.417,217.250,399.227,278.625,218.113,400.000,270.836,211.798,396.805,0.773,12.572,,,,,0,278.625,218.113,400.000,
1785142169.8093,PID,NORMAL_HOLD,324.46,239.19,316.00,277.837,217.233,399.536,278.625,218.113,400.000,268.500,211.919,395.028,0.464,23.286,,,,,0,278.625,218.113,400.000,
1785142169.8168,PID,NORMAL_HOLD,324.50,239.11,316.00,277.877,217.273,399.534,278.625,218.113,400.000,269.449,211.673,394.811,0.466,24.205,,,,,0,278.625,218.113,400.000,
1785142169.8195,PID,NORMAL_HOLD,324.50,239.11,316.50,277.874,217.301,399.226,278.625,218.113,400.000,270.154,211.597,396.796,0.774,11.503,,,,,0,278.625,218.113,400.000,
1785142169.8247,PID,NORMAL_HOLD,324.86,239.10,316.50,278.204,217.323,399.224,278.625,218.113,400.000,268.676,211.591,397.772,0.776,5.266,,,,,0,278.625,218.113,400.000,
1785142169.8336,PID,NORMAL_HOLD,325.00,239.09,316.98,278.332,217.326,398.925,278.625,218.113,400.000,268.987,211.690,399.676,1.075,-6.577,,,,,0,278.625,218.113,400.000,
1785142169.8354,PID,NORMAL_HOLD,324.90,239.08,316.81,278.241,217.327,399.034,278.625,218.113,400.000,270.356,211.751,399.695,0.966,-6.567,,,,,0,278.625,218.113,400.000,
1785142169.8412,PID,NORMAL_HOLD,325.00,239.00,316.50,278.333,217.374,399.222,278.625,218.113,400.000,270.018,211.524,398.648,0.778,0.017,,,,,0,278.625,218.113,400.000,
1785142169.8501,PID,NORMAL_HOLD,325.14,239.10,316.50,278.464,217.306,399.221,278.625,218.113,400.000,269.967,211.866,398.457,0.779,1.154,,,,,0,278.625,218.113,400.000,
1785142169.8539,PID,NORMAL_HOLD,325.00,239.09,317.19,278.333,217.308,398.796,278.625,218.113,400.000,271.021,211.837,400.322,1.204,-10.372,,,,,0,278.625,218.113,400.000,
1785142169.8613,PID,NORMAL_HOLD,324.53,239.11,317.00,277.899,217.265,398.916,278.625,218.113,400.000,273.401,212.087,400.218,1.084,-9.536,,,,,0,278.625,218.113,400.000,
1785142169.8677,PID,NORMAL_HOLD,324.53,239.11,317.00,277.897,217.294,398.917,278.625,218.113,400.000,272.120,211.807,399.933,1.083,-7.594,,,,,0,278.625,218.113,400.000,
1785142169.8708,PID,NORMAL_HOLD,324.51,239.19,317.00,277.880,217.230,398.917,278.625,218.113,400.000,271.555,212.166,399.663,1.083,-5.781,,,,,0,278.625,218.113,400.000,
1785142169.8750,PID,NORMAL_HOLD,324.50,239.18,317.00,277.875,217.230,398.917,278.625,218.113,400.000,271.219,212.010,399.443,1.083,-4.314,,,,,0,278.625,218.113,400.000,
1785142169.8841,PID,NORMAL_HOLD,324.50,239.18,316.26,277.878,217.221,399.373,278.625,218.113,400.000,271.005,211.982,397.052,0.627,10.527,,,,,0,278.625,218.113,400.000,
1785142169.8857,PID,NORMAL_HOLD,324.98,239.09,316.00,278.319,217.303,399.531,278.625,218.113,400.000,268.429,211.461,395.672,0.469,18.855,,,,,0,278.625,218.113,400.000,
1785142169.8903,PID,NORMAL_HOLD,324.99,239.05,315.50,278.325,217.355,399.840,278.625,218.113,400.000,269.527,211.349,394.125,0.160,28.043,,,,,0,278.625,218.113,400.000,
1785142169.9006,PID,NORMAL_HOLD,325.00,239.00,316.10,278.327,217.459,399.474,278.625,218.113,400.000,270.094,211.003,395.966,0.526,16.165,,,,,0,278.625,218.113,400.000,
1785142169.9027,PID,NORMAL_HOLD,325.00,239.00,316.50,278.326,217.461,399.225,278.625,218.113,400.000,270.396,211.387,398.194,0.775,2.108,,,,,0,278.625,218.113,400.000,
1785142169.9068,PID,NORMAL_HOLD,325.00,239.00,316.50,278.327,217.451,399.225,278.625,218.113,400.000,270.537,211.645,399.018,0.775,-3.011,,,,,0,278.625,218.113,400.000,
1785142169.9174,PID,NORMAL_HOLD,325.00,239.00,315.50,278.334,217.380,399.840,278.625,218.113,400.000,270.590,211.926,397.497,0.160,6.146,,,,,0,278.625,218.113,400.000,
1785142169.9215,PID,NORMAL_HOLD,325.00,239.00,315.50,278.334,217.380,399.840,278.625,218.113,400.000,270.637,211.870,396.443,0.160,12.489,,,,,0,278.625,218.113,400.000,
1785142169.9243,PID,NORMAL_HOLD,325.14,239.10,315.81,278.463,217.340,399.651,278.625,218.113,400.000,269.921,212.074,397.043,0.349,8.565,,,,,0,278.625,218.113,400.000,
1785142169.9338,PID,NORMAL_HOLD,325.00,239.21,316.00,278.336,217.249,399.532,278.625,218.113,400.000,270.962,212.435,398.029,0.468,2.330,,,,,0,278.625,218.113,400.000,
1785142169.9356,PID,NORMAL_HOLD,324.86,239.29,316.00,278.212,217.179,399.533,278.625,218.113,400.000,271.542,212.554,398.484,0.467,-0.524,,,,,0,278.625,218.113,400.000,
1785142169.9402,PID,NORMAL_HOLD,324.50,239.37,315.98,277.880,217.123,399.547,278.625,218.113,400.000,272.990,212.525,398.545,0.453,-0.890,,,,,0,278.625,218.113,400.000,
1785142169.9505,PID,NORMAL_HOLD,324.50,239.50,315.70,277.886,217.002,399.718,278.625,218.113,400.000,271.890,212.566,398.082,0.282,1.900,,,,,0,278.625,218.113,400.000,
1785142169.9549,PID,NORMAL_HOLD,324.50,239.50,315.81,277.887,216.984,399.649,278.625,218.113,400.000,271.350,212.344,398.048,0.351,2.071,,,,,0,278.625,218.113,400.000,
1785142169.9599,PID,NORMAL_HOLD,324.50,239.50,314.55,277.892,216.964,400.433,278.625,218.113,400.000,271.055,212.263,393.920,-0.433,27.594,,,,,0,278.625,218.113,400.000,
1785142169.9673,PID,NORMAL_HOLD,324.50,239.32,315.49,277.881,217.147,399.852,278.625,218.113,400.000,270.995,211.125,396.131,0.148,13.434,,,,,0,278.625,218.113,400.000,
1785142169.9696,PID,NORMAL_HOLD,324.50,239.32,315.29,277.883,217.136,399.977,278.625,218.113,400.000,270.902,211.568,396.593,0.023,10.340,,,,,0,278.625,218.113,400.000,
1785142169.9748,PID,NORMAL_HOLD,324.50,239.18,315.50,277.878,217.240,399.844,278.625,218.113,400.000,270.889,211.100,397.650,0.156,3.623,,,,,0,278.625,218.113,400.000,
1785142169.9836,PID,NORMAL_HOLD,324.53,239.11,315.19,277.902,217.288,400.036,278.625,218.113,400.000,270.729,211.215,397.219,-0.036,6.210,,,,,0,278.625,218.113,400.000,
1785142169.9867,PID,NORMAL_HOLD,324.51,239.18,315.81,277.882,217.250,399.653,278.625,218.113,400.000,270.890,211.756,399.086,0.347,-5.443,,,,,0,278.625,218.113,400.000,
1785142169.9895,PID,NORMAL_HOLD,324.50,239.18,315.50,277.878,217.240,399.844,278.625,218.113,400.000,270.877,211.864,398.663,0.156,-2.728,,,,,0,278.625,218.113,400.000,
1785142170.0009,PID,NORMAL_HOLD,324.50,239.18,315.74,277.877,217.252,399.697,278.625,218.113,400.000,270.861,211.798,399.091,0.303,-5.301,,,,,0,278.625,218.113,400.000,
1785142170.0030,PID,NORMAL_HOLD,324.50,239.11,316.00,277.877,217.273,399.534,278.625,218.113,400.000,270.843,211.714,400.104,0.466,-11.487,,,,,0,278.625,218.113,400.000,
1785142170.0058,PID,NORMAL_HOLD,324.46,239.19,316.00,277.837,217.233,399.536,278.625,218.113,400.000,271.049,211.994,400.042,0.464,-10.875,,,,,0,278.625,218.113,400.000,
1785142170.0122,PID,NORMAL_HOLD,324.46,239.19,316.00,277.839,217.204,399.534,278.625,218.113,400.000,270.931,212.106,399.881,0.466,-9.689,,,,,0,278.625,218.113,400.000,
1785142170.0168,PID,NORMAL_HOLD,324.00,239.31,315.81,277.421,217.125,399.659,278.625,218.113,400.000,272.986,212.392,398.976,0.341,-3.928,,,,,0,278.625,218.113,400.000,
1785142170.0214,PID,NORMAL_HOLD,324.00,239.42,316.24,277.424,217.029,399.389,278.625,218.113,400.000,271.963,212.757,399.794,0.611,-8.886,,,,,0,278.625,218.113,400.000,
1785142170.0282,PID,NORMAL_HOLD,324.00,239.46,315.50,277.425,217.030,399.849,278.625,218.113,400.000,271.459,212.335,397.555,0.151,5.141,,,,,0,278.625,218.113,400.000,
1785142170.0311,PID,NORMAL_HOLD,324.00,239.39,315.50,277.426,217.042,399.848,278.625,218.113,400.000,271.205,212.065,397.078,0.152,7.968,,,,,0,278.625,218.113,400.000,
1785142170.0369,PID,NORMAL_HOLD,324.00,239.31,315.20,277.428,217.064,400.031,278.625,218.113,400.000,271.075,211.871,396.052,-0.031,14.171,,,,,0,278.625,218.113,400.000,
1785142170.0449,PID,NORMAL_HOLD,324.09,239.23,315.00,277.510,217.172,400.157,278.625,218.113,400.000,270.557,211.284,395.462,-0.157,17.548,,,,,0,278.625,218.113,400.000,
1785142170.0464,PID,NORMAL_HOLD,324.09,239.14,315.00,277.502,217.243,400.157,278.625,218.113,400.000,270.794,211.238,395.576,-0.157,16.531,,,,,0,278.625,218.113,400.000,
1785142170.0520,PID,NORMAL_HOLD,324.09,239.14,314.50,277.500,217.277,400.468,278.625,218.113,400.000,270.877,211.330,394.746,-0.468,21.294,,,,,0,278.625,218.113,400.000,
1785142170.0600,PID,NORMAL_HOLD,324.48,239.11,315.00,277.849,217.378,400.157,278.625,218.113,400.000,268.978,211.037,396.263,-0.157,11.536,,,,,0,278.625,218.113,400.000,
1785142170.0617,PID,NORMAL_HOLD,324.50,239.00,315.00,277.869,217.463,400.157,278.625,218.113,400.000,269.800,210.955,397.067,-0.157,6.358,,,,,0,278.625,218.113,400.000,
1785142170.0661,PID,NORMAL_HOLD,324.50,238.89,315.45,277.867,217.511,399.875,278.625,218.113,400.000,270.326,211.114,398.816,0.125,-4.545,,,,,0,278.625,218.113,400.000,
1785142170.0732,PID,NORMAL_HOLD,324.50,238.89,315.00,277.867,217.530,400.156,278.625,218.113,400.000,270.583,211.350,397.998,-0.156,0.592,,,,,0,278.625,218.113,400.000,
1785142170.0769,PID,NORMAL_HOLD,324.29,238.89,315.83,277.669,217.511,399.645,278.625,218.113,400.000,271.838,211.672,400.022,0.355,-11.867,,,,,0,278.625,218.113,400.000,
1785142170.0822,PID,NORMAL_HOLD,324.50,239.00,315.50,277.868,217.453,399.847,278.625,218.113,400.000,270.247,212.061,399.607,0.153,-9.080,,,,,0,278.625,218.113,400.000,
1785142170.0893,PID,NORMAL_HOLD,324.50,239.00,315.00,277.870,217.450,400.156,278.625,218.113,400.000,270.534,211.945,397.665,-0.156,3.099,,,,,0,278.625,218.113,400.000,
1785142170.0909,PID,NORMAL_HOLD,324.48,239.11,315.50,277.847,217.382,399.848,278.625,218.113,400.000,270.814,212.260,398.631,0.152,-2.920,,,,,0,278.625,218.113,400.000,
1785142170.0952,PID,NORMAL_HOLD,324.00,239.12,315.20,277.417,217.287,400.037,278.625,218.113,400.000,273.192,212.570,397.980,-0.037,1.153,,,,,0,278.625,218.113,400.000,
1785142170.1033,PID,NORMAL_HOLD,324.00,239.24,315.17,277.421,217.190,400.055,278.625,218.113,400.000,272.066,212.741,397.697,-0.055,2.875,,,,,0,278.625,218.113,400.000,
1785142170.1063,PID,NORMAL_HOLD,324.00,239.21,314.50,277.423,217.209,400.468,278.625,218.113,400.000,271.510,212.204,395.627,-0.468,15.600,,,,,0,278.625,218.113,400.000,
1785142170.1109,PID,NORMAL_HOLD,324.00,239.21,314.50,277.423,217.209,400.468,278.625,218.113,400.000,271.243,212.043,395.256,-0.468,17.600,,,,,0,278.625,218.113,400.000,
1785142170.1182,PID,NORMAL_HOLD,324.00,239.21,314.26,277.425,217.197,400.615,278.625,218.113,400.000,271.100,212.030,394.863,-0.615,19.686,,,,,0,278.625,218.113,400.000,
1785142170.1210,PID,NORMAL_HOLD,324.13,239.22,313.74,277.541,217.231,400.939,278.625,218.113,400.000,270.376,211.765,393.626,-0.939,26.935,,,,,0,278.625,218.113,400.000,
1785142170.1266,PID,NORMAL_HOLD,324.50,239.00,314.00,277.879,217.367,400.771,278.625,218.113,400.000,268.812,211.075,394.487,-0.771,21.130,,,,,0,278.625,218.113,400.000,
1785142170.1338,PID,NORMAL_HOLD,324.50,239.00,314.96,277.870,217.450,400.181,278.625,218.113,400.000,269.877,210.989,398.106,-0.181,-1.587,,,,,0,278.625,218.113,400.000,
1785142170.1384,PID,NORMAL_HOLD,324.35,238.94,314.50,277.734,217.505,400.467,278.625,218.113,400.000,271.135,211.088,398.014,-0.467,-0.989,,,,,0,278.625,218.113,400.000,
1785142170.1413,PID,NORMAL_HOLD,324.50,238.89,315.00,277.866,217.548,400.157,278.625,218.113,400.000,270.274,211.204,399.780,-0.157,-11.946,,,,,0,278.625,218.113,400.000,
1785142170.1502,PID,NORMAL_HOLD,324.50,238.89,315.00,277.865,217.560,400.157,278.625,218.113,400.000,270.565,211.425,399.880,-0.157,-12.336,,,,,0,278.625,218.113,400.000,
1785142170.1540,PID,NORMAL_HOLD,324.50,238.82,315.00,277.857,217.691,400.160,278.625,218.113,400.000,270.747,210.854,399.646,-0.160,-10.660,,,,,0,278.625,218.113,400.000,
1785142170.1569,PID,NORMAL_HOLD,324.50,238.82,315.44,277.860,217.638,399.887,278.625,218.113,400.000,270.782,211.596,400.646,0.113,-16.632,,,,,0,278.625,218.113,400.000,
1785142170.1669,PID,NORMAL_HOLD,324.50,238.89,316.35,277.862,217.548,399.319,278.625,218.113,400.000,270.806,212.170,403.417,0.681,-33.434,,,,,0,278.625,218.113,400.000,
1785142170.1689,PID,NORMAL_HOLD,324.50,238.89,316.00,277.865,217.523,399.537,278.625,218.113,400.000,270.811,212.120,402.581,0.463,-27.653,,,,,0,278.625,218.113,400.000,
1785142170.1716,PID,NORMAL_HOLD,324.00,239.00,316.46,277.405,217.446,399.258,278.625,218.113,400.000,273.236,212.361,403.025,0.742,-29.875,,,,,0,278.625,218.113,400.000,
1785142170.1785,PID,NORMAL_HOLD,324.00,239.00,316.50,277.408,217.401,399.230,278.625,218.113,400.000,272.093,212.349,402.610,0.770,-26.749,,,,,0,278.625,218.113,400.000,
1785142170.1809,PID,NORMAL_HOLD,323.93,239.20,316.00,277.356,217.231,399.540,278.625,218.113,400.000,271.836,213.053,400.389,0.460,-12.546,,,,,0,278.625,218.113,400.000,
1785142170.1879,PID,NORMAL_HOLD,324.25,239.16,315.57,277.650,217.243,399.804,278.625,218.113,400.000,269.742,212.400,398.019,0.196,2.322,,,,,0,278.625,218.113,400.000,
1785142170.1951,PID,NORMAL_HOLD,324.00,239.09,316.00,277.418,217.253,399.537,278.625,218.113,400.000,271.583,212.081,398.531,0.463,-0.881,,,,,0,278.625,218.113,400.000,
1785142170.1993,PID,NORMAL_HOLD,324.00,239.09,316.00,277.418,217.253,399.537,278.625,218.113,400.000,271.284,211.978,398.684,0.463,-1.804,,,,,0,278.625,218.113,400.000,
1785142170.2026,PID,NORMAL_HOLD,324.00,239.00,315.57,277.419,217.302,399.804,278.625,218.113,400.000,271.130,211.609,397.358,0.196,6.425,,,,,0,278.625,218.113,400.000,
1785142170.2091,PID,NORMAL_HOLD,324.00,239.00,316.00,277.413,217.359,399.539,278.625,218.113,400.000,271.090,211.428,398.353,0.461,0.171,,,,,0,278.625,218.113,400.000,
1785142170.2122,PID,NORMAL_HOLD,324.00,239.00,316.93,277.406,217.411,398.962,278.625,218.113,400.000,271.081,211.337,401.225,1.038,-17.490,,,,,0,278.625,218.113,400.000,
1785142170.2188,PID,NORMAL_HOLD,324.50,239.00,316.50,277.864,217.472,399.229,278.625,218.113,400.000,268.483,211.246,400.836,0.771,-14.782,,,,,0,278.625,218.113,400.000,
1785142170.2260,PID,NORMAL_HOLD,324.50,238.89,317.00,277.861,217.535,398.920,278.625,218.113,400.000,269.684,211.181,401.771,1.080,-20.263,,,,,0,278.625,218.113,400.000,
1785142170.2273,PID,NORMAL_HOLD,324.50,238.89,317.45,277.860,217.531,398.639,278.625,218.113,400.000,270.275,211.509,403.063,1.361,-27.861,,,,,0,278.625,218.113,400.000,
1785142170.2342,PID,NORMAL_HOLD,324.50,238.82,317.50,277.860,217.566,398.609,278.625,218.113,400.000,270.566,211.460,402.896,1.391,-26.279,,,,,0,278.625,218.113,400.000,
1785142170.2406,PID,NORMAL_HOLD,324.86,238.90,317.50,278.192,217.528,398.608,278.625,218.113,400.000,268.871,211.833,402.401,1.392,-22.743,,,,,0,278.625,218.113,400.000,
1785142170.2441,PID,NORMAL_HOLD,325.00,239.00,318.00,278.322,217.475,398.300,278.625,218.113,400.000,269.080,212.114,403.202,1.700,-27.264,,,,,0,278.625,218.113,400.000,
1785142170.2496,PID,NORMAL_HOLD,325.00,239.00,317.50,278.329,217.394,398.605,278.625,218.113,400.000,269.859,212.397,401.364,1.395,-15.406,,,,,0,278.625,218.113,400.000,
1785142170.2562,PID,NORMAL_HOLD,324.86,239.10,318.00,278.201,217.311,398.297,278.625,218.113,400.000,270.957,212.552,401.924,1.703,-18.585,,,,,0,278.625,218.113,400.000,
1785142170.2594,PID,NORMAL_HOLD,324.55,239.18,318.50,277.914,217.227,397.988,278.625,218.113,400.000,272.624,212.727,403.176,2.012,-25.961,,,,,0,278.625,218.113,400.000,
1785142170.2633,PID,NORMAL_HOLD,324.50,239.18,318.43,277.872,217.217,398.030,278.625,218.113,400.000,271.958,212.360,402.813,1.970,-23.232,,,,,0,278.625,218.113,400.000,
1785142170.2701,PID,NORMAL_HOLD,324.50,239.42,318.00,277.877,217.065,398.299,278.625,218.113,400.000,271.377,213.003,400.878,1.701,-10.847,,,,,0,278.625,218.113,400.000,
1785142170.2725,PID,NORMAL_HOLD,324.50,239.24,317.80,277.877,217.146,398.419,278.625,218.113,400.000,271.113,212.043,399.431,1.581,-1.729,,,,,0,278.625,218.113,400.000,
1785142170.2793,PID,NORMAL_HOLD,324.48,239.36,318.00,277.855,217.087,398.298,278.625,218.113,400.000,271.119,212.335,399.431,1.702,-1.694,,,,,0,278.625,218.113,400.000,
1785142170.2854,PID,NORMAL_HOLD,324.48,239.24,317.50,277.854,217.174,398.607,278.625,218.113,400.000,270.992,211.667,397.974,1.393,7.312,,,,,0,278.625,218.113,400.000,
1785142170.2886,PID,NORMAL_HOLD,324.50,239.18,317.26,277.876,217.203,398.753,278.625,218.113,400.000,270.806,211.622,396.777,1.247,14.587,,,,,0,278.625,218.113,400.000,
1785142170.2944,PID,NORMAL_HOLD,324.50,239.11,317.43,277.874,217.264,398.648,278.625,218.113,400.000,270.844,211.433,397.361,1.352,10.688,,,,,0,278.625,218.113,400.000,
1785142170.3021,PID,NORMAL_HOLD,324.00,239.00,317.48,277.409,217.344,398.621,278.625,218.113,400.000,273.423,211.210,397.757,1.379,8.066,,,,,0,278.625,218.113,400.000,
1785142170.3040,PID,NORMAL_HOLD,324.50,239.00,317.45,277.863,217.450,398.639,278.625,218.113,400.000,269.565,210.915,398.074,1.361,5.960,,,,,0,278.625,218.113,400.000,
1785142170.3083,PID,NORMAL_HOLD,324.50,238.82,317.83,277.860,217.554,398.406,278.625,218.113,400.000,270.228,210.801,399.449,1.594,-2.631,,,,,0,278.625,218.113,400.000,
1785142170.3170,PID,NORMAL_HOLD,324.50,238.82,316.50,277.856,217.653,399.231,278.625,218.113,400.000,270.566,210.745,395.898,0.769,19.332,,,,,0,278.625,218.113,400.000,
1785142170.3190,PID,NORMAL_HOLD,324.68,238.74,317.00,278.022,217.722,398.921,278.625,218.113,400.000,269.772,210.866,396.548,1.079,14.965,,,,,0,278.625,218.113,400.000,
1785142170.3247,PID,NORMAL_HOLD,324.98,238.90,317.00,278.298,217.620,398.920,278.625,218.113,400.000,268.855,211.831,397.125,1.080,11.126,,,,,0,278.625,218.113,400.000,
1785142170.3330,PID,NORMAL_HOLD,324.50,238.82,318.00,277.858,217.568,398.300,278.625,218.113,400.000,272.229,212.093,400.494,1.700,-9.845,,,,,0,278.625,218.113,400.000,
1785142170.3348,PID,NORMAL_HOLD,324.86,238.90,317.50,278.193,217.517,398.608,278.625,218.113,400.000,269.579,212.238,400.045,1.392,-6.889,,,,,0,278.625,218.113,400.000,
1785142170.3394,PID,NORMAL_HOLD,324.74,238.96,317.00,278.082,217.488,398.918,278.625,218.113,400.000,270.792,212.187,398.229,1.082,4.450,,,,,0,278.625,218.113,400.000,
1785142170.3503,PID,NORMAL_HOLD,324.86,239.10,317.80,278.201,217.324,398.418,278.625,218.113,400.000,270.128,212.922,400.110,1.582,-7.239,,,,,0,278.625,218.113,400.000,
1785142170.3526,PID,NORMAL_HOLD,324.50,239.18,317.50,277.874,217.227,398.607,278.625,218.113,400.000,272.246,212.927,399.693,1.393,-4.525,,,,,0,278.625,218.113,400.000,
1785142170.3547,PID,NORMAL_HOLD,324.59,239.23,316.74,277.960,217.202,399.078,278.625,218.113,400.000,271.079,212.550,397.092,0.922,11.635,,,,,0,278.625,218.113,400.000,
1785142170.3621,PID,NORMAL_HOLD,324.86,239.30,316.57,278.209,217.167,399.179,278.625,218.113,400.000,269.592,212.417,395.997,0.821,18.181,,,,,0,278.625,218.113,400.000,
1785142170.3658,PID,NORMAL_HOLD,324.50,239.24,317.00,277.879,217.154,398.915,278.625,218.113,400.000,272.027,212.240,397.295,1.085,9.833,,,,,0,278.625,218.113,400.000,
1785142170.3695,PID,NORMAL_HOLD,324.50,239.24,317.00,277.877,217.182,398.916,278.625,218.113,400.000,271.455,211.917,397.965,1.084,5.515,,,,,0,278.625,218.113,400.000,
1785142170.3757,PID,NORMAL_HOLD,324.50,239.18,316.50,277.876,217.233,399.226,278.625,218.113,400.000,271.162,211.616,396.705,0.774,13.226,,,,,0,278.625,218.113,400.000,
1785142170.3804,PID,NORMAL_HOLD,324.50,239.18,317.00,277.871,217.282,398.919,278.625,218.113,400.000,271.040,211.485,398.120,1.081,4.248,,,,,0,278.625,218.113,400.000,
1785142170.3837,PID,NORMAL_HOLD,324.27,239.00,317.00,277.658,217.355,398.917,278.625,218.113,400.000,272.145,211.273,398.723,1.083,0.452,,,,,0,278.625,218.113,400.000,
1785142170.3907,PID,NORMAL_HOLD,324.00,239.00,316.50,277.405,217.447,399.232,278.625,218.113,400.000,272.931,211.062,397.395,0.768,8.650,,,,,0,278.625,218.113,400.000,
1785142170.3959,PID,NORMAL_HOLD,324.02,238.91,316.80,277.413,217.589,399.048,278.625,218.113,400.000,271.923,210.695,398.035,0.952,4.544,,,,,0,278.625,218.113,400.000,
1785142170.4014,PID,NORMAL_HOLD,324.50,238.82,317.00,277.852,217.684,398.923,278.625,218.113,400.000,269.104,210.730,398.947,1.077,-1.161,,,,,0,278.625,218.113,400.000,
1785142170.4079,PID,NORMAL_HOLD,324.03,238.84,317.00,277.421,217.675,398.926,278.625,218.113,400.000,272.799,211.306,399.276,1.074,-3.174,,,,,0,278.625,218.113,400.000,
1785142170.4091,PID,NORMAL_HOLD,324.04,238.80,317.50,277.428,217.668,398.615,278.625,218.113,400.000,271.863,211.570,400.791,1.385,-12.455,,,,,0,278.625,218.113,400.000,
1785142170.4147,PID,NORMAL_HOLD,324.50,238.82,318.00,277.851,217.660,398.303,278.625,218.113,400.000,269.181,211.714,402.604,1.697,-23.420,,,,,0,278.625,218.113,400.000,
1785142170.4219,PID,NORMAL_HOLD,324.50,238.89,318.00,277.852,217.623,398.304,278.625,218.113,400.000,270.025,211.961,402.683,1.696,-23.457,,,,,0,278.625,218.113,400.000,
1785142170.4230,PID,NORMAL_HOLD,324.34,238.85,317.41,277.709,217.561,398.668,278.625,218.113,400.000,271.247,212.217,400.422,1.332,-9.061,,,,,0,278.625,218.113,400.000,
1785142170.4283,PID,NORMAL_HOLD,324.09,239.00,318.18,277.486,217.441,398.193,278.625,218.113,400.000,272.327,212.680,401.727,1.807,-16.942,,,,,0,278.625,218.113,400.000,
1785142170.4359,PID,NORMAL_HOLD,324.14,239.10,318.00,277.540,217.270,398.299,278.625,218.113,400.000,271.374,213.157,401.250,1.701,-13.663,,,,,0,278.625,218.113,400.000,
1785142170.4388,PID,NORMAL_HOLD,324.20,239.17,317.50,277.595,217.219,398.608,278.625,218.113,400.000,270.845,212.823,399.301,1.392,-1.376,,,,,0,278.625,218.113,400.000,
1785142170.4456,PID,NORMAL_HOLD,324.28,239.36,317.58,277.669,217.114,398.561,278.625,218.113,400.000,270.481,212.954,398.795,1.439,1.780,,,,,0,278.625,218.113,400.000,
1785142170.4516,PID,NORMAL_HOLD,324.48,239.36,318.00,277.860,217.098,398.299,278.625,218.113,400.000,269.660,212.529,399.903,1.701,-5.074,,,,,0,278.625,218.113,400.000,
1785142170.4547,PID,NORMAL_HOLD,324.17,239.45,317.50,277.576,217.050,398.610,278.625,218.113,400.000,271.855,212.504,398.683,1.390,2.557,,,,,0,278.625,218.113,400.000,
1785142170.4608,PID,NORMAL_HOLD,324.42,239.37,318.08,277.804,217.080,398.248,278.625,218.113,400.000,270.168,212.070,400.016,1.752,-5.698,,,,,0,278.625,218.113,400.000,
1785142170.4674,PID,NORMAL_HOLD,324.50,239.36,317.50,277.874,217.144,398.609,278.625,218.113,400.000,270.138,211.652,398.702,1.391,2.510,,,,,0,278.625,218.113,400.000,
1785142170.4687,PID,NORMAL_HOLD,324.51,239.20,318.00,277.883,217.216,398.298,278.625,218.113,400.000,270.455,211.395,399.827,1.702,-4.488,,,,,0,278.625,218.113,400.000,
1785142170.4731,PID,NORMAL_HOLD,324.66,239.15,318.50,278.020,217.269,397.989,278.625,218.113,400.000,269.857,211.342,401.645,2.011,-15.638,,,,,0,278.625,218.113,400.000,
1785142170.4832,PID,NORMAL_HOLD,324.82,239.06,318.18,278.165,217.358,398.189,278.625,218.113,400.000,269.547,211.126,400.896,1.811,-10.708,,,,,0,278.625,218.113,400.000,
1785142170.4850,PID,NORMAL_HOLD,324.50,239.00,318.00,277.860,217.463,398.301,278.625,218.113,400.000,271.921,210.895,399.864,1.699,-4.132,,,,,0,278.625,218.113,400.000,
1785142170.4878,PID,NORMAL_HOLD,324.82,238.94,317.79,278.156,217.543,398.432,278.625,218.113,400.000,269.772,210.921,398.808,1.568,2.460,,,,,0,278.625,218.113,400.000,
1785142170.4961,PID,NORMAL_HOLD,325.00,238.89,318.43,278.320,217.535,398.034,278.625,218.113,400.000,269.437,211.409,400.469,1.966,-7.851,,,,,0,278.625,218.113,400.000,
1785142170.4994,PID,NORMAL_HOLD,325.15,238.98,318.50,278.460,217.503,397.991,278.625,218.113,400.000,269.278,211.792,401.012,2.009,-11.046,,,,,0,278.625,218.113,400.000,
1785142170.5063,PID,NORMAL_HOLD,325.50,238.92,318.45,278.780,217.546,398.022,278.625,218.113,400.000,268.186,211.566,400.843,1.978,-9.792,,,,,0,278.625,218.113,400.000,
1785142170.5126,PID,NORMAL_HOLD,325.50,239.00,319.20,278.784,217.445,397.556,278.625,218.113,400.000,269.370,212.241,402.736,2.444,-21.271,,,,,0,278.625,218.113,400.000,
1785142170.5137,PID,NORMAL_HOLD,325.26,239.04,318.00,278.569,217.389,398.297,278.625,218.113,400.000,271.260,212.373,399.405,1.703,-0.309,,,,,0,278.625,218.113,400.000,
1785142170.5189,PID,NORMAL_HOLD,325.17,239.09,318.00,278.490,217.344,398.297,278.625,218.113,400.000,271.380,212.354,398.197,1.703,7.161,,,,,0,278.625,218.113,400.000,
1785142170.5270,PID,NORMAL_HOLD,325.46,239.19,318.00,278.753,217.271,398.295,278.625,218.113,400.000,269.486,212.542,397.967,1.705,8.448,,,,,0,278.625,218.113,400.000,
1785142170.5323,PID,NORMAL_HOLD,325.24,239.20,316.74,278.561,217.249,399.074,278.625,218.113,400.000,270.982,212.323,394.503,0.926,29.618,,,,,0,278.625,218.113,400.000,
1785142170.5353,PID,NORMAL_HOLD,325.26,239.27,316.00,278.576,217.236,399.531,278.625,218.113,400.000,270.716,212.202,391.323,0.469,48.754,,,,,0,278.625,218.113,400.000,
1785142170.5425,PID,NORMAL_HOLD,325.26,239.24,315.74,278.580,217.237,399.692,278.625,218.113,400.000,270.665,212.046,390.585,0.308,52.429,,,,,0,278.625,218.113,400.000,
1785142170.5460,PID,NORMAL_HOLD,325.23,239.26,316.00,278.550,217.239,399.531,278.625,218.113,400.000,270.832,211.965,392.432,0.469,40.027,,,,,0,278.625,218.113,400.000,
1785142170.5488,PID,NORMAL_HOLD,325.24,239.20,315.50,278.561,217.271,399.839,278.625,218.113,400.000,270.689,211.764,392.373,0.161,39.664,,,,,0,278.625,218.113,400.000,
1785142170.5551,PID,NORMAL_HOLD,325.07,239.20,315.00,278.394,217.318,400.151,278.625,218.113,400.000,271.580,211.577,391.992,-0.151,41.224,,,,,0,278.625,218.113,400.000,
1785142170.5599,PID,NORMAL_HOLD,325.00,239.00,314.50,278.328,217.494,400.461,278.625,218.113,400.000,271.530,210.713,390.802,-0.461,47.877,,,,,0,278.625,218.113,400.000,
1785142170.5660,PID,NORMAL_HOLD,324.50,239.00,315.36,277.866,217.484,399.932,278.625,218.113,400.000,273.552,211.324,394.269,0.068,25.579,,,,,0,278.625,218.113,400.000,
1785142170.5733,PID,NORMAL_HOLD,324.91,238.78,314.00,278.232,217.732,400.774,278.625,218.113,400.000,270.184,210.205,391.511,-0.774,42.237,,,,,0,278.625,218.113,400.000,
1785142170.5767,PID,NORMAL_HOLD,324.87,238.78,314.26,278.196,217.772,400.614,278.625,218.113,400.000,270.693,210.740,392.659,-0.614,34.341,,,,,0,278.625,218.113,400.000,
1785142170.5802,PID,NORMAL_HOLD,324.70,238.64,314.00,278.044,217.816,400.775,278.625,218.113,400.000,271.575,210.997,393.007,-0.775,31.552,,,,,0,278.625,218.113,400.000,
1785142170.5874,PID,NORMAL_HOLD,324.50,238.68,314.66,277.854,217.800,400.371,278.625,218.113,400.000,272.253,211.454,395.804,-0.371,13.700,,,,,0,278.625,218.113,400.000,
1785142170.5917,PID,NORMAL_HOLD,324.71,238.61,314.50,278.045,217.827,400.466,278.625,218.113,400.000,270.523,211.447,396.641,-0.466,8.272,,,,,0,278.625,218.113,400.000,
1785142170.5949,PID,NORMAL_HOLD,324.50,238.68,314.50,277.854,217.809,400.470,278.625,218.113,400.000,271.733,211.689,397.109,-0.470,5.231,,,,,0,278.625,218.113,400.000,
1785142170.6020,PID,NORMAL_HOLD,324.50,238.68,314.66,277.854,217.800,400.371,278.625,218.113,400.000,271.305,211.766,397.882,-0.371,0.356,,,,,0,278.625,218.113,400.000,
1785142170.6049,PID,NORMAL_HOLD,324.50,238.68,314.50,277.856,217.783,400.469,278.625,218.113,400.000,271.083,211.848,397.680,-0.469,1.597,,,,,0,278.625,218.113,400.000,
1785142170.6093,PID,NORMAL_HOLD,324.50,238.68,314.50,277.858,217.757,400.468,278.625,218.113,400.000,270.971,211.937,397.648,-0.468,1.759,,,,,0,278.625,218.113,400.000,
1785142170.6167,PID,NORMAL_HOLD,324.50,238.89,314.94,277.861,217.613,400.198,278.625,218.113,400.000,270.911,212.586,398.946,-0.198,-6.274,,,,,0,278.625,218.113,400.000,
1785142170.6191,PID,NORMAL_HOLD,324.50,239.00,315.00,277.867,217.481,400.157,278.625,218.113,400.000,270.859,212.942,399.494,-0.157,-9.544,,,,,0,278.625,218.113,400.000,
1785142170.6241,PID,NORMAL_HOLD,325.00,239.00,314.00,278.333,217.445,400.768,278.625,218.113,400.000,267.990,212.617,396.483,-0.768,9.227,,,,,0,278.625,218.113,400.000,
1785142170.6339,PID,NORMAL_HOLD,324.50,239.00,314.44,277.874,217.410,400.502,278.625,218.113,400.000,271.819,212.417,396.936,-0.502,6.253,,,,,0,278.625,218.113,400.000,
1785142170.6358,PID,NORMAL_HOLD,325.00,239.00,314.50,278.332,217.434,400.459,278.625,218.113,400.000,268.717,212.002,397.439,-0.459,3.030,,,,,0,278.625,218.113,400.000,
1785142170.6407,PID,NORMAL_HOLD,325.00,239.00,314.50,278.334,217.413,400.458,278.625,218.113,400.000,269.719,212.032,397.690,-0.458,1.425,,,,,0,278.625,218.113,400.000,
1785142170.6503,PID,NORMAL_HOLD,325.00,239.00,314.50,278.334,217.413,400.458,278.625,218.113,400.000,270.229,211.945,397.811,-0.458,0.650,,,,,0,278.625,218.113,400.000,
1785142170.6521,PID,NORMAL_HOLD,325.00,239.00,314.95,278.330,217.451,400.184,278.625,218.113,400.000,270.505,211.688,399.209,-0.184,-7.995,,,,,0,278.625,218.113,400.000,
1785142170.6549,PID,NORMAL_HOLD,324.50,239.00,315.00,277.869,217.463,400.157,278.625,218.113,400.000,273.182,211.697,399.631,-0.157,-10.447,,,,,0,278.625,218.113,400.000,
1785142170.6621,PID,NORMAL_HOLD,324.50,239.00,315.40,277.866,217.482,399.909,278.625,218.113,400.000,272.045,211.665,400.729,0.091,-17.023,,,,,0,278.625,218.113,400.000,
1785142170.6659,PID,NORMAL_HOLD,324.50,239.00,316.00,277.865,217.475,399.539,278.625,218.113,400.000,271.468,211.788,402.529,0.461,-27.804,,,,,0,278.625,218.113,400.000,
1785142170.6693,PID,NORMAL_HOLD,324.50,239.00,316.34,277.865,217.462,399.330,278.625,218.113,400.000,271.174,211.896,403.634,0.670,-34.122,,,,,0,278.625,218.113,400.000,
1785142170.6757,PID,NORMAL_HOLD,324.50,239.00,316.50,277.865,217.462,399.229,278.625,218.113,400.000,271.030,211.872,403.670,0.771,-33.692,,,,,0,278.625,218.113,400.000,
1785142170.6803,PID,NORMAL_HOLD,325.00,239.00,316.50,278.331,217.400,399.223,278.625,218.113,400.000,268.366,212.200,402.980,0.777,-28.804,,,,,0,278.625,218.113,400.000,
1785142170.6861,PID,NORMAL_HOLD,325.00,239.05,317.00,278.332,217.344,398.914,278.625,218.113,400.000,269.546,212.343,403.674,1.086,-32.569,,,,,0,278.625,218.113,400.000,
1785142170.6925,PID,NORMAL_HOLD,325.47,239.11,317.43,278.770,217.306,398.644,278.625,218.113,400.000,267.612,212.329,404.362,1.356,-36.185,,,,,0,278.625,218.113,400.000,
1785142170.6949,PID,NORMAL_HOLD,325.10,239.28,317.50,278.429,217.154,398.604,278.625,218.113,400.000,270.745,212.844,404.015,1.396,-33.362,,,,,0,278.625,218.113,400.000,
1785142170.7017,PID,NORMAL_HOLD,325.00,239.50,317.00,278.342,217.024,398.915,278.625,218.113,400.000,271.324,213.275,401.669,1.085,-18.254,,,,,0,278.625,218.113,400.000,
1785142170.7074,PID,NORMAL_HOLD,325.14,239.67,317.81,278.479,216.868,398.411,278.625,218.113,400.000,270.270,213.489,402.860,1.589,-25.261,,,,,0,278.625,218.113,400.000,
1785142170.7098,PID,NORMAL_HOLD,325.13,239.78,317.50,278.474,216.707,398.602,278.625,218.113,400.000,270.513,213.670,401.778,1.398,-18.108,,,,,0,278.625,218.113,400.000,
1785142170.7164,PID,NORMAL_HOLD,325.50,239.89,317.00,278.819,216.647,398.909,278.625,218.113,400.000,268.691,213.208,399.504,1.091,-3.727,,,,,0,278.625,218.113,400.000,
1785142170.7232,PID,NORMAL_HOLD,325.53,239.90,316.00,278.851,216.652,399.526,278.625,218.113,400.000,269.466,212.623,395.682,0.474,19.920,,,,,0,278.625,218.113,400.000,
1785142170.7259,PID,NORMAL_HOLD,325.50,239.89,316.00,278.820,216.653,399.526,278.625,218.113,400.000,270.198,212.351,394.703,0.474,25.596,,,,,0,278.625,218.113,400.000,
1785142170.7310,PID,NORMAL_HOLD,325.50,239.89,316.26,278.819,216.665,399.365,278.625,218.113,400.000,270.403,212.159,395.779,0.635,18.471,,,,,0,278.625,218.113,400.000,
1785142170.7377,PID,NORMAL_HOLD,325.50,239.89,315.81,278.818,216.684,399.646,278.625,218.113,400.000,270.503,212.014,395.132,0.354,22.131,,,,,0,278.625,218.113,400.000,
1785142170.7401,PID,NORMAL_HOLD,325.50,239.89,316.00,278.815,216.716,399.528,278.625,218.113,400.000,270.564,211.877,395.981,0.472,16.489,,,,,0,278.625,218.113,400.000,
1785142170.7469,PID,NORMAL_HOLD,325.50,239.68,315.50,278.808,216.907,399.838,278.625,218.113,400.000,270.617,210.906,395.169,0.162,21.194,,,,,0,278.625,218.113,400.000,
1785142170.7539,PID,NORMAL_HOLD,325.29,239.61,315.50,278.616,216.966,399.839,278.625,218.113,400.000,271.665,211.137,395.337,0.161,19.765,,,,,0,278.625,218.113,400.000,
1785142170.7566,PID,NORMAL_HOLD,325.50,239.32,314.50,278.797,217.236,400.455,278.625,218.113,400.000,270.148,210.063,392.963,-0.455,34.025,,,,,0,278.625,218.113,400.000,
1785142170.7604,PID,NORMAL_HOLD,325.50,239.24,315.50,278.796,217.266,399.838,278.625,218.113,400.000,270.380,210.827,395.797,0.162,15.897,,,,,0,278.625,218.113,400.000,
1785142170.7669,PID,NORMAL_HOLD,325.50,239.11,315.48,278.791,217.384,399.851,278.625,218.113,400.000,270.516,210.712,397.098,0.149,7.575,,,,,0,278.625,218.113,400.000,
1785142170.7718,PID,NORMAL_HOLD,325.19,239.11,315.50,278.509,217.364,399.841,278.625,218.113,400.000,272.066,211.400,397.782,0.159,3.212,,,,,0,278.625,218.113,400.000,
1785142170.7769,PID,NORMAL_HOLD,326.00,239.00,315.50,279.244,217.527,399.836,278.625,218.113,400.000,267.104,210.696,398.119,0.164,1.071,,,,,0,278.625,218.113,400.000,
1785142170.7835,PID,NORMAL_HOLD,325.50,238.89,315.96,278.785,217.542,399.555,278.625,218.113,400.000,271.302,211.184,399.513,0.445,-7.525,,,,,0,278.625,218.113,400.000,
1785142170.7863,PID,NORMAL_HOLD,325.50,239.00,315.50,278.785,217.507,399.840,278.625,218.113,400.000,270.953,211.708,398.532,0.160,-1.329,,,,,0,278.625,218.113,400.000,
1785142170.7921,PID,NORMAL_HOLD,325.50,239.00,316.00,278.786,217.486,399.531,278.625,218.113,400.000,270.773,211.891,399.742,0.469,-8.788,,,,,0,278.625,218.113,400.000,
1785142170.8002,PID,NORMAL_HOLD,325.48,239.11,315.71,278.769,217.368,399.706,278.625,218.113,400.000,270.738,212.223,399.064,0.294,-4.441,,,,,0,278.625,218.113,400.000,
1785142170.8037,PID,NORMAL_HOLD,325.50,239.24,315.50,278.796,217.266,399.838,278.625,218.113,400.000,270.523,212.626,397.909,0.162,2.816,,,,,0,278.625,218.113,400.000,
1785142170.8096,PID,NORMAL_HOLD,325.50,239.32,316.00,278.796,217.226,399.530,278.625,218.113,400.000,270.563,212.492,399.186,0.470,-5.119,,,,,0,278.625,218.113,400.000,
1785142170.8162,PID,NORMAL_HOLD,325.30,239.33,315.50,278.615,217.155,399.838,278.625,218.113,400.000,271.525,212.586,398.394,0.162,-0.224,,,,,0,278.625,218.113,400.000,
1785142170.8203,PID,NORMAL_HOLD,325.50,239.32,315.81,278.798,217.198,399.649,278.625,218.113,400.000,270.036,212.021,398.752,0.351,-2.424,,,,,0,278.625,218.113,400.000,
1785142170.8268,PID,NORMAL_HOLD,325.36,239.38,315.81,278.670,217.160,399.650,278.625,218.113,400.000,271.056,212.199,398.835,0.350,-2.892,,,,,0,278.625,218.113,400.000,
1785142170.8334,PID,NORMAL_HOLD,325.50,239.32,316.00,278.798,217.198,399.529,278.625,218.113,400.000,270.154,211.871,399.341,0.471,-5.949,,,,,0,278.625,218.113,400.000,
1785142170.8361,PID,NORMAL_HOLD,325.50,239.32,316.00,278.798,217.198,399.529,278.625,218.113,400.000,270.376,211.906,399.426,0.471,-6.365,,,,,0,278.625,218.113,400.000,
1785142170.8413,PID,NORMAL_HOLD,325.13,239.22,316.00,278.456,217.224,399.530,278.625,218.113,400.000,272.308,211.783,399.294,0.470,-5.430,,,,,0,278.625,218.113,400.000,
1785142170.8498,PID,NORMAL_HOLD,325.35,239.06,316.00,278.661,217.336,399.528,278.625,218.113,400.000,270.881,211.518,399.119,0.472,-4.238,,,,,0,278.625,218.113,400.000,
1785142170.8540,PID,NORMAL_HOLD,325.50,239.00,315.50,278.793,217.405,399.836,278.625,218.113,400.000,270.069,211.346,397.507,0.164,5.787,,,,,0,278.625,218.113,400.000,
1785142170.8593,PID,NORMAL_HOLD,325.00,239.00,316.00,278.325,217.482,399.535,278.625,218.113,400.000,273.132,211.155,398.592,0.465,-1.040,,,,,0,278.625,218.113,400.000,
1785142170.8673,PID,NORMAL_HOLD,325.00,239.00,317.25,278.324,217.469,398.760,278.625,218.113,400.000,271.946,211.576,400.555,1.240,-12.630,,,,,0,278.625,218.113,400.000,
1785142170.8721,PID,NORMAL_HOLD,326.00,239.00,317.00,279.244,217.513,398.912,278.625,218.113,400.000,266.365,211.482,401.936,1.088,-20.970,,,,,0,278.625,218.113,400.000,
1785142170.8770,PID,NORMAL_HOLD,325.50,239.00,316.50,278.790,217.425,399.220,278.625,218.113,400.000,271.107,212.185,400.320,0.780,-10.600,,,,,0,278.625,218.113,400.000,
1785142170.8832,PID,NORMAL_HOLD,325.50,239.00,317.00,278.792,217.394,398.911,278.625,218.113,400.000,270.845,212.203,400.956,1.089,-14.312,,,,,0,278.625,218.113,400.000,
1785142170.8873,PID,NORMAL_HOLD,325.50,239.11,317.00,278.794,217.317,398.911,278.625,218.113,400.000,270.709,212.478,400.776,1.089,-12.904,,,,,0,278.625,218.113,400.000,
1785142170.8932,PID,NORMAL_HOLD,325.50,239.11,317.26,278.795,217.301,398.750,278.625,218.113,400.000,270.650,212.280,401.562,1.250,-17.580,,,,,0,278.625,218.113,400.000,
1785142170.9002,PID,NORMAL_HOLD,325.87,239.24,318.00,279.135,217.234,398.294,278.625,218.113,400.000,268.902,212.438,403.320,1.706,-28.064,,,,,0,278.625,218.113,400.000,
1785142170.9028,PID,NORMAL_HOLD,325.86,239.29,317.00,279.137,217.121,398.907,278.625,218.113,400.000,269.685,212.887,400.475,1.093,-9.979,,,,,0,278.625,218.113,400.000,
1785142170.9069,PID,NORMAL_HOLD,325.95,239.32,317.50,279.222,217.101,398.599,278.625,218.113,400.000,269.612,212.539,400.776,1.401,-11.662,,,,,0,278.625,218.113,400.000,
1785142170.9166,PID,NORMAL_HOLD,326.00,239.46,317.00,279.266,217.025,398.907,278.625,218.113,400.000,269.913,212.479,399.465,1.093,-3.439,,,,,0,278.625,218.113,400.000,
1785142170.9209,PID,NORMAL_HOLD,326.10,239.65,317.00,279.362,216.943,398.909,278.625,218.113,400.000,269.647,212.702,398.642,1.091,1.707,,,,,0,278.625,218.113,400.000,
1785142170.9277,PID,NORMAL_HOLD,326.29,239.50,316.95,279.525,217.078,398.941,278.625,218.113,400.000,269.118,211.603,398.226,1.059,4.245,,,,,0,278.625,218.113,400.000,
1785142170.9356,PID,NORMAL_HOLD,326.29,239.50,317.25,279.524,217.084,398.757,278.625,218.113,400.000,269.751,211.761,399.048,1.243,-0.895,,,,,0,278.625,218.113,400.000,
1785142170.9385,PID,NORMAL_HOLD,326.50,239.32,317.47,279.719,217.198,398.616,278.625,218.113,400.000,269.481,211.533,400.006,1.384,-6.784,,,,,0,278.625,218.113,400.000,
1785142170.9452,PID,NORMAL_HOLD,326.50,239.11,316.50,279.723,217.252,399.210,278.625,218.113,400.000,269.880,211.437,397.411,0.790,9.342,,,,,0,278.625,218.113,400.000,
1785142170.9515,PID,NORMAL_HOLD,326.50,239.11,316.00,279.713,217.373,399.521,278.625,218.113,400.000,270.146,211.051,395.015,0.479,23.985,,,,,0,278.625,218.113,400.000,
1785142170.9541,PID,NORMAL_HOLD,326.00,239.00,316.00,279.251,217.430,399.525,278.625,218.113,400.000,272.836,211.154,394.739,0.475,25.251,,,,,0,278.625,218.113,400.000,
1785142170.9599,PID,NORMAL_HOLD,326.13,238.78,316.50,279.359,217.653,399.218,278.625,218.113,400.000,271.012,210.210,396.707,0.782,12.634,,,,,0,278.625,218.113,400.000,
1785142170.9674,PID,NORMAL_HOLD,326.00,238.76,316.50,279.239,217.694,399.220,278.625,218.113,400.000,271.368,210.789,397.684,0.780,6.374,,,,,0,278.625,218.113,400.000,
1785142170.9700,PID,NORMAL_HOLD,326.00,238.69,316.44,279.232,217.812,399.259,278.625,218.113,400.000,270.951,210.632,397.976,0.741,4.456,,,,,0,278.625,218.113,400.000,
1785142170.9749,PID,NORMAL_HOLD,325.50,238.68,316.44,278.768,217.852,399.264,278.625,218.113,400.000,273.087,210.990,398.159,0.736,3.245,,,,,0,278.625,218.113,400.000,
1785142170.9831,PID,NORMAL_HOLD,326.00,238.50,316.43,279.229,217.930,399.262,278.625,218.113,400.000,269.045,210.902,398.359,0.738,1.943,,,,,0,278.625,218.113,400.000,
1785142170.9876,PID,NORMAL_HOLD,325.72,238.57,316.50,278.974,217.854,399.222,278.625,218.113,400.000,271.130,211.725,398.632,0.778,0.228,,,,,0,278.625,218.113,400.000,
1785142170.9930,PID,NORMAL_HOLD,325.86,238.70,316.34,279.107,217.752,399.323,278.625,218.113,400.000,270.054,212.335,398.252,0.677,2.569,,,,,0,278.625,218.113,400.000,
1785142171.0003,PID,NORMAL_HOLD,325.50,238.89,316.00,278.783,217.573,399.531,278.625,218.113,400.000,271.232,212.589,397.212,0.469,8.929,,,,,0,278.625,218.113,400.000,
1785142171.0045,PID,NORMAL_HOLD,325.50,239.00,316.50,278.784,217.501,399.223,278.625,218.113,400.000,270.907,212.598,398.509,0.777,0.760,,,,,0,278.625,218.113,400.000,
1785142171.0091,PID,NORMAL_HOLD,325.50,239.00,316.00,278.787,217.471,399.530,278.625,218.113,400.000,270.733,212.409,397.550,0.470,6.649,,,,,0,278.625,218.113,400.000,
1785142171.0169,PID,NORMAL_HOLD,325.88,239.15,315.00,279.145,217.329,400.142,278.625,218.113,400.000,268.680,212.927,394.314,-0.142,26.508,,,,,0,278.625,218.113,400.000,
1785142171.0199,PID,NORMAL_HOLD,325.50,239.24,315.00,278.796,217.269,400.146,278.625,218.113,400.000,271.359,212.728,393.722,-0.146,29.683,,,,,0,278.625,218.113,400.000,
1785142171.0242,PID,NORMAL_HOLD,325.70,239.33,314.50,278.985,217.207,400.453,278.625,218.113,400.000,269.805,212.712,392.721,-0.453,35.303,,,,,0,278.625,218.113,400.000,
1785142171.0337,PID,NORMAL_HOLD,325.50,239.39,314.47,278.802,217.144,400.471,278.625,218.113,400.000,271.139,212.670,393.059,-0.471,32.564,,,,,0,278.625,218.113,400.000,
1785142171.0359,PID,NORMAL_HOLD,325.50,239.39,314.19,278.802,217.143,400.643,278.625,218.113,400.000,270.861,212.327,393.056,-0.643,31.978,,,,,0,278.625,218.113,400.000,
1785142171.0392,PID,NORMAL_HOLD,325.71,239.45,313.50,278.994,217.132,401.069,278.625,218.113,400.000,269.597,212.210,391.748,-1.069,39.445,,,,,0,278.625,218.113,400.000,
1785142171.0498,PID,NORMAL_HOLD,325.50,239.45,314.00,278.805,217.092,400.762,278.625,218.113,400.000,270.621,212.212,394.208,-0.762,23.391,,,,,0,278.625,218.113,400.000,
1785142171.0543,PID,NORMAL_HOLD,325.50,239.45,313.50,278.803,217.124,401.072,278.625,218.113,400.000,270.614,211.922,393.804,-1.072,25.422,,,,,0,278.625,218.113,400.000,
1785142171.0609,PID,NORMAL_HOLD,325.70,239.33,313.50,278.988,217.188,401.068,278.625,218.113,400.000,269.569,211.596,394.093,-1.068,23.180,,,,,0,278.625,218.113,400.000,
1785142171.0670,PID,NORMAL_HOLD,325.50,239.24,313.50,278.801,217.247,401.070,278.625,218.113,400.000,271.047,211.464,394.792,-1.070,18.423,,,,,0,278.625,218.113,400.000,
1785142171.0695,PID,NORMAL_HOLD,325.50,239.24,313.56,278.800,217.246,401.033,278.625,218.113,400.000,270.818,211.708,395.660,-1.033,12.707,,,,,0,278.625,218.113,400.000,
1785142171.0756,PID,NORMAL_HOLD,325.50,239.24,313.50,278.796,217.310,401.072,278.625,218.113,400.000,270.732,211.444,395.988,-1.072,10.450,,,,,0,278.625,218.113,400.000,
1785142171.0832,PID,NORMAL_HOLD,325.50,239.11,314.49,278.794,217.364,400.461,278.625,218.113,400.000,270.668,211.392,399.341,-0.461,-10.444,,,,,0,278.625,218.113,400.000,
1785142171.0877,PID,NORMAL_HOLD,325.50,239.11,314.50,278.792,217.390,400.455,278.625,218.113,400.000,270.640,211.507,400.350,-0.455,-16.486,,,,,0,278.625,218.113,400.000,
1785142171.0911,PID,NORMAL_HOLD,325.35,239.06,315.00,278.660,217.371,400.146,278.625,218.113,400.000,271.357,211.811,401.847,-0.146,-25.427,,,,,0,278.625,218.113,400.000,
1785142171.1003,PID,NORMAL_HOLD,325.50,239.11,315.20,278.793,217.368,400.025,278.625,218.113,400.000,270.257,211.876,402.162,-0.025,-26.849,,,,,0,278.625,218.113,400.000,
1785142171.1017,PID,NORMAL_HOLD,325.50,239.11,315.57,278.795,217.329,399.795,278.625,218.113,400.000,270.410,212.110,403.186,0.205,-32.725,,,,,0,278.625,218.113,400.000,
1785142171.1070,PID,NORMAL_HOLD,325.87,239.22,315.86,279.138,217.262,399.609,278.625,218.113,400.000,268.603,212.391,403.390,0.391,-33.340,,,,,0,278.625,218.113,400.000,
1785142171.1172,PID,NORMAL_HOLD,325.50,239.32,316.50,278.797,217.192,399.221,278.625,218.113,400.000,271.469,212.561,404.648,0.779,-40.465,,,,,0,278.625,218.113,400.000,
1785142171.1191,PID,NORMAL_HOLD,326.00,239.42,316.00,279.264,217.088,399.524,278.625,218.113,400.000,268.427,212.842,402.811,0.476,-28.390,,,,,0,278.625,218.113,400.000,
1785142171.1209,PID,NORMAL_HOLD,325.70,239.67,316.00,278.994,216.921,399.528,278.625,218.113,400.000,270.849,213.291,401.492,0.472,-19.722,,,,,0,278.625,218.113,400.000,
1785142171.1287,PID,NORMAL_HOLD,325.70,239.72,316.00,278.994,216.858,399.527,278.625,218.113,400.000,270.688,213.042,400.565,0.473,-13.633,,,,,0,278.625,218.113,400.000,
1785142171.1321,PID,NORMAL_HOLD,325.91,239.83,316.00,279.189,216.804,399.526,278.625,218.113,400.000,269.578,212.840,399.918,0.474,-9.376,,,,,0,278.625,218.113,400.000,
1785142171.1350,PID,NORMAL_HOLD,325.91,239.86,316.50,279.199,216.687,399.215,278.625,218.113,400.000,269.966,213.155,401.090,0.785,-16.455,,,,,0,278.625,218.113,400.000,
1785142171.1420,PID,NORMAL_HOLD,326.00,239.88,316.00,279.279,216.685,399.523,278.625,218.113,400.000,269.771,212.647,399.608,0.477,-7.008,,,,,0,278.625,218.113,400.000,
1785142171.1468,PID,NORMAL_HOLD,326.00,239.85,315.81,279.278,216.712,399.640,278.625,218.113,400.000,270.111,212.235,398.303,0.360,1.184,,,,,0,278.625,218.113,400.000,
1785142171.1503,PID,NORMAL_HOLD,326.09,239.88,315.81,279.358,216.692,399.637,278.625,218.113,400.000,269.819,212.290,397.897,0.363,3.675,,,,,0,278.625,218.113,400.000,
1785142171.1573,PID,NORMAL_HOLD,326.13,239.79,315.50,279.397,216.736,399.828,278.625,218.113,400.000,269.908,211.963,396.879,0.172,9.898,,,,,0,278.625,218.113,400.000,
1785142171.1599,PID,NORMAL_HOLD,326.13,239.78,315.29,279.394,216.786,399.961,278.625,218.113,400.000,270.169,211.762,396.235,0.039,13.660,,,,,0,278.625,218.113,400.000,
1785142171.1666,PID,NORMAL_HOLD,326.05,239.68,315.18,279.312,216.898,400.030,278.625,218.113,400.000,270.762,211.282,395.780,-0.030,16.240,,,,,0,278.625,218.113,400.000,
1785142171.1728,PID,NORMAL_HOLD,326.38,239.50,314.54,279.611,217.042,400.418,278.625,218.113,400.000,268.978,210.893,394.255,-0.418,25.336,,,,,0,278.625,218.113,400.000,
1785142171.1754,PID,NORMAL_HOLD,326.00,239.50,315.00,279.266,217.038,400.140,278.625,218.113,400.000,271.621,211.478,395.560,-0.140,16.810,,,,,0,278.625,218.113,400.000,
1785142171.1814,PID,NORMAL_HOLD,326.21,239.31,314.89,279.457,217.178,400.205,278.625,218.113,400.000,269.957,210.958,396.114,-0.205,13.073,,,,,0,278.625,218.113,400.000,
1785142171.1884,PID,NORMAL_HOLD,326.00,239.15,314.50,279.255,217.337,400.449,278.625,218.113,400.000,271.319,210.561,395.381,-0.449,17.360,,,,,0,278.625,218.113,400.000,
1785142171.1930,PID,NORMAL_HOLD,326.00,239.12,314.00,279.255,217.354,400.756,278.625,218.113,400.000,270.881,211.152,394.029,-0.756,25.386,,,,,0,278.625,218.113,400.000,
1785142171.1958,PID,NORMAL_HOLD,325.50,239.00,314.00,278.788,217.496,400.764,278.625,218.113,400.000,273.213,210.764,394.087,-0.764,24.551,,,,,0,278.625,218.113,400.000,
1785142171.2021,PID,NORMAL_HOLD,326.00,239.00,314.37,279.243,217.560,400.535,278.625,218.113,400.000,269.339,210.965,395.769,-0.535,13.713,,,,,0,278.625,218.113,400.000,
1785142171.2047,PID,NORMAL_HOLD,325.50,239.00,315.49,278.788,217.469,399.845,278.625,218.113,400.000,272.454,211.927,399.957,0.155,-12.382,,,,,0,278.625,218.113,400.000,
1785142171.2111,PID,NORMAL_HOLD,326.00,239.00,314.81,279.249,217.478,400.260,278.625,218.113,400.000,269.046,211.857,399.188,-0.260,-7.403,,,,,0,278.625,218.113,400.000,
1785142171.2169,PID,NORMAL_HOLD,326.00,239.00,314.50,279.252,217.437,400.448,278.625,218.113,400.000,269.727,212.095,397.779,-0.448,1.450,,,,,0,278.625,218.113,400.000,
1785142171.2217,PID,NORMAL_HOLD,326.00,239.12,314.50,279.250,217.408,400.451,278.625,218.113,400.000,270.097,212.168,397.358,-0.451,4.014,,,,,0,278.625,218.113,400.000,
1785142171.2263,PID,NORMAL_HOLD,325.91,239.12,314.71,279.172,217.389,400.319,278.625,218.113,400.000,270.711,212.148,397.922,-0.319,0.460,,,,,0,278.625,218.113,400.000,
1785142171.2342,PID,NORMAL_HOLD,325.91,239.14,314.50,279.175,217.337,400.450,278.625,218.113,400.000,270.577,212.313,397.498,-0.450,3.069,,,,,0,278.625,218.113,400.000,
1785142171.2389,PID,NORMAL_HOLD,325.96,239.23,315.00,279.218,217.297,400.142,278.625,218.113,400.000,270.287,212.341,398.887,-0.142,-5.559,,,,,0,278.625,218.113,400.000,
1785142171.2429,PID,NORMAL_HOLD,325.89,239.36,315.00,279.154,217.196,400.143,278.625,218.113,400.000,270.757,212.751,399.287,-0.143,-7.927,,,,,0,278.625,218.113,400.000,
1785142171.2506,PID,NORMAL_HOLD,326.00,239.40,314.50,279.263,217.131,400.448,278.625,218.113,400.000,270.032,212.709,397.782,-0.448,1.503,,,,,0,278.625,218.113,400.000,
1785142171.2519,PID,NORMAL_HOLD,326.00,239.50,314.50,279.265,217.059,400.449,278.625,218.113,400.000,270.224,212.766,397.261,-0.449,4.688,,,,,0,278.625,218.113,400.000,
1785142171.2570,PID,NORMAL_HOLD,326.00,239.50,314.19,279.265,217.064,400.638,278.625,218.113,400.000,270.332,212.363,396.297,-0.638,10.543,,,,,0,278.625,218.113,400.000,
1785142171.2671,PID,NORMAL_HOLD,326.00,239.50,314.00,279.266,217.044,400.756,278.625,218.113,400.000,270.376,212.301,395.559,-0.756,14.912,,,,,0,278.625,218.113,400.000,
1785142171.2689,PID,NORMAL_HOLD,325.86,239.50,313.00,279.136,217.117,401.376,278.625,218.113,400.000,271.122,211.762,392.695,-1.376,32.292,,,,,0,278.625,218.113,400.000,
1785142171.2723,PID,NORMAL_HOLD,325.90,239.46,313.19,279.167,217.138,401.255,278.625,218.113,400.000,270.632,211.766,392.987,-1.255,29.877,,,,,0,278.625,218.113,400.000,
1785142171.2834,PID,NORMAL_HOLD,325.70,239.33,313.47,278.988,217.187,401.084,278.625,218.113,400.000,271.573,211.600,394.565,-1.084,19.581,,,,,0,278.625,218.113,400.000,
1785142171.2849,PID,NORMAL_HOLD,325.50,239.32,313.49,278.801,217.210,401.078,278.625,218.113,400.000,272.087,211.664,395.595,-1.078,12.852,,,,,0,278.625,218.113,400.000,
1785142171.2864,PID,NORMAL_HOLD,325.50,239.24,313.00,278.799,217.281,401.379,278.625,218.113,400.000,271.344,211.422,394.811,-1.379,17.445,,,,,0,278.625,218.113,400.000,
1785142171.2933,PID,NORMAL_HOLD,325.50,239.24,313.00,278.799,217.281,401.379,278.625,218.113,400.000,270.961,211.688,394.898,-1.379,16.583,,,,,0,278.625,218.113,400.000,
1785142171.2963,PID,NORMAL_HOLD,325.20,239.25,313.00,278.529,217.260,401.383,278.625,218.113,400.000,272.175,211.936,395.332,-1.383,13.580,,,,,0,278.625,218.113,400.000,
1785142171.3042,PID,NORMAL_HOLD,325.50,239.00,313.00,278.796,217.418,401.378,278.625,218.113,400.000,269.895,211.046,395.894,-1.378,9.827,,,,,0,278.625,218.113,400.000,
1785142171.3108,PID,NORMAL_HOLD,325.50,239.00,313.50,278.793,217.444,401.070,278.625,218.113,400.000,270.245,211.403,397.287,-1.070,1.145,,,,,0,278.625,218.113,400.000,
1785142171.3172,PID,NORMAL_HOLD,325.50,239.00,313.44,278.792,217.466,401.109,278.625,218.113,400.000,270.421,211.532,397.941,-1.109,-2.922,,,,,0,278.625,218.113,400.000,
1785142171.3238,PID,NORMAL_HOLD,325.50,239.00,314.34,278.787,217.505,400.557,278.625,218.113,400.000,270.526,211.490,400.618,-0.557,-19.352,,,,,0,278.625,218.113,400.000,
1785142171.3291,PID,NORMAL_HOLD,325.50,239.00,314.45,278.787,217.508,400.487,278.625,218.113,400.000,270.556,211.674,401.662,-0.487,-25.454,,,,,0,278.625,218.113,400.000,
1785142171.3318,PID,NORMAL_HOLD,325.50,239.00,314.45,278.786,217.519,400.485,278.625,218.113,400.000,270.573,211.722,401.442,-0.485,-23.634,,,,,0,278.625,218.113,400.000,
1785142171.3378,PID,NORMAL_HOLD,325.50,239.00,314.00,278.797,217.383,400.760,278.625,218.113,400.000,270.520,212.487,399.490,-0.760,-11.146,,,,,0,278.625,218.113,400.000,
1785142171.3442,PID,NORMAL_HOLD,325.50,239.11,313.50,278.798,217.338,401.070,278.625,218.113,400.000,270.545,212.486,397.072,-1.070,3.976,,,,,0,278.625,218.113,400.000,
1785142171.3468,PID,NORMAL_HOLD,325.88,239.15,314.50,279.145,217.332,400.450,278.625,218.113,400.000,268.599,212.248,399.274,-0.450,-9.688,,,,,0,278.625,218.113,400.000,
1785142171.3528,PID,NORMAL_HOLD,325.88,239.15,314.50,279.145,217.332,400.450,278.625,218.113,400.000,269.536,212.096,399.762,-0.450,-12.505,,,,,0,278.625,218.113,400.000,
1785142171.3606,PID,NORMAL_HOLD,325.88,239.15,314.29,279.149,217.289,400.580,278.625,218.113,400.000,269.985,212.250,399.105,-0.580,-8.219,,,,,0,278.625,218.113,400.000,
1785142171.3623,PID,NORMAL_HOLD,325.96,239.23,314.00,279.223,217.241,400.756,278.625,218.113,400.000,269.824,212.365,397.820,-0.756,-0.138,,,,,0,278.625,218.113,400.000,
1785142171.3699,PID,NORMAL_HOLD,326.21,239.31,314.00,279.452,217.246,400.755,278.625,218.113,400.000,268.749,212.140,397.365,-0.755,2.667,,,,,0,278.625,218.113,400.000,
1785142171.3764,PID,NORMAL_HOLD,326.00,239.40,314.00,279.258,217.193,400.758,278.625,218.113,400.000,270.577,212.332,397.246,-0.758,3.350,,,,,0,278.625,218.113,400.000,
1785142171.3791,PID,NORMAL_HOLD,325.89,239.39,313.50,279.154,217.227,401.069,278.625,218.113,400.000,271.134,211.954,395.807,-1.069,12.162,,,,,0,278.625,218.113,400.000,
1785142171.3824,PID,NORMAL_HOLD,326.00,239.40,313.71,279.259,217.184,400.934,278.625,218.113,400.000,270.224,212.203,396.185,-0.934,9.602,,,,,0,278.625,218.113,400.000,
1785142171.3901,PID,NORMAL_HOLD,325.89,239.33,313.71,279.155,217.210,400.935,278.625,218.113,400.000,270.895,211.955,396.543,-0.935,7.207,,,,,0,278.625,218.113,400.000,
1785142171.3946,PID,NORMAL_HOLD,325.50,239.24,314.00,278.798,217.275,400.763,278.625,218.113,400.000,272.565,211.628,397.555,-0.763,0.850,,,,,0,278.625,218.113,400.000,
1785142171.3980,PID,NORMAL_HOLD,325.88,239.17,313.57,279.143,217.328,401.025,278.625,218.113,400.000,269.527,211.486,396.485,-1.025,7.496,,,,,0,278.625,218.113,400.000,
1785142171.4041,PID,NORMAL_HOLD,325.88,239.15,313.50,279.144,217.370,401.067,278.625,218.113,400.000,269.997,211.474,396.258,-1.067,8.752,,,,,0,278.625,218.113,400.000,
1785142171.4066,PID,NORMAL_HOLD,325.88,239.12,313.50,279.145,217.407,401.068,278.625,218.113,400.000,270.228,211.496,396.361,-1.068,7.950,,,,,0,278.625,218.113,400.000,
1785142171.4132,PID,NORMAL_HOLD,325.50,239.00,314.00,278.791,217.469,400.763,278.625,218.113,400.000,272.324,211.366,398.065,-0.763,-2.718,,,,,0,278.625,218.113,400.000,
1785142171.4195,PID,NORMAL_HOLD,325.50,239.00,314.00,278.788,217.506,400.765,278.625,218.113,400.000,271.466,211.432,398.573,-0.765,-5.802,,,,,0,278.625,218.113,400.000,
1785142171.4227,PID,NORMAL_HOLD,325.54,239.00,314.45,278.824,217.521,400.485,278.625,218.113,400.000,270.812,211.582,399.861,-0.485,-13.610,,,,,0,278.625,218.113,400.000,
1785142171.4297,PID,NORMAL_HOLD,325.50,239.00,314.50,278.785,217.534,400.457,278.625,218.113,400.000,270.910,211.663,400.381,-0.457,-16.601,,,,,0,278.625,218.113,400.000,
1785142171.4359,PID,NORMAL_HOLD,325.50,239.00,315.00,278.784,217.531,400.149,278.625,218.113,400.000,270.747,211.792,401.538,-0.149,-23.422,,,,,0,278.625,218.113,400.000,
1785142171.4370,PID,NORMAL_HOLD,325.50,239.00,315.14,278.782,217.557,400.063,278.625,218.113,400.000,270.675,211.690,401.900,-0.063,-25.228,,,,,0,278.625,218.113,400.000,
1785142171.4437,PID,NORMAL_HOLD,325.50,239.00,315.77,278.781,217.560,399.678,278.625,218.113,400.000,270.633,211.770,403.329,0.322,-33.582,,,,,0,278.625,218.113,400.000,
1785142171.4502,PID,NORMAL_HOLD,326.00,239.00,316.26,279.241,217.557,399.371,278.625,218.113,400.000,268.090,211.840,404.497,0.629,-40.148,,,,,0,278.625,218.113,400.000,
1785142171.4546,PID,NORMAL_HOLD,326.00,239.00,316.00,279.242,217.550,399.529,278.625,218.113,400.000,269.260,211.902,402.981,0.471,-29.967,,,,,0,278.625,218.113,400.000,
1785142171.4593,PID,NORMAL_HOLD,326.50,239.00,315.50,279.701,217.578,399.833,278.625,218.113,400.000,267.294,211.738,400.499,0.167,-14.087,,,,,0,278.625,218.113,400.000,
1785142171.4670,PID,NORMAL_HOLD,326.50,239.00,315.00,279.703,217.558,400.140,278.625,218.113,400.000,268.787,211.916,397.807,-0.140,2.798,,,,,0,278.625,218.113,400.000,
1785142171.4702,PID,NORMAL_HOLD,327.00,239.12,315.50,280.164,217.502,399.829,278.625,218.113,400.000,266.948,212.212,398.424,0.171,-1.061,,,,,0,278.625,218.113,400.000,
1785142171.4741,PID,NORMAL_HOLD,327.00,239.00,315.50,280.172,217.450,399.824,278.625,218.113,400.000,268.509,212.347,398.657,0.176,-2.482,,,,,0,278.625,218.113,400.000,
1785142171.4832,PID,NORMAL_HOLD,327.00,239.12,315.56,280.174,217.363,399.787,278.625,218.113,400.000,269.316,212.632,398.846,0.213,-3.598,,,,,0,278.625,218.113,400.000,
1785142171.4850,PID,NORMAL_HOLD,327.00,239.12,315.00,280.172,217.398,400.132,278.625,218.113,400.000,269.751,212.094,397.148,-0.132,6.954,,,,,0,278.625,218.113,400.000,
1785142171.4887,PID,NORMAL_HOLD,327.00,239.12,315.19,280.172,217.397,400.017,278.625,218.113,400.000,269.952,212.020,397.278,-0.017,6.022,,,,,0,278.625,218.113,400.000,
1785142171.5000,PID,NORMAL_HOLD,326.88,239.15,315.00,280.059,217.413,400.135,278.625,218.113,400.000,270.381,211.931,397.307,-0.135,5.629,,,,,0,278.625,218.113,400.000,
1785142171.5045,PID,NORMAL_HOLD,326.50,239.00,315.00,279.710,217.461,400.136,278.625,218.113,400.000,272.287,211.654,397.120,-0.136,6.683,,,,,0,278.625,218.113,400.000,
1785142171.5104,PID,NORMAL_HOLD,326.50,239.00,314.50,279.703,217.563,400.447,278.625,218.113,400.000,271.330,211.241,395.706,-0.447,15.288,,,,,0,278.625,218.113,400.000,
1785142171.5169,PID,NORMAL_HOLD,326.00,239.00,314.50,279.243,217.559,400.453,278.625,218.113,400.000,273.451,211.588,395.604,-0.453,15.611,,,,,0,278.625,218.113,400.000,
1785142171.5204,PID,NORMAL_HOLD,326.00,239.00,314.50,279.243,217.559,400.453,278.625,218.113,400.000,271.941,211.738,395.826,-0.453,13.955,,,,,0,278.625,218.113,400.000,
1785142171.5246,PID,NORMAL_HOLD,326.00,239.00,314.95,279.242,217.569,400.174,278.625,218.113,400.000,271.191,211.760,397.588,-0.174,2.818,,,,,0,278.625,218.113,400.000,
1785142171.5336,PID,NORMAL_HOLD,326.00,238.88,315.18,279.242,217.617,400.033,278.625,218.113,400.000,270.811,211.524,398.966,-0.033,-5.738,,,,,0,278.625,218.113,400.000,
1785142171.5353,PID,NORMAL_HOLD,326.00,238.88,315.45,279.241,217.624,399.865,278.625,218.113,400.000,270.624,211.663,400.149,0.135,-12.936,,,,,0,278.625,218.113,400.000,
1785142171.5402,PID,NORMAL_HOLD,325.91,238.86,315.18,279.161,217.622,400.034,278.625,218.113,400.000,271.026,211.777,399.446,-0.034,-8.352,,,,,0,278.625,218.113,400.000,
1785142171.5502,PID,NORMAL_HOLD,325.53,238.89,314.80,278.804,217.644,400.274,278.625,218.113,400.000,271.771,211.760,398.318,-0.274,-1.347,,,,,0,278.625,218.113,400.000,
1785142171.5547,PID,NORMAL_HOLD,325.91,238.78,314.80,279.149,217.751,400.269,278.625,218.113,400.000,269.216,211.212,397.560,-0.269,3.362,,,,,0,278.625,218.113,400.000,
1785142171.5603,PID,NORMAL_HOLD,325.91,238.78,315.00,279.147,217.775,400.148,278.625,218.113,400.000,269.848,211.386,397.962,-0.148,0.816,,,,,0,278.625,218.113,400.000,
1785142171.5687,PID,NORMAL_HOLD,326.00,238.79,315.00,279.233,217.776,400.147,278.625,218.113,400.000,269.695,211.598,398.125,-0.147,-0.205,,,,,0,278.625,218.113,400.000,
1785142171.5719,PID,NORMAL_HOLD,326.09,238.86,314.81,279.313,217.749,400.266,278.625,218.113,400.000,269.691,211.836,397.709,-0.266,2.339,,,,,0,278.625,218.113,400.000,
1785142171.5751,PID,NORMAL_HOLD,326.12,238.85,314.50,279.345,217.728,400.454,278.625,218.113,400.000,269.818,211.986,396.123,-0.454,12.204,,,,,0,278.625,218.113,400.000,
1785142171.5836,PID,NORMAL_HOLD,326.12,238.85,314.48,279.345,217.728,400.466,278.625,218.113,400.000,270.107,211.913,396.141,-0.466,11.867,,,,,0,278.625,218.113,400.000,
1785142171.5851,PID,NORMAL_HOLD,326.20,238.83,314.00,279.418,217.768,400.761,278.625,218.113,400.000,269.858,211.665,394.965,-0.761,18.905,,,,,0,278.625,218.113,400.000,
1785142171.5884,PID,NORMAL_HOLD,326.50,238.76,314.73,279.698,217.730,400.306,278.625,218.113,400.000,268.524,211.962,397.165,-0.306,4.976,,,,,0,278.625,218.113,400.000,
1785142171.5968,PID,NORMAL_HOLD,326.50,238.76,313.95,279.696,217.751,400.788,278.625,218.113,400.000,269.414,211.783,395.769,-0.788,13.491,,,,,0,278.625,218.113,400.000,
1785142171.6010,PID,NORMAL_HOLD,326.50,238.76,313.76,279.698,217.723,400.900,278.625,218.113,400.000,269.839,211.962,394.954,-0.900,18.278,,,,,0,278.625,218.113,400.000,
1785142171.6039,PID,NORMAL_HOLD,326.50,238.87,314.23,279.698,217.677,400.616,278.625,218.113,400.000,270.064,212.168,396.485,-0.616,8.487,,,,,0,278.625,218.113,400.000,
1785142171.6115,PID,NORMAL_HOLD,326.50,238.87,313.88,279.697,217.694,400.833,278.625,218.113,400.000,270.182,211.920,396.160,-0.833,10.338,,,,,0,278.625,218.113,400.000,
1785142171.6149,PID,NORMAL_HOLD,326.50,238.76,312.50,279.688,217.857,401.681,278.625,218.113,400.000,270.280,211.025,392.419,-1.681,33.174,,,,,0,278.625,218.113,400.000,
1785142171.6203,PID,NORMAL_HOLD,326.50,238.76,312.50,279.688,217.857,401.681,278.625,218.113,400.000,270.284,211.413,391.561,-1.681,37.867,,,,,0,278.625,218.113,400.000,
1785142171.6271,PID,NORMAL_HOLD,326.50,238.76,312.50,279.688,217.857,401.681,278.625,218.113,400.000,270.286,211.607,392.216,-1.681,33.105,,,,,0,278.625,218.113,400.000,
1785142171.6309,PID,NORMAL_HOLD,326.50,238.76,312.00,279.688,217.860,401.988,278.625,218.113,400.000,270.287,211.686,391.799,-1.988,35.023,,,,,0,278.625,218.113,400.000,
1785142171.6360,PID,NORMAL_HOLD,326.50,238.76,312.00,279.688,217.860,401.988,278.625,218.113,400.000,270.287,211.743,392.172,-1.988,32.107,,,,,0,278.625,218.113,400.000,
1785142171.6419,PID,NORMAL_HOLD,326.50,238.55,312.50,279.688,217.954,401.678,278.625,218.113,400.000,270.289,211.248,394.641,-1.678,16.266,,,,,0,278.625,218.113,400.000,
1785142171.6451,PID,NORMAL_HOLD,326.50,238.55,313.00,279.688,217.951,401.371,278.625,218.113,400.000,270.287,211.526,397.130,-1.371,0.656,,,,,0,278.625,218.113,400.000,
1785142171.6501,PID,NORMAL_HOLD,326.50,238.50,313.20,279.684,218.023,401.251,278.625,218.113,400.000,270.307,211.256,399.001,-1.251,-10.959,,,,,0,278.625,218.113,400.000,
1785142171.6568,PID,NORMAL_HOLD,326.14,238.49,313.19,279.352,218.037,401.259,278.625,218.113,400.000,272.154,211.428,399.310,-1.259,-12.688,,,,,0,278.625,218.113,400.000,
1785142171.6595,PID,NORMAL_HOLD,326.30,238.33,313.00,279.491,218.195,401.376,278.625,218.113,400.000,270.481,210.692,398.498,-1.376,-7.443,,,,,0,278.625,218.113,400.000,
1785142171.6663,PID,NORMAL_HOLD,326.50,238.32,312.47,279.670,218.294,401.699,278.625,218.113,400.000,269.522,210.700,396.469,-1.699,5.218,,,,,0,278.625,218.113,400.000,
1785142171.6732,PID,NORMAL_HOLD,326.73,238.22,313.06,279.881,218.299,401.333,278.625,218.113,400.000,268.597,211.157,397.677,-1.333,-2.349,,,,,0,278.625,218.113,400.000,
1785142171.6746,PID,NORMAL_HOLD,326.88,238.15,313.06,280.021,218.342,401.331,278.625,218.113,400.000,268.632,211.172,398.031,-1.331,-4.486,,,,,0,278.625,218.113,400.000,
1785142171.6814,PID,NORMAL_HOLD,326.88,238.15,313.00,280.020,218.357,401.369,278.625,218.113,400.000,269.412,211.340,397.875,-1.369,-3.443,,,,,0,278.625,218.113,400.000,
1785142171.6886,PID,NORMAL_HOLD,327.06,238.13,312.20,280.173,218.459,401.860,278.625,218.113,400.000,269.315,211.174,396.405,-1.860,5.434,,,,,0,278.625,218.113,400.000,
1785142171.6933,PID,NORMAL_HOLD,327.05,238.11,312.00,280.165,218.458,401.983,278.625,218.113,400.000,269.772,211.402,394.756,-1.983,15.485,,,,,0,278.625,218.113,400.000,
1785142171.6998,PID,NORMAL_HOLD,327.09,238.12,312.00,280.204,218.426,401.981,278.625,218.113,400.000,269.738,211.692,394.410,-1.981,17.339,,,,,0,278.625,218.113,400.000,
1785142171.7055,PID,NORMAL_HOLD,327.00,238.12,312.00,280.125,218.423,401.983,278.625,218.113,400.000,270.373,211.678,394.715,-1.983,15.125,,,,,0,278.625,218.113,400.000,
1785142171.7080,PID,NORMAL_HOLD,326.96,238.15,311.95,280.095,218.370,402.015,278.625,218.113,400.000,270.422,211.934,395.038,-2.015,12.835,,,,,0,278.625,218.113,400.000,
1785142171.7164,PID,NORMAL_HOLD,326.35,238.20,311.68,279.533,218.338,402.186,278.625,218.113,400.000,273.427,211.972,394.521,-2.186,15.797,,,,,0,278.625,218.113,400.000,
1785142171.7232,PID,NORMAL_HOLD,326.50,238.24,311.68,279.670,218.329,402.184,278.625,218.113,400.000,271.090,211.866,394.753,-2.184,14.061,,,,,0,278.625,218.113,400.000,
1785142171.7245,PID,NORMAL_HOLD,326.31,238.25,311.00,279.491,218.365,402.610,278.625,218.113,400.000,271.674,211.562,393.094,-2.610,24.025,,,,,0,278.625,218.113,400.000,
1785142171.7308,PID,NORMAL_HOLD,326.30,238.25,311.50,279.492,218.302,402.300,278.625,218.113,400.000,270.998,211.939,394.530,-2.300,14.710,,,,,0,278.625,218.113,400.000,
1785142171.7373,PID,NORMAL_HOLD,325.96,238.15,312.00,279.181,218.334,401.997,278.625,218.113,400.000,272.465,211.619,396.797,-1.997,0.444,,,,,0,278.625,218.113,400.000,
1785142171.7402,PID,NORMAL_HOLD,325.96,238.21,312.00,279.179,218.289,401.997,278.625,218.113,400.000,271.454,211.890,397.632,-1.997,-4.722,,,,,0,278.625,218.113,400.000,
1785142171.7471,PID,NORMAL_HOLD,325.96,238.16,312.00,279.180,218.330,401.997,278.625,218.113,400.000,270.936,211.567,397.865,-1.997,-6.085,,,,,0,278.625,218.113,400.000,
1785142171.7531,PID,NORMAL_HOLD,325.96,238.16,312.00,279.180,218.330,401.997,278.625,218.113,400.000,270.682,211.612,397.785,-1.997,-5.485,,,,,0,278.625,218.113,400.000,
1785142171.7561,PID,NORMAL_HOLD,325.96,238.16,312.64,279.180,218.327,401.600,278.625,218.113,400.000,270.557,211.655,399.532,-1.600,-16.160,,,,,0,278.625,218.113,400.000,
1785142171.7593,PID,NORMAL_HOLD,325.96,238.16,312.50,279.178,218.356,401.690,278.625,218.113,400.000,270.503,211.495,399.303,-1.690,-14.435,,,,,0,278.625,218.113,400.000,
1785142171.7672,PID,NORMAL_HOLD,325.87,238.22,312.20,279.093,218.345,401.880,278.625,218.113,400.000,270.919,211.631,398.024,-1.880,-6.280,,,,,0,278.625,218.113,400.000,
1785142171.7696,PID,NORMAL_HOLD,325.88,238.12,312.56,279.107,218.348,401.651,278.625,218.113,400.000,270.606,211.624,398.502,-1.651,-9.112,,,,,0,278.625,218.113,400.000,
1785142171.7738,PID,NORMAL_HOLD,326.09,238.12,312.20,279.290,218.376,401.872,278.625,218.113,400.000,269.502,211.477,397.414,-1.872,-2.230,,,,,0,278.625,218.113,400.000,
1785142171.7839,PID,NORMAL_HOLD,326.00,238.15,312.50,279.211,218.372,401.689,278.625,218.113,400.000,270.404,211.586,397.856,-1.689,-4.919,,,,,0,278.625,218.113,400.000,
1785142171.7857,PID,NORMAL_HOLD,326.09,238.12,312.43,279.288,218.411,401.733,278.625,218.113,400.000,269.974,211.392,397.708,-1.733,-3.919,,,,,0,278.625,218.113,400.000,
1785142171.7910,PID,NORMAL_HOLD,326.28,238.06,312.00,279.468,218.450,401.993,278.625,218.113,400.000,269.199,211.300,396.319,-1.993,4.717,,,,,0,278.625,218.113,400.000,
1785142171.7999,PID,NORMAL_HOLD,326.09,238.12,311.81,279.288,218.411,402.116,278.625,218.113,400.000,270.770,211.675,395.319,-2.116,10.797,,,,,0,278.625,218.113,400.000,
1785142171.8011,PID,NORMAL_HOLD,326.09,238.12,311.00,279.288,218.417,402.612,278.625,218.113,400.000,270.580,211.622,393.138,-2.612,23.966,,,,,0,278.625,218.113,400.000,
1785142171.8058,PID,NORMAL_HOLD,326.00,238.15,310.74,279.209,218.416,402.775,278.625,218.113,400.000,270.937,211.628,392.046,-2.775,30.210,,,,,0,278.625,218.113,400.000,
1785142171.8165,PID,NORMAL_HOLD,325.80,238.25,310.00,279.024,218.349,403.234,278.625,218.113,400.000,271.213,211.826,391.905,-3.234,30.040,,,,,0,278.625,218.113,400.000,
1785142171.8208,PID,NORMAL_HOLD,325.50,238.24,310.68,278.758,218.286,402.815,278.625,218.113,400.000,272.366,212.097,393.256,-2.815,21.122,,,,,0,278.625,218.113,400.000,
1785142171.8257,PID,NORMAL_HOLD,325.50,238.37,310.00,278.756,218.275,403.241,278.625,218.113,400.000,271.471,211.943,391.909,-3.241,29.078,,,,,0,278.625,218.113,400.000,
1785142171.8334,PID,NORMAL_HOLD,325.50,238.42,310.62,278.762,218.160,402.855,278.625,218.113,400.000,270.978,212.446,394.085,-2.855,15.093,,,,,0,278.625,218.113,400.000,
1785142171.8350,PID,NORMAL_HOLD,325.11,238.43,310.92,278.405,218.104,402.678,278.625,218.113,400.000,272.772,212.390,396.103,-2.678,2.337,,,,,0,278.625,218.113,400.000,
1785142171.8401,PID,NORMAL_HOLD,324.88,238.43,311.36,278.199,218.021,402.408,278.625,218.113,400.000,272.859,212.520,398.192,-2.408,-10.618,,,,,0,278.625,218.113,400.000,
1785142171.8496,PID,NORMAL_HOLD,324.86,238.50,311.93,278.187,217.986,402.056,278.625,218.113,400.000,271.825,212.238,398.898,-2.056,-14.444,,,,,0,278.625,218.113,400.000,
1785142171.8555,PID,NORMAL_HOLD,324.61,238.50,312.00,277.954,218.002,402.016,278.625,218.113,400.000,272.568,211.907,400.057,-2.016,-21.330,,,,,0,278.625,218.113,400.000,
1785142171.8604,PID,NORMAL_HOLD,324.61,238.50,312.48,277.953,218.002,401.719,278.625,218.113,400.000,271.688,211.832,401.097,-1.719,-27.279,,,,,0,278.625,218.113,400.000,
1785142171.8663,PID,NORMAL_HOLD,324.69,238.43,312.00,278.020,218.078,402.015,278.625,218.113,400.000,270.863,211.360,399.747,-2.015,-18.466,,,,,0,278.625,218.113,400.000,
1785142171.8712,PID,NORMAL_HOLD,324.70,238.28,312.33,278.029,218.155,401.812,278.625,218.113,400.000,270.766,211.129,399.811,-1.812,-18.532,,,,,0,278.625,218.113,400.000,
1785142171.8745,PID,NORMAL_HOLD,324.70,238.28,313.00,278.029,218.139,401.395,278.625,218.113,400.000,270.772,211.501,401.380,-1.395,-27.866,,,,,0,278.625,218.113,400.000,
1785142171.8839,PID,NORMAL_HOLD,324.88,238.15,312.42,278.189,218.304,401.753,278.625,218.113,400.000,269.796,210.600,399.555,-1.753,-16.079,,,,,0,278.625,218.113,400.000,
1785142171.8867,PID,NORMAL_HOLD,324.88,238.15,312.42,278.188,218.320,401.752,278.625,218.113,400.000,270.267,211.042,398.619,-1.752,-10.011,,,,,0,278.625,218.113,400.000,
1785142171.8896,PID,NORMAL_HOLD,324.92,238.02,312.00,278.224,218.406,402.012,278.625,218.113,400.000,270.293,210.864,396.735,-2.012,1.803,,,,,0,278.625,218.113,400.000,
1785142171.8955,PID,NORMAL_HOLD,325.00,238.00,311.50,278.294,218.445,402.320,278.625,218.113,400.000,270.114,211.030,394.842,-2.320,13.402,,,,,0,278.625,218.113,400.000,
1785142171.9006,PID,NORMAL_HOLD,325.00,238.00,311.74,278.295,218.430,402.172,278.625,218.113,400.000,270.401,211.410,394.971,-2.172,12.363,,,,,0,278.625,218.113,400.000,
1785142171.9052,PID,NORMAL_HOLD,324.95,237.89,312.00,278.251,218.489,402.011,278.625,218.113,400.000,270.795,211.184,396.129,-2.011,4.981,,,,,0,278.625,218.113,400.000,
1785142171.9123,PID,NORMAL_HOLD,324.71,238.00,311.66,278.029,218.449,402.226,278.625,218.113,400.000,271.908,211.606,395.637,-2.226,7.908,,,,,0,278.625,218.113,400.000,
1785142171.9150,PID,NORMAL_HOLD,324.71,238.00,311.00,278.032,218.433,402.634,278.625,218.113,400.000,271.325,211.705,393.749,-2.634,19.381,,,,,0,278.625,218.113,400.000,
1785142171.9220,PID,NORMAL_HOLD,324.69,238.08,311.26,278.015,218.409,402.474,278.625,218.113,400.000,271.151,211.803,394.142,-2.474,16.604,,,,,0,278.625,218.113,400.000,
1785142171.9282,PID,NORMAL_HOLD,324.69,238.08,311.00,278.016,218.397,402.635,278.625,218.113,400.000,270.957,211.785,393.971,-2.635,17.332,,,,,0,278.625,218.113,400.000,
1785142171.9307,PID,NORMAL_HOLD,324.69,238.08,310.74,278.018,218.385,402.796,278.625,218.113,400.000,270.861,211.765,393.517,-2.796,19.793,,,,,0,278.625,218.113,400.000,
1785142171.9357,PID,NORMAL_HOLD,324.90,238.03,311.50,278.202,218.396,402.321,278.625,218.113,400.000,269.535,211.620,396.113,-2.321,3.384,,,,,0,278.625,218.113,400.000,
1785142171.9419,PID,NORMAL_HOLD,324.88,238.15,312.00,278.190,218.300,402.012,278.625,218.113,400.000,270.200,212.182,398.473,-2.012,-11.226,,,,,0,278.625,218.113,400.000,
1785142171.9448,PID,NORMAL_HOLD,324.88,238.12,312.00,278.192,218.330,402.013,278.625,218.113,400.000,270.455,211.757,399.159,-2.013,-15.265,,,,,0,278.625,218.113,400.000,
1785142171.9513,PID,NORMAL_HOLD,324.88,238.15,312.50,278.187,218.320,401.704,278.625,218.113,400.000,270.615,211.757,400.601,-1.704,-23.900,,,,,0,278.625,218.113,400.000,
1785142171.9577,PID,NORMAL_HOLD,325.00,238.12,312.85,278.293,218.384,401.486,278.625,218.113,400.000,270.087,211.352,401.552,-1.486,-29.324,,,,,0,278.625,218.113,400.000,
1785142171.9602,PID,NORMAL_HOLD,325.05,238.11,313.00,278.334,218.390,401.394,278.625,218.113,400.000,270.156,211.458,401.563,-1.394,-28.814,,,,,0,278.625,218.113,400.000,
1785142171.9667,PID,NORMAL_HOLD,325.27,237.95,313.00,278.538,218.498,401.391,278.625,218.113,400.000,269.289,210.945,401.151,-1.391,-25.763,,,,,0,278.625,218.113,400.000,
1785142171.9728,PID,NORMAL_HOLD,325.09,237.86,313.18,278.367,218.566,401.285,278.625,218.113,400.000,270.897,210.901,400.801,-1.285,-23.115,,,,,0,278.625,218.113,400.000,
1785142171.9763,PID,NORMAL_HOLD,325.12,237.85,313.00,278.390,218.664,401.396,278.625,218.113,400.000,270.657,210.687,399.647,-1.396,-15.562,,,,,0,278.625,218.113,400.000,
1785142171.9807,PID,NORMAL_HOLD,325.50,237.76,313.00,278.737,218.723,401.391,278.625,218.113,400.000,268.727,210.789,398.946,-1.391,-10.957,,,,,0,278.625,218.113,400.000,
1785142171.9876,PID,NORMAL_HOLD,325.50,237.61,312.50,278.733,218.857,401.699,278.625,218.113,400.000,269.670,210.426,396.944,-1.699,1.597,,,,,0,278.625,218.113,400.000,
1785142171.9906,PID,NORMAL_HOLD,325.50,237.68,313.00,278.737,218.759,401.390,278.625,218.113,400.000,270.095,211.481,397.752,-1.390,-3.422,,,,,0,278.625,218.113,400.000,
1785142171.9973,PID,NORMAL_HOLD,325.69,237.59,312.50,278.909,218.888,401.697,278.625,218.113,400.000,269.326,210.750,396.470,-1.697,4.555,,,,,0,278.625,218.113,400.000,
1785142172.0045,PID,NORMAL_HOLD,325.50,237.68,312.50,278.730,218.858,401.701,278.625,218.113,400.000,270.839,211.268,396.112,-1.701,6.673,,,,,0,278.625,218.113,400.000,
1785142172.0070,PID,NORMAL_HOLD,325.86,237.51,313.50,279.065,218.862,401.076,278.625,218.113,400.000,268.673,211.359,398.956,-1.076,-10.965,,,,,0,278.625,218.113,400.000,
1785142172.0118,PID,NORMAL_HOLD,325.86,237.51,313.00,279.061,218.922,401.386,278.625,218.113,400.000,269.589,211.105,398.389,-1.386,-7.270,,,,,0,278.625,218.113,400.000,
1785142172.0186,PID,NORMAL_HOLD,325.65,237.54,313.00,278.864,218.901,401.389,278.625,218.113,400.000,271.169,211.405,397.990,-1.389,-4.677,,,,,0,278.625,218.113,400.000,
1785142172.0211,PID,NORMAL_HOLD,325.71,237.55,313.50,278.927,218.830,401.077,278.625,218.113,400.000,270.489,211.849,399.246,-1.077,-12.347,,,,,0,278.625,218.113,400.000,
1785142172.0266,PID,NORMAL_HOLD,325.50,237.55,313.50,278.736,218.817,401.080,278.625,218.113,400.000,271.446,211.735,399.308,-1.080,-12.478,,,,,0,278.625,218.113,400.000,
1785142172.0333,PID,NORMAL_HOLD,325.50,237.55,313.50,278.736,218.817,401.080,278.625,218.113,400.000,271.004,211.618,399.195,-1.080,-11.568,,,,,0,278.625,218.113,400.000,
1785142172.0369,PID,NORMAL_HOLD,325.00,237.64,314.00,278.280,218.719,400.777,278.625,218.113,400.000,273.337,212.108,400.255,-0.777,-17.885,,,,,0,278.625,218.113,400.000,
1785142172.0412,PID,NORMAL_HOLD,325.30,237.64,314.50,278.551,218.724,400.465,278.625,218.113,400.000,270.572,211.794,401.849,-0.465,-27.404,,,,,0,278.625,218.113,400.000,
1785142172.0500,PID,NORMAL_HOLD,324.80,237.62,314.50,278.087,218.806,400.472,278.625,218.113,400.000,273.368,211.169,401.661,-0.472,-25.721,,,,,0,278.625,218.113,400.000,
1785142172.0529,PID,NORMAL_HOLD,324.80,237.58,315.46,278.089,218.838,399.877,278.625,218.113,400.000,272.052,211.164,403.787,0.123,-38.333,,,,,0,278.625,218.113,400.000,
1785142172.0562,PID,NORMAL_HOLD,325.20,237.38,315.42,278.453,218.978,399.898,278.625,218.113,400.000,269.356,210.536,403.958,0.102,-38.735,,,,,0,278.625,218.113,400.000,
1785142172.0672,PID,NORMAL_HOLD,325.00,237.24,314.77,278.262,219.104,400.305,278.625,218.113,400.000,270.562,210.623,400.968,-0.305,-19.554,,,,,0,278.625,218.113,400.000,
1785142172.0716,PID,NORMAL_HOLD,325.13,237.22,315.18,278.376,219.160,400.053,278.625,218.113,400.000,270.013,210.714,400.662,-0.053,-17.290,,,,,0,278.625,218.113,400.000,
1785142172.0781,PID,NORMAL_HOLD,325.19,237.11,314.76,278.432,219.248,400.311,278.625,218.113,400.000,270.037,210.575,398.941,-0.311,-6.348,,,,,0,278.625,218.113,400.000,
1785142172.0851,PID,NORMAL_HOLD,325.19,237.11,314.50,278.431,219.268,400.471,278.625,218.113,400.000,270.352,210.855,397.442,-0.471,3.013,,,,,0,278.625,218.113,400.000,
1785142172.0879,PID,NORMAL_HOLD,325.19,237.11,314.00,278.432,219.274,400.779,278.625,218.113,400.000,270.501,211.078,395.553,-0.779,14.591,,,,,0,278.625,218.113,400.000,
1785142172.0924,PID,NORMAL_HOLD,324.87,237.22,314.18,278.143,219.153,400.673,278.625,218.113,400.000,272.199,211.894,395.589,-0.673,14.113,,,,,0,278.625,218.113,400.000,
1785142172.1005,PID,NORMAL_HOLD,325.00,237.24,313.74,278.262,219.142,400.938,278.625,218.113,400.000,270.809,211.706,394.696,-0.938,19.357,,,,,0,278.625,218.113,400.000,
1785142172.1032,PID,NORMAL_HOLD,324.96,237.26,314.00,278.227,219.078,400.779,278.625,218.113,400.000,270.955,211.911,395.578,-0.779,13.547,,,,,0,278.625,218.113,400.000,
1785142172.1084,PID,NORMAL_HOLD,325.00,237.36,313.57,278.267,219.033,401.047,278.625,218.113,400.000,270.616,211.914,394.870,-1.047,17.671,,,,,0,278.625,218.113,400.000,
1785142172.1172,PID,NORMAL_HOLD,324.84,237.45,313.00,278.126,218.934,401.399,278.625,218.113,400.000,271.449,212.222,393.432,-1.399,26.188,,,,,0,278.625,218.113,400.000,
1785142172.1185,PID,NORMAL_HOLD,324.50,237.76,314.00,277.826,218.586,400.781,278.625,218.113,400.000,272.729,213.735,396.420,-0.781,7.252,,,,,0,278.625,218.113,400.000,
1785142172.1235,PID,NORMAL_HOLD,324.50,237.76,314.00,277.828,218.568,400.780,278.625,218.113,400.000,271.777,212.751,397.622,-0.780,-0.295,,,,,0,278.625,218.113,400.000,
1785142172.1340,PID,NORMAL_HOLD,324.50,237.89,314.00,277.830,218.479,400.781,278.625,218.113,400.000,271.302,212.421,397.844,-0.781,-1.610,,,,,0,278.625,218.113,400.000,
1785142172.1385,PID,NORMAL_HOLD,324.50,237.89,315.00,277.830,218.450,400.161,278.625,218.113,400.000,271.075,212.174,401.000,-0.161,-21.053,,,,,0,278.625,218.113,400.000,
1785142172.1438,PID,NORMAL_HOLD,324.50,237.89,314.50,277.822,218.570,400.475,278.625,218.113,400.000,270.999,211.217,400.182,-0.475,-15.616,,,,,0,278.625,218.113,400.000,
1785142172.1504,PID,NORMAL_HOLD,324.20,237.83,314.79,277.548,218.583,400.298,278.625,218.113,400.000,272.292,211.324,400.340,-0.298,-16.295,,,,,0,278.625,218.113,400.000,
1785142172.1530,PID,NORMAL_HOLD,324.50,237.66,314.00,277.814,218.800,400.786,278.625,218.113,400.000,269.939,210.085,397.700,-0.786,0.301,,,,,0,278.625,218.113,400.000,
1785142172.1583,PID,NORMAL_HOLD,324.66,237.40,313.74,277.956,218.984,400.945,278.625,218.113,400.000,269.622,209.787,395.985,-0.945,10.882,,,,,0,278.625,218.113,400.000,
1785142172.1663,PID,NORMAL_HOLD,324.91,237.17,314.66,278.180,219.129,400.372,278.625,218.113,400.000,269.549,210.184,398.331,-0.372,-3.787,,,,,0,278.625,218.113,400.000,
1785142172.1709,PID,NORMAL_HOLD,325.00,237.00,313.50,278.254,219.353,401.090,278.625,218.113,400.000,269.728,209.532,395.619,-1.090,13.029,,,,,0,278.625,218.113,400.000,
1785142172.1761,PID,NORMAL_HOLD,325.00,237.00,313.50,278.254,219.353,401.090,278.625,218.113,400.000,270.222,210.430,395.100,-1.090,15.957,,,,,0,278.625,218.113,400.000,
1785142172.1839,PID,NORMAL_HOLD,325.00,237.00,313.50,278.254,219.353,401.090,278.625,218.113,400.000,270.469,210.878,395.708,-1.090,11.775,,,,,0,278.625,218.113,400.000,
1785142172.1881,PID,NORMAL_HOLD,324.95,236.89,313.10,278.210,219.434,401.337,278.625,218.113,400.000,270.834,210.662,394.623,-1.337,18.241,,,,,0,278.625,218.113,400.000,
1785142172.1935,PID,NORMAL_HOLD,325.00,237.00,312.64,278.251,219.426,401.621,278.625,218.113,400.000,270.531,211.032,393.270,-1.621,26.250,,,,,0,278.625,218.113,400.000,
1785142172.1999,PID,NORMAL_HOLD,325.00,237.00,313.10,278.252,219.387,401.338,278.625,218.113,400.000,270.619,211.281,394.798,-1.338,16.309,,,,,0,278.625,218.113,400.000,
1785142172.2046,PID,NORMAL_HOLD,325.00,237.12,313.00,278.255,219.302,401.400,278.625,218.113,400.000,270.652,211.749,395.345,-1.400,12.633,,,,,0,278.625,218.113,400.000,
1785142172.2114,PID,NORMAL_HOLD,325.09,237.12,313.80,278.341,219.187,400.899,278.625,218.113,400.000,270.175,212.229,398.380,-0.899,-6.368,,,,,0,278.625,218.113,400.000,
1785142172.2170,PID,NORMAL_HOLD,325.27,237.05,314.48,278.508,219.241,400.480,278.625,218.113,400.000,269.549,211.513,401.264,-0.480,-24.045,,,,,0,278.625,218.113,400.000,
1785142172.2194,PID,NORMAL_HOLD,325.00,237.00,314.50,278.259,219.252,400.469,278.625,218.113,400.000,271.511,211.373,401.616,-0.469,-25.728,,,,,0,278.625,218.113,400.000,
1785142172.2263,PID,NORMAL_HOLD,325.50,237.00,314.00,278.711,219.374,400.776,278.625,218.113,400.000,268.523,210.660,399.837,-0.776,-14.276,,,,,0,278.625,218.113,400.000,
1785142172.2337,PID,NORMAL_HOLD,325.29,236.88,314.50,278.511,219.476,400.471,278.625,218.113,400.000,270.602,210.455,400.345,-0.471,-17.151,,,,,0,278.625,218.113,400.000,
1785142172.2373,PID,NORMAL_HOLD,325.31,236.72,314.80,278.526,219.567,400.286,278.625,218.113,400.000,270.533,210.326,400.990,-0.286,-20.802,,,,,0,278.625,218.113,400.000,
1785142172.2404,PID,NORMAL_HOLD,325.50,236.68,314.00,278.699,219.672,400.778,278.625,218.113,400.000,269.667,210.234,398.392,-0.778,-4.382,,,,,0,278.625,218.113,400.000,
1785142172.2502,PID,NORMAL_HOLD,325.14,236.49,315.26,278.364,219.754,400.002,278.625,218.113,400.000,272.057,210.255,401.074,-0.002,-20.839,,,,,0,278.625,218.113,400.000,
1785142172.2521,PID,NORMAL_HOLD,325.50,236.32,315.69,278.692,219.880,399.736,278.625,218.113,400.000,269.516,210.015,402.912,0.264,-31.796,,,,,0,278.625,218.113,400.000,
1785142172.2554,PID,NORMAL_HOLD,325.87,236.22,315.50,279.030,219.975,399.848,278.625,218.113,400.000,268.188,210.065,402.193,0.152,-26.742,,,,,0,278.625,218.113,400.000,
1785142172.2624,PID,NORMAL_HOLD,325.69,236.28,315.00,278.863,220.018,400.161,278.625,218.113,400.000,270.253,210.360,399.895,-0.161,-12.061,,,,,0,278.625,218.113,400.000,
1785142172.2664,PID,NORMAL_HOLD,325.69,236.28,315.00,278.863,220.018,400.161,278.625,218.113,400.000,270.393,210.737,398.811,-0.161,-5.148,,,,,0,278.625,218.113,400.000,
1785142172.2716,PID,NORMAL_HOLD,325.82,236.28,315.00,278.981,219.936,400.157,278.625,218.113,400.000,269.762,211.413,398.326,-0.157,-2.058,,,,,0,278.625,218.113,400.000,
1785142172.2781,PID,NORMAL_HOLD,325.50,236.45,315.00,278.693,219.829,400.161,278.625,218.113,400.000,271.665,211.843,398.092,-0.161,-0.573,,,,,0,278.625,218.113,400.000,
1785142172.2825,PID,NORMAL_HOLD,325.50,236.50,315.26,278.695,219.765,399.999,278.625,218.113,400.000,271.109,211.876,398.753,0.001,-4.639,,,,,0,278.625,218.113,400.000,
1785142172.2855,PID,NORMAL_HOLD,325.33,236.72,314.66,278.543,219.665,400.373,278.625,218.113,400.000,271.673,212.070,397.028,-0.373,6.109,,,,,0,278.625,218.113,400.000,
1785142172.2917,PID,NORMAL_HOLD,325.19,236.89,313.74,278.419,219.553,400.944,278.625,218.113,400.000,271.847,212.273,393.852,-0.944,25.591,,,,,0,278.625,218.113,400.000,
1785142172.2965,PID,NORMAL_HOLD,325.50,237.00,315.00,278.710,219.369,400.159,278.625,218.113,400.000,269.588,212.816,397.007,-0.159,5.656,,,,,0,278.625,218.113,400.000,
1785142172.3010,PID,NORMAL_HOLD,325.50,237.00,315.36,278.714,219.300,399.938,278.625,218.113,400.000,270.059,212.450,399.427,0.062,-9.394,,,,,0,278.625,218.113,400.000,
1785142172.3077,PID,NORMAL_HOLD,325.35,237.06,316.00,278.584,219.204,399.540,278.625,218.113,400.000,270.971,212.363,401.967,0.460,-24.897,,,,,0,278.625,218.113,400.000,
1785142172.3114,PID,NORMAL_HOLD,325.47,237.11,316.26,278.695,219.171,399.378,278.625,218.113,400.000,270.134,212.056,402.657,0.622,-28.584,,,,,0,278.625,218.113,400.000,
1785142172.3172,PID,NORMAL_HOLD,325.27,237.16,316.18,278.507,219.187,399.434,278.625,218.113,400.000,271.466,211.617,402.619,0.566,-27.888,,,,,0,278.625,218.113,400.000,
1785142172.3239,PID,NORMAL_HOLD,325.27,237.16,316.18,278.507,219.187,399.434,278.625,218.113,400.000,271.053,211.487,401.794,0.566,-22.288,,,,,0,278.625,218.113,400.000,
1785142172.3266,PID,NORMAL_HOLD,325.27,237.16,315.36,278.506,219.215,399.941,278.625,218.113,400.000,270.850,211.277,398.511,0.059,-1.604,,,,,0,278.625,218.113,400.000,
1785142172.3318,PID,NORMAL_HOLD,325.46,237.19,316.69,278.676,219.166,399.118,278.625,218.113,400.000,269.741,211.597,401.173,0.882,-17.971,,,,,0,278.625,218.113,400.000,
1785142172.3382,PID,NORMAL_HOLD,325.47,237.11,316.50,278.694,219.182,399.231,278.625,218.113,400.000,270.067,211.392,401.271,0.769,-18.245,,,,,0,278.625,218.113,400.000,
1785142172.3406,PID,NORMAL_HOLD,325.13,237.24,315.43,278.380,219.135,399.896,278.625,218.113,400.000,272.064,211.638,397.628,0.104,4.591,,,,,0,278.625,218.113,400.000,
1785142172.3457,PID,NORMAL_HOLD,325.28,237.41,315.50,278.522,219.016,399.852,278.625,218.113,400.000,270.551,212.194,396.673,0.148,10.403,,,,,0,278.625,218.113,400.000,
1785142172.3520,PID,NORMAL_HOLD,325.19,237.50,314.57,278.439,218.944,400.425,278.625,218.113,400.000,271.045,212.191,393.893,-0.425,27.344,,,,,0,278.625,218.113,400.000,
1785142172.3569,PID,NORMAL_HOLD,325.25,237.62,315.50,278.504,218.762,399.849,278.625,218.113,400.000,270.488,212.838,396.231,0.151,12.406,,,,,0,278.625,218.113,400.000,
1785142172.3612,PID,NORMAL_HOLD,325.00,237.79,316.20,278.280,218.593,399.416,278.625,218.113,400.000,271.810,213.102,399.420,0.584,-7.501,,,,,0,278.625,218.113,400.000,
1785142172.3680,PID,NORMAL_HOLD,325.00,237.95,315.77,278.285,218.469,399.684,278.625,218.113,400.000,271.232,212.959,399.101,0.316,-5.390,,,,,0,278.625,218.113,400.000,
1785142172.3712,PID,NORMAL_HOLD,325.00,238.00,316.23,278.288,218.397,399.397,278.625,218.113,400.000,270.955,212.674,400.276,0.603,-12.548,,,,,0,278.625,218.113,400.000,
1785142172.3770,PID,NORMAL_HOLD,324.87,238.22,316.64,278.175,218.225,399.143,278.625,218.113,400.000,271.521,213.178,401.514,0.857,-19.921,,,,,0,278.625,218.113,400.000,
1785142172.3834,PID,NORMAL_HOLD,325.07,238.20,316.64,278.353,218.244,399.142,278.625,218.113,400.000,270.159,212.308,401.614,0.858,-20.167,,,,,0,278.625,218.113,400.000,
1785142172.3858,PID,NORMAL_HOLD,325.02,238.09,317.00,278.308,218.303,398.921,278.625,218.113,400.000,270.671,211.651,402.306,1.079,-24.072,,,,,0,278.625,218.113,400.000,
1785142172.3911,PID,NORMAL_HOLD,325.18,238.06,317.00,278.451,218.344,398.921,278.625,218.113,400.000,269.863,211.400,402.001,1.079,-21.745,,,,,0,278.625,218.113,400.000,
1785142172.4002,PID,NORMAL_HOLD,325.00,238.00,317.83,278.287,218.368,398.411,278.625,218.113,400.000,271.124,211.379,403.821,1.589,-32.562,,,,,0,278.625,218.113,400.000,
1785142172.4020,PID,NORMAL_HOLD,325.00,238.00,317.50,278.284,218.412,398.614,278.625,218.113,400.000,270.931,211.228,402.790,1.386,-25.590,,,,,0,278.625,218.113,400.000,
1785142172.4067,PID,NORMAL_HOLD,325.34,237.85,317.36,278.587,218.586,398.703,278.625,218.113,400.000,269.106,210.425,401.416,1.297,-16.629,,,,,0,278.625,218.113,400.000,
1785142172.4164,PID,NORMAL_HOLD,325.52,237.79,318.18,278.761,218.593,398.195,278.625,218.113,400.000,268.899,210.942,402.931,1.805,-25.643,,,,,0,278.625,218.113,400.000,
1785142172.4183,PID,NORMAL_HOLD,325.44,237.76,317.58,278.678,218.628,398.560,278.625,218.113,400.000,270.202,211.037,401.195,1.440,-14.450,,,,,0,278.625,218.113,400.000,
1785142172.4211,PID,NORMAL_HOLD,325.52,237.79,317.58,278.760,218.618,398.560,278.625,218.113,400.000,269.937,211.337,400.246,1.440,-8.316,,,,,0,278.625,218.113,400.000,
1785142172.4283,PID,NORMAL_HOLD,325.50,237.82,316.50,278.736,218.643,399.231,278.625,218.113,400.000,270.370,211.303,396.466,0.769,15.172,,,,,0,278.625,218.113,400.000,
1785142172.4318,PID,NORMAL_HOLD,325.50,237.89,316.77,278.743,218.511,399.063,278.625,218.113,400.000,270.432,212.172,396.389,0.937,15.343,,,,,0,278.625,218.113,400.000,
1785142172.4363,PID,NORMAL_HOLD,325.00,238.00,316.00,278.287,218.421,399.541,278.625,218.113,400.000,273.259,212.412,394.213,0.459,28.516,,,,,0,278.625,218.113,400.000,
1785142172.4438,PID,NORMAL_HOLD,325.00,238.00,316.00,278.287,218.421,399.541,278.625,218.113,400.000,271.984,211.997,394.052,0.459,29.000,,,,,0,278.625,218.113,400.000,
1785142172.4485,PID,NORMAL_HOLD,325.47,238.11,316.64,278.728,218.303,399.138,278.625,218.113,400.000,268.927,212.432,396.650,0.862,12.431,,,,,0,278.625,218.113,400.000,
1785142172.4513,PID,NORMAL_HOLD,325.47,238.11,316.07,278.729,218.307,399.491,278.625,218.113,400.000,269.748,212.003,396.111,0.509,15.540,,,,,0,278.625,218.113,400.000,
1785142172.4588,PID,NORMAL_HOLD,325.52,238.10,317.06,278.773,218.275,398.880,278.625,218.113,400.000,269.899,212.003,399.067,1.120,-2.947,,,,,0,278.625,218.113,400.000,
1785142172.4620,PID,NORMAL_HOLD,325.35,238.00,316.64,278.617,218.348,399.138,278.625,218.113,400.000,271.108,211.402,398.953,0.862,-2.187,,,,,0,278.625,218.113,400.000,
1785142172.4674,PID,NORMAL_HOLD,325.00,238.00,316.50,278.286,218.418,399.232,278.625,218.113,400.000,272.648,211.126,398.423,0.768,1.121,,,,,0,278.625,218.113,400.000,
1785142172.4752,PID,NORMAL_HOLD,325.31,237.72,317.00,278.563,218.598,398.920,278.625,218.113,400.000,270.084,210.317,399.816,1.080,-7.510,,,,,0,278.625,218.113,400.000,
1785142172.4788,PID,NORMAL_HOLD,325.50,237.58,316.00,278.733,218.790,399.538,278.625,218.113,400.000,269.445,209.900,397.093,0.462,9.445,,,,,0,278.625,218.113,400.000,
1785142172.4843,PID,NORMAL_HOLD,325.50,237.37,315.50,278.724,219.018,399.849,278.625,218.113,400.000,270.065,209.343,394.992,0.151,22.197,,,,,0,278.625,218.113,400.000,
1785142172.4909,PID,NORMAL_HOLD,325.72,237.27,316.00,278.921,219.097,399.539,278.625,218.113,400.000,269.221,209.931,396.103,0.461,14.934,,,,,0,278.625,218.113,400.000,
1785142172.4929,PID,NORMAL_HOLD,325.54,237.19,316.00,278.761,219.127,399.539,278.625,218.113,400.000,270.762,210.486,396.862,0.461,9.972,,,,,0,278.625,218.113,400.000,
1785142172.4978,PID,NORMAL_HOLD,325.54,237.19,315.66,278.760,219.147,399.750,278.625,218.113,400.000,270.669,210.818,396.360,0.250,12.881,,,,,0,278.625,218.113,400.000,
1785142172.5041,PID,NORMAL_HOLD,325.69,237.28,315.50,278.899,219.096,399.847,278.625,218.113,400.000,269.890,211.352,395.953,0.153,15.160,,,,,0,278.625,218.113,400.000,
1785142172.5075,PID,NORMAL_HOLD,325.69,237.28,315.00,278.900,219.099,400.155,278.625,218.113,400.000,270.204,211.348,394.806,-0.155,21.927,,,,,0,278.625,218.113,400.000,
1785142172.5122,PID,NORMAL_HOLD,325.69,237.28,314.26,278.899,219.116,400.611,278.625,218.113,400.000,270.366,211.271,392.626,-0.611,34.962,,,,,0,278.625,218.113,400.000,
1785142172.5186,PID,NORMAL_HOLD,325.50,237.32,314.00,278.723,219.076,400.774,278.625,218.113,400.000,271.522,211.565,391.531,-0.774,41.134,,,,,0,278.625,218.113,400.000,
1785142172.5217,PID,NORMAL_HOLD,325.70,237.33,314.00,278.909,219.078,400.772,278.625,218.113,400.000,270.085,211.462,392.309,-0.772,35.551,,,,,0,278.625,218.113,400.000,
1785142172.5288,PID,NORMAL_HOLD,325.78,237.47,314.00,278.979,218.991,400.772,278.625,218.113,400.000,269.904,211.912,393.332,-0.772,28.582,,,,,0,278.625,218.113,400.000,
1785142172.5352,PID,NORMAL_HOLD,325.96,237.26,314.00,279.142,219.125,400.769,278.625,218.113,400.000,269.228,210.857,394.400,-0.769,21.452,,,,,0,278.625,218.113,400.000,
1785142172.5388,PID,NORMAL_HOLD,325.96,237.23,315.00,279.143,219.134,400.153,278.625,218.113,400.000,269.833,211.062,398.084,-0.153,-1.656,,,,,0,278.625,218.113,400.000,
1785142172.5418,PID,NORMAL_HOLD,326.27,237.05,315.43,279.428,219.229,399.882,278.625,218.113,400.000,268.588,210.694,400.974,0.118,-19.513,,,,,0,278.625,218.113,400.000,
1785142172.5500,PID,NORMAL_HOLD,325.50,237.00,314.50,278.710,219.372,400.468,278.625,218.113,400.000,273.756,210.160,398.625,-0.468,-4.664,,,,,0,278.625,218.113,400.000,
1785142172.5529,PID,NORMAL_HOLD,326.00,236.76,313.74,279.158,219.650,400.934,278.625,218.113,400.000,269.680,209.177,395.359,-0.934,15.592,,,,,0,278.625,218.113,400.000,
1785142172.5587,PID,NORMAL_HOLD,326.00,236.54,315.00,279.155,219.758,400.156,278.625,218.113,400.000,270.076,209.570,398.281,-0.156,-2.720,,,,,0,278.625,218.113,400.000,
1785142172.5676,PID,NORMAL_HOLD,326.20,236.38,314.50,279.338,219.874,400.461,278.625,218.113,400.000,269.250,209.728,397.826,-0.461,0.137,,,,,0,278.625,218.113,400.000,
1785142172.5696,PID,NORMAL_HOLD,326.00,236.50,314.50,279.152,219.835,400.465,278.625,218.113,400.000,270.809,210.637,397.662,-0.465,1.137,,,,,0,278.625,218.113,400.000,
1785142172.5726,PID,NORMAL_HOLD,326.20,236.38,314.00,279.337,219.897,400.770,278.625,218.113,400.000,269.543,210.528,395.888,-0.770,12.127,,,,,0,278.625,218.113,400.000,
1785142172.5789,PID,NORMAL_HOLD,326.00,236.46,314.00,279.153,219.826,400.772,278.625,218.113,400.000,270.987,211.220,395.702,-0.772,13.049,,,,,0,278.625,218.113,400.000,
1785142172.5839,PID,NORMAL_HOLD,326.00,236.50,313.29,279.153,219.828,401.212,278.625,218.113,400.000,270.718,211.173,393.897,-1.212,23.914,,,,,0,278.625,218.113,400.000,
1785142172.5893,PID,NORMAL_HOLD,325.50,236.55,313.00,278.699,219.738,401.394,278.625,218.113,400.000,273.116,211.660,393.096,-1.394,28.349,,,,,0,278.625,218.113,400.000,
1785142172.5955,PID,NORMAL_HOLD,326.00,236.56,313.00,279.156,219.755,401.388,278.625,218.113,400.000,269.190,211.314,393.011,-1.388,28.406,,,,,0,278.625,218.113,400.000,
1785142172.6007,PID,NORMAL_HOLD,325.50,236.76,312.74,278.701,219.629,401.556,278.625,218.113,400.000,272.175,211.894,393.040,-1.556,27.682,,,,,0,278.625,218.113,400.000,
1785142172.6046,PID,NORMAL_HOLD,325.86,236.51,313.00,279.029,219.771,401.389,278.625,218.113,400.000,269.419,210.695,394.433,-1.389,18.570,,,,,0,278.625,218.113,400.000,
1785142172.6119,PID,NORMAL_HOLD,325.50,236.50,313.29,278.695,219.805,401.218,278.625,218.113,400.000,271.727,210.749,396.179,-1.218,7.446,,,,,0,278.625,218.113,400.000,
1785142172.6131,PID,NORMAL_HOLD,325.67,236.29,313.00,278.848,219.952,401.392,278.625,218.113,400.000,270.408,210.228,396.126,-1.392,7.632,,,,,0,278.625,218.113,400.000,
1785142172.6198,PID,NORMAL_HOLD,325.76,236.06,312.50,278.922,220.205,401.701,278.625,218.113,400.000,269.935,208.836,394.813,-1.701,15.581,,,,,0,278.625,218.113,400.000,
1785142172.6265,PID,NORMAL_HOLD,325.50,236.00,312.00,278.676,220.301,402.015,278.625,218.113,400.000,271.578,209.398,393.081,-2.015,25.990,,,,,0,278.625,218.113,400.000,
1785142172.6295,PID,NORMAL_HOLD,325.20,235.75,313.00,278.403,220.399,401.399,278.625,218.113,400.000,272.376,209.732,396.061,-1.399,7.114,,,,,0,278.625,218.113,400.000,
1785142172.6344,PID,NORMAL_HOLD,325.50,235.76,312.50,278.670,220.465,401.706,278.625,218.113,400.000,269.724,209.904,395.834,-1.706,8.375,,,,,0,278.625,218.113,400.000,
1785142172.6405,PID,NORMAL_HOLD,325.50,235.76,312.19,278.669,220.484,401.897,278.625,218.113,400.000,270.161,210.319,394.998,-1.897,13.367,,,,,0,278.625,218.113,400.000,
1785142172.6453,PID,NORMAL_HOLD,325.50,235.76,312.19,278.668,220.503,401.900,278.625,218.113,400.000,270.382,210.521,394.968,-1.900,13.303,,,,,0,278.625,218.113,400.000,
1785142172.6482,PID,NORMAL_HOLD,325.20,235.75,311.80,278.399,220.484,402.145,278.625,218.113,400.000,272.070,210.837,394.374,-2.145,16.648,,,,,0,278.625,218.113,400.000,
1785142172.6542,PID,NORMAL_HOLD,325.00,235.85,311.80,278.216,220.387,402.143,278.625,218.113,400.000,272.373,211.412,394.055,-2.143,18.364,,,,,0,278.625,218.113,400.000,
1785142172.6597,PID,NORMAL_HOLD,324.91,235.88,311.81,278.139,220.343,402.140,278.625,218.113,400.000,271.965,211.429,394.582,-2.140,14.759,,,,,0,278.625,218.113,400.000,
1785142172.6657,PID,NORMAL_HOLD,324.91,235.88,311.29,278.138,220.378,402.465,278.625,218.113,400.000,271.364,210.999,393.552,-2.465,20.824,,,,,0,278.625,218.113,400.000,
1785142172.6719,PID,NORMAL_HOLD,324.94,235.87,311.43,278.168,220.342,402.372,278.625,218.113,400.000,270.894,211.173,394.046,-2.372,17.386,,,,,0,278.625,218.113,400.000,
1785142172.6730,PID,NORMAL_HOLD,324.94,235.86,312.00,278.160,220.370,402.023,278.625,218.113,400.000,270.862,210.907,396.318,-2.023,3.040,,,,,0,278.625,218.113,400.000,
1785142172.6799,PID,NORMAL_HOLD,325.00,235.63,311.08,278.209,220.590,402.594,278.625,218.113,400.000,270.542,209.757,394.418,-2.594,14.706,,,,,0,278.625,218.113,400.000,
1785142172.6864,PID,NORMAL_HOLD,325.07,235.55,311.50,278.274,220.651,402.331,278.625,218.113,400.000,270.268,209.975,395.358,-2.331,8.621,,,,,0,278.625,218.113,400.000,
1785142172.6888,PID,NORMAL_HOLD,324.89,235.36,311.00,278.093,220.876,402.645,278.625,218.113,400.000,271.517,209.152,394.438,-2.645,14.110,,,,,0,278.625,218.113,400.000,
1785142172.6955,PID,NORMAL_HOLD,324.69,235.18,311.50,277.913,220.948,402.338,278.625,218.113,400.000,272.139,209.577,395.871,-2.338,4.991,,,,,0,278.625,218.113,400.000,
1785142172.7017,PID,NORMAL_HOLD,324.90,235.00,311.00,278.093,221.183,402.646,278.625,218.113,400.000,270.485,208.884,394.985,-2.646,10.363,,,,,0,278.625,218.113,400.000,
1785142172.7054,PID,NORMAL_HOLD,325.00,235.00,311.00,278.184,221.200,402.645,278.625,218.113,400.000,270.118,209.699,394.904,-2.645,10.658,,,,,0,278.625,218.113,400.000,
1785142172.7113,PID,NORMAL_HOLD,324.69,234.92,311.00,277.903,221.224,402.649,278.625,218.113,400.000,271.992,210.070,395.098,-2.649,9.258,,,,,0,278.625,218.113,400.000,
1785142172.7173,PID,NORMAL_HOLD,324.69,234.92,310.12,277.901,221.292,403.196,278.625,218.113,400.000,271.420,210.004,392.857,-3.196,22.873,,,,,0,278.625,218.113,400.000,
1785142172.7185,PID,NORMAL_HOLD,324.70,235.08,310.50,277.917,221.104,402.958,278.625,218.113,400.000,271.035,211.374,393.615,-2.958,17.765,,,,,0,278.625,218.113,400.000,
1785142172.7240,PID,NORMAL_HOLD,324.69,235.08,310.50,277.911,221.076,402.958,278.625,218.113,400.000,270.963,211.211,394.271,-2.958,13.383,,,,,0,278.625,218.113,400.000,
1785142172.7338,PID,NORMAL_HOLD,324.50,235.13,310.50,277.736,221.024,402.961,278.625,218.113,400.000,271.847,211.259,394.808,-2.961,9.808,,,,,0,278.625,218.113,400.000,
1785142172.7363,PID,NORMAL_HOLD,324.50,235.13,310.50,277.736,221.024,402.961,278.625,218.113,400.000,271.361,211.003,395.222,-2.961,7.058,,,,,0,278.625,218.113,400.000,
1785142172.7397,PID,NORMAL_HOLD,324.50,235.13,310.50,277.736,221.024,402.961,278.625,218.113,400.000,271.118,210.874,395.554,-2.961,4.859,,,,,0,278.625,218.113,400.000,
1785142172.7498,PID,NORMAL_HOLD,324.50,235.00,310.50,277.729,221.180,402.963,278.625,218.113,400.000,271.019,210.338,395.830,-2.963,3.026,,,,,0,278.625,218.113,400.000,
1785142172.7558,PID,NORMAL_HOLD,324.50,234.87,310.50,277.721,221.347,402.965,278.625,218.113,400.000,270.990,209.629,395.934,-2.965,2.318,,,,,0,278.625,218.113,400.000,
1785142172.7609,PID,NORMAL_HOLD,324.50,234.63,310.66,277.714,221.521,402.866,278.625,218.113,400.000,270.973,209.123,396.512,-2.866,-1.302,,,,,0,278.625,218.113,400.000,
1785142172.7677,PID,NORMAL_HOLD,324.50,234.50,310.36,277.710,221.649,403.055,278.625,218.113,400.000,270.955,209.139,395.753,-3.055,3.394,,,,,0,278.625,218.113,400.000,
1785142172.7714,PID,NORMAL_HOLD,324.50,234.42,309.50,277.707,221.755,403.585,278.625,218.113,400.000,270.936,209.272,393.116,-3.585,19.568,,,,,0,278.625,218.113,400.000,
1785142172.7775,PID,NORMAL_HOLD,324.39,234.37,309.90,277.609,221.743,403.339,278.625,218.113,400.000,271.415,209.954,393.723,-3.339,15.445,,,,,0,278.625,218.113,400.000,
1785142172.7841,PID,NORMAL_HOLD,324.76,234.46,309.90,277.944,221.715,403.333,278.625,218.113,400.000,269.012,210.416,394.292,-3.333,11.640,,,,,0,278.625,218.113,400.000,
1785142172.7859,PID,NORMAL_HOLD,324.50,234.42,309.80,277.711,221.680,403.400,278.625,218.113,400.000,271.190,210.659,394.462,-3.400,10.364,,,,,0,278.625,218.113,400.000,
1785142172.7914,PID,NORMAL_HOLD,324.50,234.58,309.69,277.714,221.577,403.468,278.625,218.113,400.000,271.019,211.170,394.405,-3.468,10.508,,,,,0,278.625,218.113,400.000,
1785142172.8008,PID,NORMAL_HOLD,324.35,234.75,309.00,277.584,221.445,403.896,278.625,218.113,400.000,271.334,211.247,393.842,-3.896,13.456,,,,,0,278.625,218.113,400.000,
1785142172.8032,PID,NORMAL_HOLD,324.56,234.72,308.50,277.780,221.471,404.201,278.625,218.113,400.000,270.052,210.779,391.503,-4.201,27.646,,,,,0,278.625,218.113,400.000,
1785142172.8117,PID,NORMAL_HOLD,324.56,234.72,309.00,277.779,221.470,403.891,278.625,218.113,400.000,270.466,210.693,392.806,-3.891,19.075,,,,,0,278.625,218.113,400.000,
1785142172.8181,PID,NORMAL_HOLD,324.50,234.58,309.26,277.717,221.545,403.730,278.625,218.113,400.000,271.019,210.210,394.446,-3.730,8.594,,,,,0,278.625,218.113,400.000,
1785142172.8230,PID,NORMAL_HOLD,324.76,234.54,309.50,277.953,221.560,403.577,278.625,218.113,400.000,269.694,210.307,396.204,-3.577,-2.476,,,,,0,278.625,218.113,400.000,
1785142172.8245,PID,NORMAL_HOLD,324.50,234.42,309.50,277.711,221.695,403.584,278.625,218.113,400.000,271.699,209.630,396.608,-3.584,-4.940,,,,,0,278.625,218.113,400.000,
1785142172.8334,PID,NORMAL_HOLD,324.89,234.34,309.10,278.062,221.842,403.825,278.625,218.113,400.000,269.385,209.270,395.467,-3.825,2.182,,,,,0,278.625,218.113,400.000,
1785142172.8345,PID,NORMAL_HOLD,324.69,234.18,309.26,277.874,221.972,403.734,278.625,218.113,400.000,271.146,209.135,395.542,-3.734,1.662,,,,,0,278.625,218.113,400.000,
1785142172.8409,PID,NORMAL_HOLD,324.97,234.03,308.00,278.127,222.083,404.504,278.625,218.113,400.000,269.660,209.195,392.028,-4.504,23.271,,,,,0,278.625,218.113,400.000,
1785142172.8502,PID,NORMAL_HOLD,324.97,234.03,308.50,278.126,222.085,404.195,278.625,218.113,400.000,270.219,209.785,392.632,-4.195,19.110,,,,,0,278.625,218.113,400.000,
1785142172.8522,PID,NORMAL_HOLD,324.97,234.03,308.00,278.127,222.083,404.504,278.625,218.113,400.000,270.487,210.092,391.847,-4.504,23.579,,,,,0,278.625,218.113,400.000,
1785142172.8568,PID,NORMAL_HOLD,324.76,234.08,308.00,277.937,222.030,404.508,278.625,218.113,400.000,271.633,210.520,392.098,-4.508,21.566,,,,,0,278.625,218.113,400.000,
1785142172.8673,PID,NORMAL_HOLD,325.00,234.26,308.55,278.160,221.890,404.162,278.625,218.113,400.000,269.932,211.275,394.340,-4.162,7.308,,,,,0,278.625,218.113,400.000,
1785142172.8691,PID,NORMAL_HOLD,325.00,234.35,308.50,278.163,221.814,404.193,278.625,218.113,400.000,270.327,211.285,395.121,-4.193,2.340,,,,,0,278.625,218.113,400.000,
1785142172.8709,PID,NORMAL_HOLD,325.00,234.35,308.00,278.164,221.816,404.502,278.625,218.113,400.000,270.538,210.865,394.037,-4.502,8.951,,,,,0,278.625,218.113,400.000,
1785142172.8772,PID,NORMAL_HOLD,325.00,234.35,308.92,278.161,221.828,403.931,278.625,218.113,400.000,270.662,210.587,396.697,-3.931,-7.672,,,,,0,278.625,218.113,400.000,
1785142172.8816,PID,NORMAL_HOLD,325.50,234.13,308.50,278.608,222.055,404.185,278.625,218.113,400.000,268.533,209.410,396.142,-4.185,-4.117,,,,,0,278.625,218.113,400.000,
1785142172.8863,PID,NORMAL_HOLD,325.50,234.00,309.00,278.605,222.145,403.876,278.625,218.113,400.000,269.600,209.350,397.474,-3.876,-12.307,,,,,0,278.625,218.113,400.000,
1785142172.8932,PID,NORMAL_HOLD,326.00,233.69,309.19,279.053,222.366,403.746,278.625,218.113,400.000,267.446,208.539,398.233,-3.746,-16.775,,,,,0,278.625,218.113,400.000,
1785142172.8963,PID,NORMAL_HOLD,325.86,233.50,309.45,278.914,222.566,403.592,278.625,218.113,400.000,269.741,208.296,398.859,-3.592,-20.342,,,,,0,278.625,218.113,400.000,
1785142172.8990,PID,NORMAL_HOLD,326.22,233.38,309.00,279.232,222.764,403.866,278.625,218.113,400.000,268.346,208.148,397.300,-3.866,-10.354,,,,,0,278.625,218.113,400.000,
1785142172.9059,PID,NORMAL_HOLD,326.00,233.26,309.29,279.031,222.852,403.694,278.625,218.113,400.000,270.440,208.695,397.328,-3.694,-10.344,,,,,0,278.625,218.113,400.000,
1785142172.9094,PID,NORMAL_HOLD,325.76,233.08,308.50,278.810,222.942,404.182,278.625,218.113,400.000,271.764,208.885,394.842,-4.182,5.158,,,,,0,278.625,218.113,400.000,
1785142172.9139,PID,NORMAL_HOLD,326.22,233.20,309.20,279.235,222.894,403.745,278.625,218.113,400.000,268.742,209.767,396.157,-3.745,-3.073,,,,,0,278.625,218.113,400.000,
1785142172.9209,PID,NORMAL_HOLD,326.00,233.31,308.81,279.034,222.800,403.987,278.625,218.113,400.000,270.717,210.467,395.348,-3.987,1.966,,,,,0,278.625,218.113,400.000,
1785142172.9256,PID,NORMAL_HOLD,326.21,233.36,308.00,279.230,222.776,404.481,278.625,218.113,400.000,269.537,210.431,393.072,-4.481,15.878,,,,,0,278.625,218.113,400.000,
1785142172.9304,PID,NORMAL_HOLD,326.16,233.48,308.95,279.189,222.617,403.898,278.625,218.113,400.000,270.203,211.132,395.344,-3.898,1.513,,,,,0,278.625,218.113,400.000,
1785142172.9361,PID,NORMAL_HOLD,326.50,233.50,308.77,279.500,222.578,404.001,278.625,218.113,400.000,268.445,210.896,395.572,-4.001,0.066,,,,,0,278.625,218.113,400.000,
1785142172.9386,PID,NORMAL_HOLD,326.50,233.58,309.00,279.502,222.515,403.857,278.625,218.113,400.000,269.385,210.889,396.323,-3.857,-4.574,,,,,0,278.625,218.113,400.000,
1785142172.9472,PID,NORMAL_HOLD,326.76,233.54,309.26,279.737,222.570,403.694,278.625,218.113,400.000,268.568,210.248,397.403,-3.694,-11.194,,,,,0,278.625,218.113,400.000,
1785142172.9542,PID,NORMAL_HOLD,326.76,233.54,309.50,279.737,222.560,403.545,278.625,218.113,400.000,269.419,210.276,398.132,-3.545,-15.484,,,,,0,278.625,218.113,400.000,
1785142172.9559,PID,NORMAL_HOLD,326.76,233.46,309.50,279.735,222.614,403.545,278.625,218.113,400.000,269.859,209.938,398.103,-3.545,-15.029,,,,,0,278.625,218.113,400.000,
1785142172.9609,PID,NORMAL_HOLD,326.50,233.42,309.20,279.494,222.705,403.738,278.625,218.113,400.000,271.400,209.557,396.803,-3.738,-6.738,,,,,0,278.625,218.113,400.000,
1785142172.9669,PID,NORMAL_HOLD,326.50,233.37,308.50,279.492,222.749,404.167,278.625,218.113,400.000,270.885,209.603,394.281,-4.167,8.896,,,,,0,278.625,218.113,400.000,
1785142172.9697,PID,NORMAL_HOLD,326.61,233.37,308.50,279.589,222.787,404.165,278.625,218.113,400.000,270.077,209.655,393.386,-4.165,14.264,,,,,0,278.625,218.113,400.000,
1785142172.9745,PID,NORMAL_HOLD,326.94,233.46,308.50,279.898,222.642,404.156,278.625,218.113,400.000,268.456,210.706,393.473,-4.156,13.453,,,,,0,278.625,218.113,400.000,
1785142172.9833,PID,NORMAL_HOLD,326.50,233.58,308.00,279.501,222.535,404.472,278.625,218.113,400.000,271.520,211.021,392.430,-4.472,19.591,,,,,0,278.625,218.113,400.000,
1785142172.9865,PID,NORMAL_HOLD,326.60,233.81,308.44,279.601,222.312,404.198,278.625,218.113,400.000,270.368,211.877,393.705,-4.198,11.348,,,,,0,278.625,218.113,400.000,
1785142172.9913,PID,NORMAL_HOLD,326.50,234.00,308.00,279.518,222.128,404.469,278.625,218.113,400.000,270.752,211.981,393.159,-4.469,14.475,,,,,0,278.625,218.113,400.000,
1785142173.0002,PID,NORMAL_HOLD,326.50,234.42,308.05,279.531,221.789,404.436,278.625,218.113,400.000,270.467,213.253,393.381,-4.436,12.832,,,,,0,278.625,218.113,400.000,
1785142173.0024,PID,NORMAL_HOLD,326.50,234.58,308.45,279.543,221.540,404.187,278.625,218.113,400.000,270.330,213.236,394.973,-4.187,2.756,,,,,0,278.625,218.113,400.000,
1785142173.0051,PID,NORMAL_HOLD,326.50,234.87,308.46,279.552,221.314,404.179,278.625,218.113,400.000,270.285,213.114,395.629,-4.179,-1.358,,,,,0,278.625,218.113,400.000,
1785142173.0123,PID,NORMAL_HOLD,326.50,235.13,309.00,279.560,221.094,403.848,278.625,218.113,400.000,270.260,213.034,397.426,-3.848,-12.429,,,,,0,278.625,218.113,400.000,
1785142173.0164,PID,NORMAL_HOLD,326.50,235.20,308.50,279.563,221.029,404.155,278.625,218.113,400.000,270.279,212.172,396.309,-4.155,-5.320,,,,,0,278.625,218.113,400.000,
1785142173.0194,PID,NORMAL_HOLD,326.50,235.42,309.00,279.571,220.836,403.847,278.625,218.113,400.000,270.255,212.566,397.297,-3.847,-11.335,,,,,0,278.625,218.113,400.000,
1785142173.0257,PID,NORMAL_HOLD,326.24,235.46,309.00,279.335,220.806,403.853,278.625,218.113,400.000,271.514,211.783,397.350,-3.853,-11.459,,,,,0,278.625,218.113,400.000,
1785142173.0301,PID,NORMAL_HOLD,326.24,235.46,309.00,279.335,220.812,403.853,278.625,218.113,400.000,270.955,211.207,397.043,-3.853,-9.349,,,,,0,278.625,218.113,400.000,
1785142173.0352,PID,NORMAL_HOLD,326.10,235.52,309.26,279.212,220.722,403.696,278.625,218.113,400.000,271.449,211.522,397.730,-3.696,-13.469,,,,,0,278.625,218.113,400.000,
1785142173.0418,PID,NORMAL_HOLD,326.33,235.64,308.50,279.419,220.635,404.157,278.625,218.113,400.000,269.805,211.597,395.365,-4.157,1.350,,,,,0,278.625,218.113,400.000,
1785142173.0455,PID,NORMAL_HOLD,326.50,235.87,308.57,279.588,220.420,404.111,278.625,218.113,400.000,269.202,212.298,394.728,-4.111,5.241,,,,,0,278.625,218.113,400.000,
1785142173.0506,PID,NORMAL_HOLD,326.31,236.18,309.00,279.425,220.132,403.847,278.625,218.113,400.000,270.759,213.323,395.911,-3.847,-2.169,,,,,0,278.625,218.113,400.000,
1785142173.0577,PID,NORMAL_HOLD,326.11,236.43,308.50,279.250,219.897,404.157,278.625,218.113,400.000,271.528,213.416,394.788,-4.157,4.784,,,,,0,278.625,218.113,400.000,
1785142173.0606,PID,NORMAL_HOLD,326.31,236.82,308.47,279.444,219.617,404.169,278.625,218.113,400.000,269.906,213.734,394.426,-4.169,6.916,,,,,0,278.625,218.113,400.000,
1785142173.0658,PID,NORMAL_HOLD,326.08,237.00,308.07,279.243,219.397,404.423,278.625,218.113,400.000,271.246,213.617,393.203,-4.423,14.326,,,,,0,278.625,218.113,400.000,
1785142173.0723,PID,NORMAL_HOLD,325.89,237.43,308.50,279.089,219.038,404.158,278.625,218.113,400.000,271.706,214.404,394.377,-4.158,6.801,,,,,0,278.625,218.113,400.000,
1785142173.0748,PID,NORMAL_HOLD,325.50,237.50,309.83,278.739,218.865,403.344,278.625,218.113,400.000,273.003,213.762,398.736,-3.344,-20.203,,,,,0,278.625,218.113,400.000,
1785142173.0809,PID,NORMAL_HOLD,326.00,237.63,309.46,279.195,218.826,403.564,278.625,218.113,400.000,269.397,212.725,398.959,-3.564,-21.236,,,,,0,278.625,218.113,400.000,
1785142173.0875,PID,NORMAL_HOLD,325.50,237.87,309.50,278.748,218.598,403.547,278.625,218.113,400.000,272.580,213.365,398.577,-3.547,-18.487,,,,,0,278.625,218.113,400.000,
1785142173.0903,PID,NORMAL_HOLD,325.80,237.75,310.44,279.016,218.665,402.960,278.625,218.113,400.000,270.085,211.987,400.691,-2.960,-31.160,,,,,0,278.625,218.113,400.000,
1785142173.0966,PID,NORMAL_HOLD,325.50,237.76,309.50,278.746,218.666,403.546,278.625,218.113,400.000,271.800,211.653,398.027,-3.546,-14.143,,,,,0,278.625,218.113,400.000,
1785142173.1040,PID,NORMAL_HOLD,325.50,237.76,310.26,278.745,218.674,403.075,278.625,218.113,400.000,271.192,211.449,398.994,-3.075,-19.844,,,,,0,278.625,218.113,400.000,
1785142173.1064,PID,NORMAL_HOLD,325.20,237.75,310.50,278.478,218.633,402.934,278.625,218.113,400.000,272.399,211.627,399.506,-2.934,-22.622,,,,,0,278.625,218.113,400.000,
1785142173.1110,PID,NORMAL_HOLD,325.25,237.88,309.57,278.523,218.555,403.505,278.625,218.113,400.000,271.290,211.892,396.406,-3.505,-3.057,,,,,0,278.625,218.113,400.000,
1785142173.1173,PID,NORMAL_HOLD,325.50,238.00,310.00,278.752,218.478,403.238,278.625,218.113,400.000,269.569,212.097,396.579,-3.238,-4.072,,,,,0,278.625,218.113,400.000,
1785142173.1220,PID,NORMAL_HOLD,325.09,238.12,310.00,278.380,218.351,403.245,278.625,218.113,400.000,272.100,212.437,396.501,-3.245,-3.526,,,,,0,278.625,218.113,400.000,
1785142173.1253,PID,NORMAL_HOLD,325.21,238.33,310.00,278.499,218.160,403.241,278.625,218.113,400.000,270.709,213.016,396.453,-3.241,-3.174,,,,,0,278.625,218.113,400.000,
1785142173.1335,PID,NORMAL_HOLD,325.30,238.48,310.95,278.592,217.989,402.650,278.625,218.113,400.000,270.159,213.203,399.080,-2.650,-19.307,,,,,0,278.625,218.113,400.000,
1785142173.1359,PID,NORMAL_HOLD,324.79,238.69,311.00,278.127,217.814,402.629,278.625,218.113,400.000,272.972,213.348,399.798,-2.629,-23.395,,,,,0,278.625,218.113,400.000,
1785142173.1409,PID,NORMAL_HOLD,324.70,238.72,311.50,278.045,217.797,402.322,278.625,218.113,400.000,272.330,212.566,401.073,-2.322,-30.857,,,,,0,278.625,218.113,400.000,
1785142173.1498,PID,NORMAL_HOLD,324.70,238.72,311.87,278.041,217.830,402.093,278.625,218.113,400.000,271.573,211.896,401.697,-2.093,-34.094,,,,,0,278.625,218.113,400.000,
1785142173.1509,PID,NORMAL_HOLD,325.00,238.50,312.00,278.313,217.977,402.008,278.625,218.113,400.000,269.746,210.968,401.779,-2.008,-33.987,,,,,0,278.625,218.113,400.000,
1785142173.1564,PID,NORMAL_HOLD,325.00,238.42,312.50,278.305,218.094,401.702,278.625,218.113,400.000,270.265,210.562,402.521,-1.702,-37.949,,,,,0,278.625,218.113,400.000,
1785142173.1663,PID,NORMAL_HOLD,324.50,238.00,312.50,277.834,218.437,401.710,278.625,218.113,400.000,271.831,210.053,400.750,-1.710,-26.063,,,,,0,278.625,218.113,400.000,
1785142173.1705,PID,NORMAL_HOLD,324.88,237.85,312.00,278.178,218.587,402.014,278.625,218.113,400.000,269.321,209.844,398.858,-2.014,-13.905,,,,,0,278.625,218.113,400.000,
1785142173.1773,PID,NORMAL_HOLD,324.50,237.68,311.50,277.826,218.720,402.330,278.625,218.113,400.000,272.037,209.848,396.341,-2.330,1.884,,,,,0,278.625,218.113,400.000,
1785142173.1830,PID,NORMAL_HOLD,324.50,237.68,312.00,277.825,218.717,402.020,278.625,218.113,400.000,271.448,210.597,396.942,-2.020,-1.858,,,,,0,278.625,218.113,400.000,
1785142173.1863,PID,NORMAL_HOLD,324.50,237.68,312.00,277.824,218.725,402.021,278.625,218.113,400.000,271.151,210.917,397.158,-2.021,-3.167,,,,,0,278.625,218.113,400.000,
1785142173.1936,PID,NORMAL_HOLD,324.50,237.76,311.46,277.829,218.646,402.354,278.625,218.113,400.000,270.970,211.587,395.505,-2.354,7.094,,,,,0,278.625,218.113,400.000,
1785142173.2009,PID,NORMAL_HOLD,324.50,237.76,311.00,277.832,218.616,402.637,278.625,218.113,400.000,270.889,211.637,393.804,-2.637,17.438,,,,,0,278.625,218.113,400.000,
1785142173.2037,PID,NORMAL_HOLD,324.12,237.85,311.50,277.487,218.517,402.333,278.625,218.113,400.000,272.796,212.043,395.023,-2.333,9.575,,,,,0,278.625,218.113,400.000,
1785142173.2065,PID,NORMAL_HOLD,324.00,237.88,311.42,277.378,218.500,402.383,278.625,218.113,400.000,272.482,211.807,395.339,-2.383,7.460,,,,,0,278.625,218.113,400.000,
1785142173.2170,PID,NORMAL_HOLD,324.11,237.64,311.00,277.474,218.726,402.645,278.625,218.113,400.000,271.452,210.930,395.141,-2.645,8.349,,,,,0,278.625,218.113,400.000,
1785142173.2210,PID,NORMAL_HOLD,324.38,237.55,311.42,277.710,218.880,402.381,278.625,218.113,400.000,269.909,210.275,396.002,-2.381,2.876,,,,,0,278.625,218.113,400.000,
1785142173.2277,PID,NORMAL_HOLD,324.00,237.36,311.43,277.354,219.048,402.384,278.625,218.113,400.000,272.419,209.814,396.368,-2.384,0.554,,,,,0,278.625,218.113,400.000,
1785142173.2332,PID,NORMAL_HOLD,323.91,237.12,310.50,277.269,219.263,402.963,278.625,218.113,400.000,272.163,209.358,393.834,-2.963,16.145,,,,,0,278.625,218.113,400.000,
1785142173.2361,PID,NORMAL_HOLD,323.95,237.11,311.00,277.304,219.268,402.652,278.625,218.113,400.000,271.402,210.225,394.695,-2.652,10.521,,,,,0,278.625,218.113,400.000,
1785142173.2410,PID,NORMAL_HOLD,324.00,236.88,310.00,277.340,219.490,403.272,278.625,218.113,400.000,270.991,209.354,392.201,-3.272,25.717,,,,,0,278.625,218.113,400.000,
1785142173.2497,PID,NORMAL_HOLD,324.00,236.88,310.07,277.343,219.447,403.226,278.625,218.113,400.000,270.980,210.455,392.206,-3.226,25.186,,,,,0,278.625,218.113,400.000,
1785142173.2527,PID,NORMAL_HOLD,324.00,236.88,309.57,277.341,219.504,403.537,278.625,218.113,400.000,271.004,210.445,391.136,-3.537,31.330,,,,,0,278.625,218.113,400.000,
1785142173.2579,PID,NORMAL_HOLD,323.91,236.88,309.42,277.264,219.484,403.631,278.625,218.113,400.000,271.431,210.872,391.058,-3.631,31.215,,,,,0,278.625,218.113,400.000,
1785142173.2665,PID,NORMAL_HOLD,324.00,237.00,309.50,277.348,219.358,403.581,278.625,218.113,400.000,270.805,211.610,392.051,-3.581,24.476,,,,,0,278.625,218.113,400.000,
1785142173.2678,PID,NORMAL_HOLD,323.58,236.98,309.50,276.970,219.316,403.587,278.625,218.113,400.000,273.230,211.626,392.904,-3.587,18.733,,,,,0,278.625,218.113,400.000,
1785142173.2734,PID,NORMAL_HOLD,323.95,236.89,309.79,277.305,219.408,403.402,278.625,218.113,400.000,270.317,210.870,394.506,-3.402,8.486,,,,,0,278.625,218.113,400.000,
1785142173.2829,PID,NORMAL_HOLD,323.88,236.88,309.50,277.233,219.531,403.586,278.625,218.113,400.000,270.868,210.637,394.754,-3.586,6.682,,,,,0,278.625,218.113,400.000,
1785142173.2880,PID,NORMAL_HOLD,324.07,236.60,310.84,277.393,219.693,402.750,278.625,218.113,400.000,269.956,209.840,398.767,-2.750,-18.222,,,,,0,278.625,218.113,400.000,
1785142173.2936,PID,NORMAL_HOLD,324.00,236.36,310.50,277.323,219.924,402.964,278.625,218.113,400.000,270.856,209.166,398.749,-2.964,-17.779,,,,,0,278.625,218.113,400.000,
1785142173.3006,PID,NORMAL_HOLD,323.96,236.16,310.00,277.280,220.149,403.277,278.625,218.113,400.000,271.168,208.808,396.851,-3.277,-5.753,,,,,0,278.625,218.113,400.000,
1785142173.3036,PID,NORMAL_HOLD,324.00,236.00,309.92,277.308,220.299,403.328,278.625,218.113,400.000,270.936,208.973,395.794,-3.328,0.868,,,,,0,278.625,218.113,400.000,
1785142173.3069,PID,NORMAL_HOLD,323.91,235.88,309.00,277.225,220.452,403.900,278.625,218.113,400.000,271.435,209.055,392.585,-3.900,20.661,,,,,0,278.625,218.113,400.000,
1785142173.3168,PID,NORMAL_HOLD,323.91,235.83,309.93,277.221,220.401,403.323,278.625,218.113,400.000,271.262,210.204,394.738,-3.323,6.979,,,,,0,278.625,218.113,400.000,
1785142173.3197,PID,NORMAL_HOLD,323.91,235.88,309.88,277.227,220.382,403.352,278.625,218.113,400.000,271.139,210.551,395.485,-3.352,2.235,,,,,0,278.625,218.113,400.000,
1785142173.3252,PID,NORMAL_HOLD,324.00,236.00,309.77,277.311,220.266,403.420,278.625,218.113,400.000,270.580,211.384,395.466,-3.420,2.312,,,,,0,278.625,218.113,400.000,
1785142173.3332,PID,NORMAL_HOLD,324.06,236.13,310.00,277.371,220.065,403.272,278.625,218.113,400.000,270.474,212.185,395.956,-3.272,-0.704,,,,,0,278.625,218.113,400.000,
1785142173.3374,PID,NORMAL_HOLD,324.06,236.13,310.42,277.367,220.108,403.015,278.625,218.113,400.000,270.763,211.289,397.621,-3.015,-10.990,,,,,0,278.625,218.113,400.000,
1785142173.3425,PID,NORMAL_HOLD,324.05,236.11,310.00,277.354,220.195,403.276,278.625,218.113,400.000,270.951,210.632,396.668,-3.276,-4.918,,,,,0,278.625,218.113,400.000,
1785142173.3495,PID,NORMAL_HOLD,324.05,236.11,310.50,277.354,220.172,402.965,278.625,218.113,400.000,270.981,210.878,397.693,-2.965,-11.152,,,,,0,278.625,218.113,400.000,
1785142173.3524,PID,NORMAL_HOLD,323.95,235.89,311.50,277.264,220.282,402.346,278.625,218.113,400.000,271.497,210.250,400.792,-2.346,-30.069,,,,,0,278.625,218.113,400.000,
1785142173.3574,PID,NORMAL_HOLD,323.62,235.97,311.00,276.953,220.353,402.665,278.625,218.113,400.000,272.909,210.162,399.724,-2.665,-22.933,,,,,0,278.625,218.113,400.000,
1785142173.3664,PID,NORMAL_HOLD,323.70,235.64,310.78,277.027,220.543,402.798,278.625,218.113,400.000,271.797,209.904,398.154,-2.798,-12.823,,,,,0,278.625,218.113,400.000,
1785142173.3693,PID,NORMAL_HOLD,323.70,235.72,311.00,277.022,220.508,402.663,278.625,218.113,400.000,271.483,210.518,398.020,-2.663,-11.777,,,,,0,278.625,218.113,400.000,
1785142173.3766,PID,NORMAL_HOLD,324.25,235.74,310.50,277.527,220.523,402.964,278.625,218.113,400.000,268.474,210.551,396.208,-2.964,-0.383,,,,,0,278.625,218.113,400.000,
1785142173.3840,PID,NORMAL_HOLD,323.91,235.88,310.43,277.228,220.339,403.011,278.625,218.113,400.000,271.289,211.609,395.739,-3.011,2.401,,,,,0,278.625,218.113,400.000,
1785142173.3889,PID,NORMAL_HOLD,324.42,236.02,310.80,277.696,220.175,402.772,278.625,218.113,400.000,268.453,212.157,396.487,-2.772,-2.266,,,,,0,278.625,218.113,400.000,
1785142173.3937,PID,NORMAL_HOLD,324.74,236.18,310.78,277.997,219.986,402.773,278.625,218.113,400.000,267.993,212.560,396.698,-2.773,-3.536,,,,,0,278.625,218.113,400.000,
1785142173.4005,PID,NORMAL_HOLD,324.66,236.35,311.00,277.936,219.800,402.638,278.625,218.113,400.000,269.749,212.778,397.291,-2.638,-7.127,,,,,0,278.625,218.113,400.000,
1785142173.4034,PID,NORMAL_HOLD,324.00,236.79,311.49,277.334,219.550,402.349,278.625,218.113,400.000,273.656,213.262,398.874,-2.349,-16.792,,,,,0,278.625,218.113,400.000,
1785142173.4090,PID,NORMAL_HOLD,324.33,236.72,311.00,277.639,219.593,402.647,278.625,218.113,400.000,270.659,211.911,397.557,-2.647,-8.357,,,,,0,278.625,218.113,400.000,
1785142173.4170,PID,NORMAL_HOLD,324.26,236.82,311.42,277.575,219.524,402.385,278.625,218.113,400.000,270.982,211.666,398.106,-2.385,-11.584,,,,,0,278.625,218.113,400.000,
1785142173.4220,PID,NORMAL_HOLD,325.00,236.50,311.91,278.245,219.719,402.072,278.625,218.113,400.000,267.216,210.261,399.562,-2.072,-20.354,,,,,0,278.625,218.113,400.000,
1785142173.4255,PID,NORMAL_HOLD,325.00,236.50,311.58,278.244,219.745,402.274,278.625,218.113,400.000,268.989,210.477,398.693,-2.274,-14.624,,,,,0,278.625,218.113,400.000,
1785142173.4336,PID,NORMAL_HOLD,324.70,236.64,311.42,277.973,219.689,402.380,278.625,218.113,400.000,271.366,211.032,397.529,-2.380,-7.173,,,,,0,278.625,218.113,400.000,
1785142173.4364,PID,NORMAL_HOLD,325.00,236.76,311.00,278.246,219.630,402.637,278.625,218.113,400.000,269.585,211.332,395.698,-2.637,4.254,,,,,0,278.625,218.113,400.000,
1785142173.4419,PID,NORMAL_HOLD,324.73,236.95,311.00,278.005,219.461,402.641,278.625,218.113,400.000,271.528,212.120,395.147,-2.641,7.562,,,,,0,278.625,218.113,400.000,
1785142173.4497,PID,NORMAL_HOLD,325.50,237.00,311.19,278.719,219.309,402.506,278.625,218.113,400.000,267.519,212.364,395.747,-2.506,3.703,,,,,0,278.625,218.113,400.000,
1785142173.4526,PID,NORMAL_HOLD,325.91,237.14,310.84,279.104,219.168,402.712,278.625,218.113,400.000,266.718,212.595,395.057,-2.712,7.887,,,,,0,278.625,218.113,400.000,
1785142173.4590,PID,NORMAL_HOLD,325.43,237.36,311.00,278.674,218.914,402.621,278.625,218.113,400.000,270.997,213.281,395.440,-2.621,5.365,,,,,0,278.625,218.113,400.000,
1785142173.4674,PID,NORMAL_HOLD,325.30,237.67,311.50,278.557,218.716,402.316,278.625,218.113,400.000,271.153,212.833,397.092,-2.316,-4.921,,,,,0,278.625,218.113,400.000,
1785142173.4704,PID,NORMAL_HOLD,325.31,237.66,311.50,278.571,218.707,402.315,278.625,218.113,400.000,270.830,212.100,397.643,-2.315,-8.247,,,,,0,278.625,218.113,400.000,
1785142173.4771,PID,NORMAL_HOLD,325.33,237.65,311.46,278.591,218.726,402.338,278.625,218.113,400.000,270.628,211.584,397.575,-2.338,-7.690,,,,,0,278.625,218.113,400.000,
1785142173.4839,PID,NORMAL_HOLD,325.50,237.50,311.46,278.732,218.926,402.338,278.625,218.113,400.000,269.895,210.376,397.342,-2.338,-6.116,,,,,0,278.625,218.113,400.000,
1785142173.4888,PID,NORMAL_HOLD,325.69,237.28,311.50,278.904,219.090,402.312,278.625,218.113,400.000,269.257,209.847,397.243,-2.312,-5.394,,,,,0,278.625,218.113,400.000,
1785142173.4918,PID,NORMAL_HOLD,325.69,237.28,311.37,278.902,219.123,402.396,278.625,218.113,400.000,269.916,210.334,396.683,-2.396,-1.847,,,,,0,278.625,218.113,400.000,
1785142173.4998,PID,NORMAL_HOLD,325.80,237.22,310.77,278.996,219.172,402.762,278.625,218.113,400.000,269.657,210.443,394.713,-2.762,10.332,,,,,0,278.625,218.113,400.000,
1785142173.5010,PID,NORMAL_HOLD,325.69,237.28,310.74,278.905,219.095,402.782,278.625,218.113,400.000,270.603,211.220,394.100,-2.782,13.914,,,,,0,278.625,218.113,400.000,
1785142173.5057,PID,NORMAL_HOLD,325.73,237.42,310.43,278.937,219.058,402.971,278.625,218.113,400.000,270.401,211.395,393.399,-2.971,17.947,,,,,0,278.625,218.113,400.000,
1785142173.5122,PID,NORMAL_HOLD,326.00,237.50,310.00,279.186,219.008,403.233,278.625,218.113,400.000,269.065,211.567,392.013,-3.233,26.204,,,,,0,278.625,218.113,400.000,
1785142173.5165,PID,NORMAL_HOLD,325.94,237.52,310.19,279.136,218.923,403.117,278.625,218.113,400.000,270.030,211.824,392.871,-3.117,20.395,,,,,0,278.625,218.113,400.000,
1785142173.5214,PID,NORMAL_HOLD,325.33,237.72,310.00,278.592,218.681,403.241,278.625,218.113,400.000,273.408,212.923,392.925,-3.241,19.683,,,,,0,278.625,218.113,400.000,
1785142173.5288,PID,NORMAL_HOLD,325.50,237.68,311.00,278.745,218.686,402.620,278.625,218.113,400.000,271.184,212.071,396.424,-2.620,-2.288,,,,,0,278.625,218.113,400.000,
1785142173.5327,PID,NORMAL_HOLD,325.57,237.64,310.76,278.800,218.825,402.768,278.625,218.113,400.000,270.621,210.999,396.894,-2.768,-5.148,,,,,0,278.625,218.113,400.000,
1785142173.5376,PID,NORMAL_HOLD,325.73,237.42,310.50,278.942,218.979,402.927,278.625,218.113,400.000,269.721,210.160,396.185,-2.927,-0.684,,,,,0,278.625,218.113,400.000,
1785142173.5444,PID,NORMAL_HOLD,326.05,237.11,311.43,279.225,219.183,402.349,278.625,218.113,400.000,268.457,209.470,398.747,-2.349,-16.502,,,,,0,278.625,218.113,400.000,
1785142173.5478,PID,NORMAL_HOLD,325.50,237.00,311.48,278.718,219.327,402.331,278.625,218.113,400.000,272.253,209.506,399.337,-2.331,-19.838,,,,,0,278.625,218.113,400.000,
1785142173.5507,PID,NORMAL_HOLD,325.50,236.89,311.18,278.713,219.436,402.517,278.625,218.113,400.000,271.455,209.672,398.202,-2.517,-12.469,,,,,0,278.625,218.113,400.000,
1785142173.5589,PID,NORMAL_HOLD,325.48,236.89,310.80,278.686,219.513,402.754,278.625,218.113,400.000,271.183,209.937,396.367,-2.754,-0.919,,,,,0,278.625,218.113,400.000,
1785142173.5624,PID,NORMAL_HOLD,325.50,236.89,310.79,278.709,219.504,402.754,278.625,218.113,400.000,270.769,210.534,395.736,-2.754,2.975,,,,,0,278.625,218.113,400.000,
1785142173.5698,PID,NORMAL_HOLD,325.00,236.88,310.80,278.252,219.501,402.761,278.625,218.113,400.000,273.037,210.797,395.512,-2.761,4.299,,,,,0,278.625,218.113,400.000,
1785142173.5768,PID,NORMAL_HOLD,325.50,237.00,311.00,278.719,219.318,402.624,278.625,218.113,400.000,270.459,211.472,396.026,-2.624,1.070,,,,,0,278.625,218.113,400.000,
1785142173.5817,PID,NORMAL_HOLD,325.35,237.06,310.98,278.588,219.251,402.637,278.625,218.113,400.000,271.250,211.649,396.281,-2.637,-0.536,,,,,0,278.625,218.113,400.000,
1785142173.5861,PID,NORMAL_HOLD,325.35,237.06,311.79,278.588,219.241,402.141,278.625,218.113,400.000,270.951,211.432,398.760,-2.141,-15.827,,,,,0,278.625,218.113,400.000,
1785142173.5931,PID,NORMAL_HOLD,325.00,237.00,311.93,278.261,219.292,402.059,278.625,218.113,400.000,272.611,210.982,399.579,-2.059,-20.569,,,,,0,278.625,218.113,400.000,
1785142173.5963,PID,NORMAL_HOLD,324.50,237.00,312.00,277.802,219.303,402.023,278.625,218.113,400.000,274.285,210.974,399.825,-2.023,-21.750,,,,,0,278.625,218.113,400.000,
1785142173.6021,PID,NORMAL_HOLD,324.55,236.81,312.79,277.842,219.486,401.536,278.625,218.113,400.000,272.355,209.970,401.806,-1.536,-33.608,,,,,0,278.625,218.113,400.000,
1785142173.6095,PID,NORMAL_HOLD,325.00,236.50,313.12,278.242,219.720,401.322,278.625,218.113,400.000,269.514,209.276,402.654,-1.322,-38.217,,,,,0,278.625,218.113,400.000,
1785142173.6143,PID,NORMAL_HOLD,324.93,236.33,312.50,278.177,219.836,401.708,278.625,218.113,400.000,270.504,209.453,400.269,-1.708,-22.793,,,,,0,278.625,218.113,400.000,
1785142173.6174,PID,NORMAL_HOLD,324.93,236.33,312.93,278.174,219.877,401.446,278.625,218.113,400.000,270.659,209.949,400.163,-1.446,-21.714,,,,,0,278.625,218.113,400.000,
1785142173.6249,PID,NORMAL_HOLD,324.74,236.32,312.84,277.996,219.850,401.503,278.625,218.113,400.000,271.719,210.583,399.362,-1.503,-16.369,,,,,0,278.625,218.113,400.000,
1785142173.6286,PID,NORMAL_HOLD,325.13,236.29,312.93,278.355,219.926,401.443,278.625,218.113,400.000,269.282,210.330,399.004,-1.443,-13.861,,,,,0,278.625,218.113,400.000,
1785142173.6338,PID,NORMAL_HOLD,325.00,236.50,312.50,278.242,219.740,401.708,278.625,218.113,400.000,270.595,211.590,397.344,-1.708,-3.375,,,,,0,278.625,218.113,400.000,
1785142173.6407,PID,NORMAL_HOLD,324.59,236.77,313.00,277.871,219.554,401.405,278.625,218.113,400.000,272.813,212.343,398.206,-1.405,-8.661,,,,,0,278.625,218.113,400.000,
1785142173.6437,PID,NORMAL_HOLD,324.38,236.84,313.28,277.681,219.432,401.230,278.625,218.113,400.000,272.897,212.351,399.047,-1.230,-13.685,,,,,0,278.625,218.113,400.000,
1785142173.6486,PID,NORMAL_HOLD,324.50,236.89,313.55,277.793,219.415,401.068,278.625,218.113,400.000,271.305,211.788,399.806,-1.068,-18.107,,,,,0,278.625,218.113,400.000,
1785142173.6556,PID,NORMAL_HOLD,324.50,236.82,313.50,277.790,219.495,401.097,278.625,218.113,400.000,271.117,210.938,399.620,-1.097,-16.637,,,,,0,278.625,218.113,400.000,
1785142173.6569,PID,NORMAL_HOLD,324.55,236.81,314.00,277.828,219.530,400.788,278.625,218.113,400.000,270.804,210.795,400.644,-0.788,-22.651,,,,,0,278.625,218.113,400.000,
1785142173.6615,PID,NORMAL_HOLD,325.41,236.23,314.41,278.614,219.870,400.522,278.625,218.113,400.000,266.224,208.903,401.564,-0.522,-27.860,,,,,0,278.625,218.113,400.000,
1785142173.6679,PID,NORMAL_HOLD,325.45,236.19,314.00,278.645,219.917,400.775,278.625,218.113,400.000,268.255,209.637,400.237,-0.775,-19.163,,,,,0,278.625,218.113,400.000,
1785142173.6727,PID,NORMAL_HOLD,325.45,236.19,313.50,278.646,219.917,401.083,278.625,218.113,400.000,269.440,210.265,397.798,-1.083,-3.750,,,,,0,278.625,218.113,400.000,
1785142173.6780,PID,NORMAL_HOLD,325.41,236.23,313.00,278.613,219.904,401.392,278.625,218.113,400.000,270.219,210.649,395.379,-1.392,11.240,,,,,0,278.625,218.113,400.000,
1785142173.6857,PID,NORMAL_HOLD,324.85,236.65,313.41,278.108,219.655,401.149,278.625,218.113,400.000,273.236,212.149,395.930,-1.149,7.627,,,,,0,278.625,218.113,400.000,
1785142173.6870,PID,NORMAL_HOLD,325.00,236.79,313.00,278.245,219.582,401.401,278.625,218.113,400.000,271.302,211.938,395.082,-1.401,12.717,,,,,0,278.625,218.113,400.000,
1785142173.6925,PID,NORMAL_HOLD,325.00,237.00,313.00,278.255,219.356,401.399,278.625,218.113,400.000,270.968,212.795,395.080,-1.399,12.487,,,,,0,278.625,218.113,400.000,
1785142173.7007,PID,NORMAL_HOLD,325.02,237.05,312.50,278.285,219.183,401.703,278.625,218.113,400.000,270.691,212.867,393.911,-1.703,19.457,,,,,0,278.625,218.113,400.000,
1785142173.7032,PID,NORMAL_HOLD,324.83,237.34,313.19,278.117,219.016,401.279,278.625,218.113,400.000,271.685,212.944,395.936,-1.279,6.600,,,,,0,278.625,218.113,400.000,
1785142173.7082,PID,NORMAL_HOLD,325.50,237.18,313.19,278.725,219.118,401.269,278.625,218.113,400.000,267.780,211.472,396.889,-1.269,0.584,,,,,0,278.625,218.113,400.000,
1785142173.7166,PID,NORMAL_HOLD,325.07,237.22,313.31,278.335,219.081,401.203,278.625,218.113,400.000,271.332,211.501,397.545,-1.203,-3.481,,,,,0,278.625,218.113,400.000,
1785142173.7184,PID,NORMAL_HOLD,324.87,237.22,313.53,278.150,219.069,401.070,278.625,218.113,400.000,272.060,211.382,398.354,-1.070,-8.410,,,,,0,278.625,218.113,400.000,
1785142173.7236,PID,NORMAL_HOLD,325.00,237.00,313.42,278.262,219.247,401.134,278.625,218.113,400.000,270.790,210.249,398.110,-1.134,-6.748,,,,,0,278.625,218.113,400.000,
1785142173.7339,PID,NORMAL_HOLD,325.00,237.00,313.00,278.261,219.272,401.396,278.625,218.113,400.000,270.775,210.529,396.589,-1.396,2.770,,,,,0,278.625,218.113,400.000,
1785142173.7362,PID,NORMAL_HOLD,325.04,237.08,312.42,278.295,219.243,401.757,278.625,218.113,400.000,270.571,210.968,394.364,-1.757,16.452,,,,,0,278.625,218.113,400.000,
1785142173.7395,PID,NORMAL_HOLD,325.02,237.05,312.61,278.283,219.208,401.637,278.625,218.113,400.000,270.716,211.213,394.582,-1.637,14.781,,,,,0,278.625,218.113,400.000,
1785142173.7504,PID,NORMAL_HOLD,325.67,237.28,312.43,278.881,219.060,401.739,278.625,218.113,400.000,268.963,211.589,395.071,-1.739,11.335,,,,,0,278.625,218.113,400.000,
1785142173.7552,PID,NORMAL_HOLD,324.85,237.65,312.00,278.148,218.748,402.015,278.625,218.113,400.000,273.642,213.014,393.892,-2.015,18.353,,,,,0,278.625,218.113,400.000,
1785142173.7567,PID,NORMAL_HOLD,324.85,237.65,312.50,278.147,218.745,401.706,278.625,218.113,400.000,272.219,212.138,395.252,-1.706,9.616,,,,,0,278.625,218.113,400.000,
1785142173.7670,PID,NORMAL_HOLD,324.85,237.65,312.50,278.147,218.745,401.706,278.625,218.113,400.000,271.502,211.685,395.958,-1.706,5.077,,,,,0,278.625,218.113,400.000,
1785142173.7691,PID,NORMAL_HOLD,325.28,237.41,312.00,278.537,218.880,402.006,278.625,218.113,400.000,268.804,210.655,394.855,-2.006,11.784,,,,,0,278.625,218.113,400.000,
1785142173.7737,PID,NORMAL_HOLD,324.83,237.34,312.80,278.119,218.997,401.520,278.625,218.113,400.000,272.012,210.285,396.945,-1.520,-1.304,,,,,0,278.625,218.113,400.000,
1785142173.7828,PID,NORMAL_HOLD,324.87,237.22,312.85,278.150,219.097,401.489,278.625,218.113,400.000,271.230,210.152,398.039,-1.489,-8.064,,,,,0,278.625,218.113,400.000,
1785142173.7848,PID,NORMAL_HOLD,325.00,237.00,312.42,278.262,219.268,401.755,278.625,218.113,400.000,270.384,209.689,396.868,-1.755,-0.694,,,,,0,278.625,218.113,400.000,
1785142173.7902,PID,NORMAL_HOLD,325.00,237.00,312.00,278.259,219.326,402.016,278.625,218.113,400.000,270.586,210.058,395.332,-2.016,8.757,,,,,0,278.625,218.113,400.000,
1785142173.8005,PID,NORMAL_HOLD,325.50,237.00,311.93,278.718,219.315,402.052,278.625,218.113,400.000,269.310,210.587,395.302,-2.052,8.619,,,,,0,278.625,218.113,400.000,
1785142173.8048,PID,NORMAL_HOLD,325.35,237.06,311.50,278.589,219.224,402.317,278.625,218.113,400.000,270.668,211.323,393.886,-2.317,17.164,,,,,0,278.625,218.113,400.000,
1785142173.8102,PID,NORMAL_HOLD,325.41,237.23,311.58,278.647,219.064,402.267,278.625,218.113,400.000,270.332,212.107,393.870,-2.267,16.952,,,,,0,278.625,218.113,400.000,
1785142173.8175,PID,NORMAL_HOLD,325.28,237.41,311.79,278.533,218.947,402.137,278.625,218.113,400.000,271.119,212.269,394.900,-2.137,10.269,,,,,0,278.625,218.113,400.000,
1785142173.8187,PID,NORMAL_HOLD,325.28,237.41,311.80,278.532,218.961,402.131,278.625,218.113,400.000,270.900,211.639,395.530,-2.131,6.187,,,,,0,278.625,218.113,400.000,
1785142173.8239,PID,NORMAL_HOLD,325.67,237.28,311.71,278.882,219.067,402.182,278.625,218.113,400.000,268.783,210.794,395.707,-2.182,4.956,,,,,0,278.625,218.113,400.000,
1785142173.8331,PID,NORMAL_HOLD,325.35,237.06,312.14,278.590,219.195,401.923,278.625,218.113,400.000,271.286,210.254,397.349,-1.923,-5.340,,,,,0,278.625,218.113,400.000,
1785142173.8343,PID,NORMAL_HOLD,325.50,237.00,312.00,278.719,219.301,402.007,278.625,218.113,400.000,270.232,210.064,397.209,-2.007,-4.376,,,,,0,278.625,218.113,400.000,
1785142173.8403,PID,NORMAL_HOLD,325.00,237.00,311.73,278.259,219.326,402.180,278.625,218.113,400.000,272.934,210.421,396.215,-2.180,1.836,,,,,0,278.625,218.113,400.000,
1785142173.8500,PID,NORMAL_HOLD,325.00,237.00,311.00,278.258,219.366,402.634,278.625,218.113,400.000,271.847,210.617,394.989,-2.634,9.053,,,,,0,278.625,218.113,400.000,
1785142173.8549,PID,NORMAL_HOLD,325.50,237.00,310.75,278.714,219.390,402.781,278.625,218.113,400.000,268.781,210.691,393.133,-2.781,20.330,,,,,0,278.625,218.113,400.000,
1785142173.8605,PID,NORMAL_HOLD,325.35,237.06,311.00,278.588,219.253,402.626,278.625,218.113,400.000,270.400,211.623,393.672,-2.626,16.619,,,,,0,278.625,218.113,400.000,
1785142173.8668,PID,NORMAL_HOLD,325.50,237.18,311.41,278.725,219.149,402.368,278.625,218.113,400.000,269.765,211.920,395.468,-2.368,5.222,,,,,0,278.625,218.113,400.000,
1785142173.8711,PID,NORMAL_HOLD,324.85,237.44,311.59,278.138,218.957,402.271,278.625,218.113,400.000,272.952,212.415,396.697,-2.271,-2.470,,,,,0,278.625,218.113,400.000,
1785142173.8746,PID,NORMAL_HOLD,325.06,237.35,311.72,278.324,219.026,402.185,278.625,218.113,400.000,270.649,211.330,397.530,-2.185,-7.572,,,,,0,278.625,218.113,400.000,
1785142173.8830,PID,NORMAL_HOLD,325.35,237.06,311.95,278.589,219.219,402.041,278.625,218.113,400.000,269.112,210.078,398.297,-2.041,-12.168,,,,,0,278.625,218.113,400.000,
1785142173.8851,PID,NORMAL_HOLD,325.50,237.00,312.31,278.717,219.327,401.817,278.625,218.113,400.000,269.184,209.991,399.444,-1.817,-19.035,,,,,0,278.625,218.113,400.000,
1785142173.8897,PID,NORMAL_HOLD,324.94,236.87,312.50,278.200,219.465,401.709,278.625,218.113,400.000,272.801,209.740,399.877,-1.709,-21.343,,,,,0,278.625,218.113,400.000,
1785142173.8999,PID,NORMAL_HOLD,325.25,236.62,312.71,278.473,219.651,401.575,278.625,218.113,400.000,270.240,209.318,400.272,-1.575,-23.400,,,,,0,278.625,218.113,400.000,
1785142173.9011,PID,NORMAL_HOLD,324.96,236.74,312.49,278.207,219.606,401.719,278.625,218.113,400.000,271.942,210.376,399.168,-1.719,-16.157,,,,,0,278.625,218.113,400.000,
1785142173.9044,PID,NORMAL_HOLD,324.95,236.68,312.72,278.204,219.608,401.572,278.625,218.113,400.000,271.368,210.655,399.109,-1.572,-15.495,,,,,0,278.625,218.113,400.000,
1785142173.9112,PID,NORMAL_HOLD,324.91,236.83,312.72,278.163,219.560,401.574,278.625,218.113,400.000,271.302,211.076,398.742,-1.574,-12.943,,,,,0,278.625,218.113,400.000,
1785142173.9162,PID,NORMAL_HOLD,325.31,236.72,312.79,278.529,219.563,401.521,278.625,218.113,400.000,269.041,211.007,398.507,-1.521,-11.246,,,,,0,278.625,218.113,400.000,
1785142173.9194,PID,NORMAL_HOLD,325.00,237.00,313.17,278.256,219.332,401.292,278.625,218.113,400.000,271.346,212.244,399.220,-1.292,-15.411,,,,,0,278.625,218.113,400.000,
1785142173.9260,PID,NORMAL_HOLD,325.00,237.00,313.56,278.260,219.271,401.047,278.625,218.113,400.000,271.030,212.004,400.803,-1.047,-24.995,,,,,0,278.625,218.113,400.000,
1785142173.9297,PID,NORMAL_HOLD,325.50,237.00,313.93,278.716,219.306,400.819,278.625,218.113,400.000,268.425,211.339,401.554,-0.819,-29.157,,,,,0,278.625,218.113,400.000,
1785142173.9357,PID,NORMAL_HOLD,325.00,237.00,313.80,278.253,219.352,400.905,278.625,218.113,400.000,272.086,210.935,400.697,-0.905,-23.300,,,,,0,278.625,218.113,400.000,
1785142173.9419,PID,NORMAL_HOLD,324.95,236.89,314.19,278.206,219.450,400.667,278.625,218.113,400.000,271.682,210.435,401.075,-0.667,-25.202,,,,,0,278.625,218.113,400.000,
1785142173.9450,PID,NORMAL_HOLD,325.57,236.64,314.42,278.766,219.630,400.516,278.625,218.113,400.000,268.208,209.747,401.306,-0.516,-26.139,,,,,0,278.625,218.113,400.000,
1785142173.9507,PID,NORMAL_HOLD,325.53,236.57,314.39,278.731,219.703,400.532,278.625,218.113,400.000,269.605,209.932,400.817,-0.532,-22.645,,,,,0,278.625,218.113,400.000,
1785142173.9573,PID,NORMAL_HOLD,325.26,236.68,313.84,278.486,219.623,400.880,278.625,218.113,400.000,271.532,210.891,398.387,-0.880,-7.215,,,,,0,278.625,218.113,400.000,
1785142173.9599,PID,NORMAL_HOLD,325.31,236.72,313.80,278.527,219.572,400.903,278.625,218.113,400.000,270.917,211.158,397.329,-0.903,-0.566,,,,,0,278.625,218.113,400.000,
1785142173.9658,PID,NORMAL_HOLD,325.50,236.89,313.46,278.706,219.500,401.109,278.625,218.113,400.000,269.615,211.534,395.841,-1.109,8.640,,,,,0,278.625,218.113,400.000,
1785142173.9726,PID,NORMAL_HOLD,325.50,237.00,313.68,278.716,219.312,400.970,278.625,218.113,400.000,270.061,212.317,396.216,-0.970,6.164,,,,,0,278.625,218.113,400.000,
1785142173.9772,PID,NORMAL_HOLD,325.62,237.16,313.95,278.834,219.176,400.805,278.625,218.113,400.000,269.763,212.338,397.199,-0.805,0.000,,,,,0,278.625,218.113,400.000,
1785142173.9804,PID,NORMAL_HOLD,325.67,237.28,313.85,278.877,219.101,400.863,278.625,218.113,400.000,269.889,212.203,397.360,-0.863,-1.000,,,,,0,278.625,218.113,400.000,
1785142173.9868,PID,NORMAL_HOLD,325.62,237.16,314.08,278.833,219.180,400.724,278.625,218.113,400.000,270.456,211.236,398.057,-0.724,-5.291,,,,,0,278.625,218.113,400.000,
1785142173.9917,PID,NORMAL_HOLD,325.50,237.00,314.52,278.719,219.244,400.453,278.625,218.113,400.000,271.136,210.809,399.337,-0.453,-13.058,,,,,0,278.625,218.113,400.000,
1785142173.9973,PID,NORMAL_HOLD,325.50,237.00,314.50,278.713,219.335,400.467,278.625,218.113,400.000,270.912,210.420,399.561,-0.467,-14.203,,,,,0,278.625,218.113,400.000,
1785142174.0037,PID,NORMAL_HOLD,325.48,236.89,314.43,278.687,219.419,400.511,278.625,218.113,400.000,270.920,210.215,399.130,-0.511,-11.287,,,,,0,278.625,218.113,400.000,
1785142174.0068,PID,NORMAL_HOLD,325.25,236.81,313.79,278.474,219.507,400.907,278.625,218.113,400.000,271.937,210.130,396.782,-0.907,3.416,,,,,0,278.625,218.113,400.000,
1785142174.0121,PID,NORMAL_HOLD,325.00,237.00,314.18,278.253,219.350,400.672,278.625,218.113,400.000,272.509,211.401,397.157,-0.672,1.033,,,,,0,278.625,218.113,400.000,
1785142174.0181,PID,NORMAL_HOLD,324.62,236.97,313.47,277.900,219.408,401.116,278.625,218.113,400.000,273.645,210.879,395.174,-1.116,13.249,,,,,0,278.625,218.113,400.000,
1785142174.0192,PID,NORMAL_HOLD,325.50,237.00,313.50,278.714,219.340,401.083,278.625,218.113,400.000,267.687,211.324,394.894,-1.083,14.734,,,,,0,278.625,218.113,400.000,
1785142174.0263,PID,NORMAL_HOLD,325.07,237.20,314.07,278.323,219.133,400.737,278.625,218.113,400.000,271.341,212.330,396.808,-0.737,2.642,,,,,0,278.625,218.113,400.000,
1785142174.0331,PID,NORMAL_HOLD,325.26,237.14,314.07,278.502,219.123,400.733,278.625,218.113,400.000,270.020,211.760,397.556,-0.733,-2.020,,,,,0,278.625,218.113,400.000,
1785142174.0342,PID,NORMAL_HOLD,325.35,237.06,314.41,278.588,219.184,400.518,278.625,218.113,400.000,269.913,211.116,398.773,-0.518,-9.480,,,,,0,278.625,218.113,400.000,
1785142174.0400,PID,NORMAL_HOLD,325.50,237.00,314.32,278.718,219.268,400.575,278.625,218.113,400.000,269.492,210.581,398.805,-0.575,-9.517,,,,,0,278.625,218.113,400.000,
1785142174.0500,PID,NORMAL_HOLD,325.00,237.00,314.79,278.256,219.281,400.288,278.625,218.113,400.000,272.653,210.737,399.960,-0.288,-16.466,,,,,0,278.625,218.113,400.000,
1785142174.0522,PID,NORMAL_HOLD,325.31,236.72,314.12,278.530,219.524,400.700,278.625,218.113,400.000,270.177,209.526,397.998,-0.700,-4.054,,,,,0,278.625,218.113,400.000,
1785142174.0570,PID,NORMAL_HOLD,324.65,236.94,313.83,277.922,219.460,400.892,278.625,218.113,400.000,273.978,210.621,396.417,-0.892,5.746,,,,,0,278.625,218.113,400.000,
1785142174.0672,PID,NORMAL_HOLD,324.65,236.94,312.80,277.926,219.449,401.531,278.625,218.113,400.000,272.409,210.832,394.677,-1.531,15.927,,,,,0,278.625,218.113,400.000,
1785142174.0703,PID,NORMAL_HOLD,324.50,237.00,312.58,277.798,219.334,401.663,278.625,218.113,400.000,272.382,211.578,392.319,-1.663,30.208,,,,,0,278.625,218.113,400.000,
1785142174.0768,PID,NORMAL_HOLD,325.35,237.04,312.66,278.579,219.263,401.604,278.625,218.113,400.000,267.215,211.700,392.532,-1.604,28.323,,,,,0,278.625,218.113,400.000,
1785142174.0840,PID,NORMAL_HOLD,324.83,237.34,312.50,278.116,219.042,401.708,278.625,218.113,400.000,271.448,212.567,392.781,-1.708,26.238,,,,,0,278.625,218.113,400.000,
1785142174.0879,PID,NORMAL_HOLD,325.11,237.33,312.72,278.370,219.033,401.566,278.625,218.113,400.000,269.675,211.888,394.144,-1.566,17.326,,,,,0,278.625,218.113,400.000,
1785142174.0917,PID,NORMAL_HOLD,325.34,237.07,312.53,278.571,219.213,401.682,278.625,218.113,400.000,269.193,210.598,394.456,-1.682,15.065,,,,,0,278.625,218.113,400.000,
1785142174.0996,PID,NORMAL_HOLD,325.50,237.00,312.34,278.718,219.309,401.801,278.625,218.113,400.000,269.013,210.223,394.187,-1.801,16.471,,,,,0,278.625,218.113,400.000,
1785142174.1017,PID,NORMAL_HOLD,325.50,237.00,312.50,278.715,219.344,401.700,278.625,218.113,400.000,269.831,210.423,395.031,-1.700,10.946,,,,,0,278.625,218.113,400.000,
1785142174.1071,PID,NORMAL_HOLD,325.05,237.11,312.18,278.299,219.313,401.908,278.625,218.113,400.000,272.321,210.875,394.627,-1.908,13.218,,,,,0,278.625,218.113,400.000,
1785142174.1170,PID,NORMAL_HOLD,325.26,236.89,312.00,278.494,219.424,402.012,278.625,218.113,400.000,270.320,210.258,394.173,-2.012,15.782,,,,,0,278.625,218.113,400.000,
1785142174.1188,PID,NORMAL_HOLD,325.00,237.00,311.81,278.254,219.402,402.133,278.625,218.113,400.000,271.842,210.740,393.820,-2.133,17.662,,,,,0,278.625,218.113,400.000,
1785142174.1226,PID,NORMAL_HOLD,325.50,237.00,312.20,278.717,219.323,401.884,278.625,218.113,400.000,268.898,211.277,395.296,-1.884,8.222,,,,,0,278.625,218.113,400.000,
1785142174.1286,PID,NORMAL_HOLD,325.92,237.02,311.59,279.107,219.299,402.256,278.625,218.113,400.000,267.431,211.287,394.199,-2.256,14.834,,,,,0,278.625,218.113,400.000,
1785142174.1323,PID,NORMAL_HOLD,325.67,237.28,311.85,278.878,219.111,402.096,278.625,218.113,400.000,270.225,212.191,394.926,-2.096,10.063,,,,,0,278.625,218.113,400.000,
1785142174.1356,PID,NORMAL_HOLD,325.69,237.34,312.16,278.899,219.057,401.908,278.625,218.113,400.000,270.284,211.925,396.317,-1.908,1.281,,,,,0,278.625,218.113,400.000,
1785142174.1427,PID,NORMAL_HOLD,325.67,237.28,312.81,278.880,219.076,401.507,278.625,218.113,400.000,270.541,211.394,398.702,-1.507,-13.449,,,,,0,278.625,218.113,400.000,
1785142174.1474,PID,NORMAL_HOLD,326.00,237.12,312.88,279.176,219.259,401.461,278.625,218.113,400.000,269.103,210.345,399.538,-1.461,-18.369,,,,,0,278.625,218.113,400.000,
1785142174.1523,PID,NORMAL_HOLD,326.00,237.00,313.34,279.174,219.328,401.178,278.625,218.113,400.000,269.803,210.270,400.774,-1.178,-25.653,,,,,0,278.625,218.113,400.000,
1785142174.1590,PID,NORMAL_HOLD,325.50,237.00,313.18,278.712,219.378,401.284,278.625,218.113,400.000,272.874,210.342,400.168,-1.284,-21.451,,,,,0,278.625,218.113,400.000,
1785142174.1605,PID,NORMAL_HOLD,325.88,236.88,313.10,279.060,219.484,401.326,278.625,218.113,400.000,269.829,210.087,399.240,-1.326,-15.323,,,,,0,278.625,218.113,400.000,
1785142174.1669,PID,NORMAL_HOLD,325.88,236.88,313.00,279.059,219.502,401.389,278.625,218.113,400.000,270.178,210.423,398.248,-1.389,-8.916,,,,,0,278.625,218.113,400.000,
1785142174.1735,PID,NORMAL_HOLD,325.50,237.00,312.96,278.710,219.411,401.419,278.625,218.113,400.000,272.285,211.197,397.565,-1.419,-4.540,,,,,0,278.625,218.113,400.000,
1785142174.1765,PID,NORMAL_HOLD,325.50,237.00,313.61,278.714,219.332,401.017,278.625,218.113,400.000,271.427,211.532,399.089,-1.017,-13.844,,,,,0,278.625,218.113,400.000,
1785142174.1806,PID,NORMAL_HOLD,325.52,237.11,313.85,278.745,219.174,400.863,278.625,218.113,400.000,270.853,212.136,400.134,-0.863,-20.046,,,,,0,278.625,218.113,400.000,
1785142174.1874,PID,NORMAL_HOLD,325.80,237.22,314.17,278.995,219.133,400.668,278.625,218.113,400.000,269.315,211.829,400.995,-0.668,-24.987,,,,,0,278.625,218.113,400.000,
1785142174.1899,PID,NORMAL_HOLD,325.80,237.22,314.50,278.995,219.131,400.462,278.625,218.113,400.000,269.925,211.455,401.707,-0.462,-28.917,,,,,0,278.625,218.113,400.000,
1785142174.1945,PID,NORMAL_HOLD,326.00,237.12,314.88,279.175,219.249,400.229,278.625,218.113,400.000,269.194,210.580,402.510,-0.229,-33.346,,,,,0,278.625,218.113,400.000,
1785142174.2015,PID,NORMAL_HOLD,325.50,237.00,315.36,278.711,219.352,399.937,278.625,218.113,400.000,272.344,210.253,403.316,0.063,-37.672,,,,,0,278.625,218.113,400.000,
1785142174.2063,PID,NORMAL_HOLD,325.50,237.00,315.59,278.707,219.395,399.797,278.625,218.113,400.000,271.500,210.385,403.380,0.203,-37.335,,,,,0,278.625,218.113,400.000,
1785142174.2114,PID,NORMAL_HOLD,325.87,236.78,315.00,279.046,219.536,400.156,278.625,218.113,400.000,269.237,209.923,400.964,-0.156,-21.733,,,,,0,278.625,218.113,400.000,
1785142174.2185,PID,NORMAL_HOLD,325.52,236.89,315.00,278.732,219.430,400.157,278.625,218.113,400.000,271.724,211.056,399.583,-0.157,-12.807,,,,,0,278.625,218.113,400.000,
1785142174.2213,PID,NORMAL_HOLD,325.50,237.00,315.36,278.711,219.352,399.937,278.625,218.113,400.000,271.268,211.387,399.852,0.063,-14.223,,,,,0,278.625,218.113,400.000,
1785142174.2269,PID,NORMAL_HOLD,326.00,237.12,315.17,279.180,219.184,400.049,278.625,218.113,400.000,267.908,212.273,399.114,-0.049,-9.409,,,,,0,278.625,218.113,400.000,
1785142174.2337,PID,NORMAL_HOLD,325.74,237.32,315.19,278.944,218.994,400.036,278.625,218.113,400.000,270.542,212.748,398.693,-0.036,-6.630,,,,,0,278.625,218.113,400.000,
1785142174.2361,PID,NORMAL_HOLD,325.30,237.67,315.95,278.547,218.754,399.569,278.625,218.113,400.000,272.629,213.182,400.561,0.431,-18.017,,,,,0,278.625,218.113,400.000,
1785142174.2406,PID,NORMAL_HOLD,325.33,237.66,316.36,278.582,218.730,399.318,278.625,218.113,400.000,271.434,212.327,402.224,0.682,-27.973,,,,,0,278.625,218.113,400.000,
1785142174.2501,PID,NORMAL_HOLD,326.00,237.50,316.62,279.193,218.833,399.153,278.625,218.113,400.000,267.738,211.195,402.524,0.847,-29.209,,,,,0,278.625,218.113,400.000,
1785142174.2519,PID,NORMAL_HOLD,325.50,237.50,317.00,278.732,218.823,398.921,278.625,218.113,400.000,271.754,211.231,403.916,1.079,-37.384,,,,,0,278.625,218.113,400.000,
1785142174.2574,PID,NORMAL_HOLD,326.00,237.21,316.46,279.185,219.058,399.248,278.625,218.113,400.000,268.703,209.903,401.601,0.752,-22.394,,,,,0,278.625,218.113,400.000,
1785142174.2665,PID,NORMAL_HOLD,325.67,237.35,315.82,278.884,218.970,399.647,278.625,218.113,400.000,271.180,210.955,398.359,0.353,-1.968,,,,,0,278.625,218.113,400.000,
1785142174.2679,PID,NORMAL_HOLD,325.50,237.50,315.59,278.729,218.891,399.790,278.625,218.113,400.000,271.809,211.507,396.454,0.210,9.828,,,,,0,278.625,218.113,400.000,
1785142174.2708,PID,NORMAL_HOLD,325.50,237.76,315.73,278.737,218.675,399.704,278.625,218.113,400.000,271.170,212.459,396.430,0.296,9.788,,,,,0,278.625,218.113,400.000,
1785142174.2763,PID,NORMAL_HOLD,325.12,237.85,315.57,278.397,218.500,399.805,278.625,218.113,400.000,272.886,212.855,396.150,0.195,11.332,,,,,0,278.625,218.113,400.000,
1785142174.2805,PID,NORMAL_HOLD,325.50,238.00,315.98,278.748,218.416,399.547,278.625,218.113,400.000,269.915,212.499,397.552,0.453,2.471,,,,,0,278.625,218.113,400.000,
1785142174.2853,PID,NORMAL_HOLD,325.50,238.00,316.16,278.748,218.416,399.440,278.625,218.113,400.000,270.262,211.886,398.628,0.560,-4.219,,,,,0,278.625,218.113,400.000,
1785142174.2909,PID,NORMAL_HOLD,325.50,238.00,316.17,278.745,218.456,399.432,278.625,218.113,400.000,270.450,211.359,398.935,0.568,-6.031,,,,,0,278.625,218.113,400.000,
1785142174.2957,PID,NORMAL_HOLD,325.50,237.76,316.49,278.742,218.582,399.234,278.625,218.113,400.000,270.543,210.592,399.882,0.766,-11.762,,,,,0,278.625,218.113,400.000,
1785142174.3026,PID,NORMAL_HOLD,325.50,237.68,315.82,278.729,218.809,399.652,278.625,218.113,400.000,270.649,209.635,397.929,0.348,0.515,,,,,0,278.625,218.113,400.000,
1785142174.3094,PID,NORMAL_HOLD,325.50,237.34,315.82,278.728,218.968,399.648,278.625,218.113,400.000,270.638,209.578,397.270,0.352,4.572,,,,,0,278.625,218.113,400.000,
1785142174.3124,PID,NORMAL_HOLD,325.59,237.31,315.47,278.808,219.019,399.863,278.625,218.113,400.000,270.137,210.034,396.230,0.137,10.876,,,,,0,278.625,218.113,400.000,
1785142174.3173,PID,NORMAL_HOLD,325.69,237.28,314.50,278.900,219.101,400.464,278.625,218.113,400.000,269.864,210.111,392.660,-0.464,32.810,,,,,0,278.625,218.113,400.000,
1785142174.3245,PID,NORMAL_HOLD,325.50,237.50,314.83,278.728,218.923,400.263,278.625,218.113,400.000,271.183,211.590,393.438,-0.263,27.390,,,,,0,278.625,218.113,400.000,
1785142174.3271,PID,NORMAL_HOLD,325.50,237.68,314.59,278.733,218.777,400.411,278.625,218.113,400.000,270.868,212.133,393.913,-0.411,23.869,,,,,0,278.625,218.113,400.000,
1785142174.3314,PID,NORMAL_HOLD,325.50,237.68,314.59,278.733,218.777,400.411,278.625,218.113,400.000,270.739,211.647,394.216,-0.411,21.595,,,,,0,278.625,218.113,400.000,
1785142174.3377,PID,NORMAL_HOLD,325.33,237.66,315.00,278.581,218.782,400.155,278.625,218.113,400.000,271.544,211.374,396.184,-0.155,9.041,,,,,0,278.625,218.113,400.000,
1785142174.3426,PID,NORMAL_HOLD,325.50,237.45,314.84,278.725,218.976,400.257,278.625,218.113,400.000,270.297,210.188,396.576,-0.257,6.451,,,,,0,278.625,218.113,400.000,
1785142174.3461,PID,NORMAL_HOLD,325.91,237.14,314.86,279.098,219.201,400.237,278.625,218.113,400.000,268.421,209.413,396.965,-0.237,3.930,,,,,0,278.625,218.113,400.000,
1785142174.3538,PID,NORMAL_HOLD,325.50,237.00,315.12,278.713,219.317,400.084,278.625,218.113,400.000,271.458,209.621,397.927,-0.084,-2.081,,,,,0,278.625,218.113,400.000,
1785142174.3568,PID,NORMAL_HOLD,325.50,237.00,314.59,278.709,219.397,400.414,278.625,218.113,400.000,271.065,209.847,396.641,-0.414,5.890,,,,,0,278.625,218.113,400.000,
1785142174.3622,PID,NORMAL_HOLD,325.53,236.89,313.82,278.730,219.492,400.887,278.625,218.113,400.000,270.716,209.855,393.956,-0.887,22.366,,,,,0,278.625,218.113,400.000,
1785142174.3694,PID,NORMAL_HOLD,325.50,237.00,313.59,278.707,219.438,401.028,278.625,218.113,400.000,270.794,210.707,392.915,-1.028,28.360,,,,,0,278.625,218.113,400.000,
1785142174.3723,PID,NORMAL_HOLD,325.50,237.00,313.50,278.710,219.400,401.085,278.625,218.113,400.000,270.691,211.033,392.838,-1.085,28.309,,,,,0,278.625,218.113,400.000,
1785142174.3770,PID,NORMAL_HOLD,326.00,237.00,313.58,279.169,219.400,401.028,278.625,218.113,400.000,267.996,211.003,393.719,-1.028,22.343,,,,,0,278.625,218.113,400.000,
1785142174.3836,PID,NORMAL_HOLD,325.50,237.00,314.14,278.712,219.360,400.692,278.625,218.113,400.000,271.779,211.207,396.144,-0.692,6.968,,,,,0,278.625,218.113,400.000,
1785142174.3862,PID,NORMAL_HOLD,325.50,237.00,314.00,278.705,219.466,400.779,278.625,218.113,400.000,271.238,210.500,396.763,-0.779,3.017,,,,,0,278.625,218.113,400.000,
1785142174.3928,PID,NORMAL_HOLD,325.50,236.68,314.50,278.698,219.670,400.470,278.625,218.113,400.000,270.964,209.574,398.575,-0.470,-8.233,,,,,0,278.625,218.113,400.000,
1785142174.4011,PID,NORMAL_HOLD,325.61,236.50,314.34,278.794,219.841,400.571,278.625,218.113,400.000,270.272,209.298,398.483,-0.571,-7.503,,,,,0,278.625,218.113,400.000,
1785142174.4042,PID,NORMAL_HOLD,326.00,236.12,314.50,279.147,220.046,400.463,278.625,218.113,400.000,268.432,208.905,398.776,-0.463,-9.162,,,,,0,278.625,218.113,400.000,
1785142174.4070,PID,NORMAL_HOLD,326.00,236.12,313.81,279.140,220.154,400.888,278.625,218.113,400.000,269.498,209.222,396.470,-0.888,5.285,,,,,0,278.625,218.113,400.000,
1785142174.4170,PID,NORMAL_HOLD,326.35,236.04,313.60,279.455,220.250,401.017,278.625,218.113,400.000,268.234,209.443,395.293,-1.017,12.442,,,,,0,278.625,218.113,400.000,
1785142174.4191,PID,NORMAL_HOLD,326.00,236.15,314.36,279.144,220.076,400.551,278.625,218.113,400.000,271.045,211.042,397.404,-0.551,-0.819,,,,,0,278.625,218.113,400.000,
1785142174.4225,PID,NORMAL_HOLD,325.50,236.45,314.43,278.695,219.805,400.513,278.625,218.113,400.000,272.989,212.245,398.238,-0.513,-5.931,,,,,0,278.625,218.113,400.000,
1785142174.4332,PID,NORMAL_HOLD,325.70,236.48,314.87,278.874,219.817,400.238,278.625,218.113,400.000,271.248,211.500,398.861,-0.238,-9.453,,,,,0,278.625,218.113,400.000,
1785142174.4376,PID,NORMAL_HOLD,325.87,236.22,315.37,279.025,220.051,399.933,278.625,218.113,400.000,270.072,209.876,400.758,0.067,-20.925,,,,,0,278.625,218.113,400.000,
1785142174.4421,PID,NORMAL_HOLD,326.50,236.00,315.19,279.594,220.273,400.035,278.625,218.113,400.000,267.109,209.074,400.765,-0.035,-20.600,,,,,0,278.625,218.113,400.000,
1785142174.4497,PID,NORMAL_HOLD,326.50,236.00,315.48,279.594,220.275,399.859,278.625,218.113,400.000,268.729,209.872,401.027,0.141,-21.827,,,,,0,278.625,218.113,400.000,
1785142174.4524,PID,NORMAL_HOLD,326.00,236.00,315.16,279.133,220.283,400.063,278.625,218.113,400.000,272.132,210.235,399.691,-0.063,-13.177,,,,,0,278.625,218.113,400.000,
1785142174.4576,PID,NORMAL_HOLD,326.00,236.00,314.50,279.132,220.314,400.468,278.625,218.113,400.000,271.317,210.299,396.913,-0.468,4.224,,,,,0,278.625,218.113,400.000,
1785142174.4665,PID,NORMAL_HOLD,326.50,236.00,315.37,279.598,220.216,399.927,278.625,218.113,400.000,268.163,211.057,398.597,0.073,-6.235,,,,,0,278.625,218.113,400.000,
1785142174.4677,PID,NORMAL_HOLD,326.50,236.11,315.50,279.608,220.034,399.842,278.625,218.113,400.000,269.198,211.912,399.553,0.158,-12.026,,,,,0,278.625,218.113,400.000,
1785142174.4730,PID,NORMAL_HOLD,326.36,236.38,315.86,279.483,219.871,399.620,278.625,218.113,400.000,270.458,212.236,400.697,0.380,-18.864,,,,,0,278.625,218.113,400.000,
1785142174.4830,PID,NORMAL_HOLD,326.67,236.28,317.36,279.758,220.034,398.701,278.625,218.113,400.000,269.610,211.042,402.270,1.299,-27.540,,,,,0,278.625,218.113,400.000,
1785142174.4875,PID,NORMAL_HOLD,327.00,236.00,317.22,280.059,220.223,398.785,278.625,218.113,400.000,268.263,209.837,403.507,1.215,-34.585,,,,,0,278.625,218.113,400.000,
1785142174.4926,PID,NORMAL_HOLD,326.50,236.00,317.47,279.595,220.266,398.633,278.625,218.113,400.000,271.733,210.033,404.472,1.367,-39.973,,,,,0,278.625,218.113,400.000,
1785142174.5009,PID,NORMAL_HOLD,326.98,235.91,317.47,280.037,220.331,398.630,278.625,218.113,400.000,268.516,209.990,403.601,1.370,-33.819,,,,,0,278.625,218.113,400.000,
1785142174.5035,PID,NORMAL_HOLD,327.13,235.78,317.49,280.170,220.421,398.622,278.625,218.113,400.000,268.614,209.818,402.580,1.378,-26.872,,,,,0,278.625,218.113,400.000,
1785142174.5082,PID,NORMAL_HOLD,327.00,236.00,318.00,280.061,220.209,398.305,278.625,218.113,400.000,270.013,211.432,403.434,1.695,-31.692,,,,,0,278.625,218.113,400.000,
1785142174.5171,PID,NORMAL_HOLD,326.86,236.10,318.00,279.934,220.128,398.306,278.625,218.113,400.000,270.800,211.509,402.740,1.694,-26.785,,,,,0,278.625,218.113,400.000,
1785142174.5208,PID,NORMAL_HOLD,326.70,236.21,318.34,279.793,220.009,398.099,278.625,218.113,400.000,271.252,211.734,403.064,1.901,-28.306,,,,,0,278.625,218.113,400.000,
1785142174.5238,PID,NORMAL_HOLD,326.36,236.38,318.54,279.482,219.887,397.977,278.625,218.113,400.000,272.561,211.950,403.058,2.023,-27.729,,,,,0,278.625,218.113,400.000,
1785142174.5335,PID,NORMAL_HOLD,327.00,236.00,319.14,280.061,220.213,397.604,278.625,218.113,400.000,269.731,210.393,402.655,2.396,-24.333,,,,,0,278.625,218.113,400.000,
1785142174.5377,PID,NORMAL_HOLD,327.00,236.00,319.00,280.060,220.226,397.692,278.625,218.113,400.000,269.968,210.482,402.665,2.308,-23.930,,,,,0,278.625,218.113,400.000,
1785142174.5428,PID,NORMAL_HOLD,326.50,236.00,318.46,279.596,220.241,398.023,278.625,218.113,400.000,273.122,210.481,400.544,1.977,-10.385,,,,,0,278.625,218.113,400.000,
1785142174.5505,PID,NORMAL_HOLD,327.00,236.00,318.15,280.061,220.208,398.213,278.625,218.113,400.000,269.047,210.773,398.664,1.787,1.410,,,,,0,278.625,218.113,400.000,
1785142174.5531,PID,NORMAL_HOLD,326.50,236.18,317.94,279.610,219.977,398.338,278.625,218.113,400.000,272.127,212.014,397.436,1.662,8.959,,,,,0,278.625,218.113,400.000,
1785142174.5576,PID,NORMAL_HOLD,326.05,236.59,317.80,279.204,219.683,398.427,278.625,218.113,400.000,273.517,213.043,396.689,1.573,13.421,,,,,0,278.625,218.113,400.000,
1785142174.5678,PID,NORMAL_HOLD,325.98,236.91,317.77,279.147,219.466,398.450,278.625,218.113,400.000,272.308,213.175,396.696,1.550,13.123,,,,,0,278.625,218.113,400.000,
1785142174.5730,PID,NORMAL_HOLD,325.53,236.89,318.14,278.731,219.394,398.223,278.625,218.113,400.000,272.578,212.247,398.024,1.777,4.701,,,,,0,278.625,218.113,400.000,
1785142174.5766,PID,NORMAL_HOLD,325.91,236.78,317.77,279.077,219.519,398.449,278.625,218.113,400.000,269.696,210.909,397.442,1.551,8.229,,,,,0,278.625,218.113,400.000,
1785142174.5839,PID,NORMAL_HOLD,325.91,236.78,317.47,279.075,219.555,398.637,278.625,218.113,400.000,270.106,210.692,396.698,1.363,12.647,,,,,0,278.625,218.113,400.000,
1785142174.5866,PID,NORMAL_HOLD,325.75,236.84,317.46,278.930,219.516,398.640,278.625,218.113,400.000,271.094,211.000,396.476,1.360,13.814,,,,,0,278.625,218.113,400.000,
1785142174.5913,PID,NORMAL_HOLD,325.50,237.00,316.59,278.705,219.404,399.179,278.625,218.113,400.000,272.141,211.613,394.302,0.821,26.955,,,,,0,278.625,218.113,400.000,
1785142174.6001,PID,NORMAL_HOLD,326.50,237.00,316.18,279.636,219.290,399.422,278.625,218.113,400.000,266.649,211.845,394.552,0.578,24.514,,,,,0,278.625,218.113,400.000,
1785142174.6029,PID,NORMAL_HOLD,325.87,237.22,315.49,279.065,219.100,399.851,278.625,218.113,400.000,272.005,212.574,391.911,0.149,40.360,,,,,0,278.625,218.113,400.000,
1785142174.6090,PID,NORMAL_HOLD,326.10,237.33,315.78,279.281,219.001,399.670,278.625,218.113,400.000,270.065,212.336,392.738,0.330,34.516,,,,,0,278.625,218.113,400.000,
1785142174.6165,PID,NORMAL_HOLD,326.10,237.28,315.83,279.276,219.045,399.639,278.625,218.113,400.000,270.261,211.559,394.015,0.361,25.977,,,,,0,278.625,218.113,400.000,
1785142174.6218,PID,NORMAL_HOLD,325.87,237.22,316.17,279.062,219.128,399.435,278.625,218.113,400.000,271.539,210.834,396.006,0.565,13.206,,,,,0,278.625,218.113,400.000,
1785142174.6262,PID,NORMAL_HOLD,326.50,237.00,315.88,279.634,219.322,399.608,278.625,218.113,400.000,267.808,209.829,396.169,0.392,11.957,,,,,0,278.625,218.113,400.000,
1785142174.6338,PID,NORMAL_HOLD,326.00,237.00,315.53,279.171,219.348,399.825,278.625,218.113,400.000,271.587,210.247,395.486,0.175,15.945,,,,,0,278.625,218.113,400.000,
1785142174.6368,PID,NORMAL_HOLD,326.50,237.00,315.00,279.626,219.427,400.150,278.625,218.113,400.000,268.486,210.154,394.015,-0.150,24.724,,,,,0,278.625,218.113,400.000,
1785142174.6425,PID,NORMAL_HOLD,326.50,237.00,314.50,279.628,219.411,400.458,278.625,218.113,400.000,269.397,210.625,392.615,-0.458,32.883,,,,,0,278.625,218.113,400.000,
1785142174.6502,PID,NORMAL_HOLD,326.50,237.11,315.17,279.638,219.214,400.044,278.625,218.113,400.000,269.800,211.814,394.980,-0.044,17.630,,,,,0,278.625,218.113,400.000,
1785142174.6532,PID,NORMAL_HOLD,326.50,237.11,315.17,279.638,219.214,400.044,278.625,218.113,400.000,270.058,211.395,396.092,-0.044,10.439,,,,,0,278.625,218.113,400.000,
1785142174.6601,PID,NORMAL_HOLD,326.35,237.06,315.88,279.500,219.288,399.610,278.625,218.113,400.000,271.017,210.746,398.831,0.390,-6.660,,,,,0,278.625,218.113,400.000,
1785142174.6669,PID,NORMAL_HOLD,326.31,236.72,315.79,279.442,219.618,399.667,278.625,218.113,400.000,270.861,209.846,399.358,0.333,-9.785,,,,,0,278.625,218.113,400.000,
1785142174.6717,PID,NORMAL_HOLD,326.29,236.61,316.16,279.426,219.714,399.440,278.625,218.113,400.000,270.696,209.864,400.341,0.560,-15.646,,,,,0,278.625,218.113,400.000,
1785142174.6772,PID,NORMAL_HOLD,326.74,236.32,316.17,279.830,219.884,399.430,278.625,218.113,400.000,268.090,209.308,400.512,0.570,-16.417,,,,,0,278.625,218.113,400.000,
1785142174.6840,PID,NORMAL_HOLD,326.50,236.32,315.42,279.605,219.992,399.896,278.625,218.113,400.000,270.445,209.432,398.031,0.104,-0.827,,,,,0,278.625,218.113,400.000,
1785142174.6864,PID,NORMAL_HOLD,326.21,236.48,315.51,279.344,219.829,399.839,278.625,218.113,400.000,271.742,210.929,397.271,0.161,3.888,,,,,0,278.625,218.113,400.000,
1785142174.6915,PID,NORMAL_HOLD,326.50,236.63,315.50,279.615,219.736,399.845,278.625,218.113,400.000,269.424,211.421,397.089,0.155,4.941,,,,,0,278.625,218.113,400.000,
1785142174.6999,PID,NORMAL_HOLD,326.13,236.76,315.84,279.280,219.623,399.639,278.625,218.113,400.000,271.633,211.710,398.137,0.361,-1.615,,,,,0,278.625,218.113,400.000,
1785142174.7024,PID,NORMAL_HOLD,326.30,236.67,316.49,279.431,219.679,399.238,278.625,218.113,400.000,270.208,210.975,400.433,0.762,-15.762,,,,,0,278.625,218.113,400.000,
1785142174.7076,PID,NORMAL_HOLD,326.50,236.18,317.00,279.613,219.934,398.918,278.625,218.113,400.000,269.176,209.333,402.294,1.082,-26.914,,,,,0,278.625,218.113,400.000,
1785142174.7170,PID,NORMAL_HOLD,326.50,236.11,316.78,279.597,220.189,399.060,278.625,218.113,400.000,269.792,209.292,401.024,0.940,-18.397,,,,,0,278.625,218.113,400.000,
1785142174.7209,PID,NORMAL_HOLD,327.00,236.00,316.78,280.056,220.260,399.057,278.625,218.113,400.000,267.559,209.594,400.671,0.943,-15.861,,,,,0,278.625,218.113,400.000,
1785142174.7280,PID,NORMAL_HOLD,326.50,236.11,316.19,279.596,220.210,399.421,278.625,218.113,400.000,271.500,210.408,398.442,0.579,-1.806,,,,,0,278.625,218.113,400.000,
1785142174.7333,PID,NORMAL_HOLD,326.50,236.11,316.42,279.602,220.122,399.276,278.625,218.113,400.000,270.877,211.023,398.317,0.724,-1.000,,,,,0,278.625,218.113,400.000,
1785142174.7358,PID,NORMAL_HOLD,326.10,236.33,316.41,279.243,219.926,399.286,278.625,218.113,400.000,272.571,211.929,398.208,0.714,-0.304,,,,,0,278.625,218.113,400.000,
1785142174.7422,PID,NORMAL_HOLD,326.28,236.41,316.86,279.411,219.851,399.006,278.625,218.113,400.000,270.531,211.769,399.723,0.994,-9.695,,,,,0,278.625,218.113,400.000,
1785142174.7501,PID,NORMAL_HOLD,326.09,236.22,316.94,279.237,219.930,398.961,278.625,218.113,400.000,271.386,210.844,400.066,1.039,-11.616,,,,,0,278.625,218.113,400.000,
1785142174.7530,PID,NORMAL_HOLD,326.00,236.00,316.99,279.144,220.110,398.926,278.625,218.113,400.000,271.442,209.765,400.159,1.074,-11.981,,,,,0,278.625,218.113,400.000,
1785142174.7584,PID,NORMAL_HOLD,326.00,236.00,316.48,279.135,220.248,399.247,278.625,218.113,400.000,271.000,209.453,398.354,0.753,-0.615,,,,,0,278.625,218.113,400.000,
1785142174.7669,PID,NORMAL_HOLD,326.00,236.00,316.47,279.135,220.248,399.251,278.625,218.113,400.000,270.729,210.048,397.983,0.749,1.619,,,,,0,278.625,218.113,400.000,
1785142174.7723,PID,NORMAL_HOLD,326.00,236.12,315.60,279.136,220.188,399.790,278.625,218.113,400.000,270.584,210.681,395.258,0.210,18.364,,,,,0,278.625,218.113,400.000,
1785142174.7768,PID,NORMAL_HOLD,325.74,236.32,316.34,278.905,219.918,399.335,278.625,218.113,400.000,271.781,212.144,396.759,0.665,8.757,,,,,0,278.625,218.113,400.000,
1785142174.7829,PID,NORMAL_HOLD,325.26,236.68,315.85,278.480,219.657,399.637,278.625,218.113,400.000,273.553,212.915,396.014,0.363,13.200,,,,,0,278.625,218.113,400.000,
1785142174.7858,PID,NORMAL_HOLD,325.04,236.77,316.47,278.278,219.540,399.254,278.625,218.113,400.000,273.246,212.527,397.899,0.746,1.322,,,,,0,278.625,218.113,400.000,
1785142174.7927,PID,NORMAL_HOLD,325.50,236.63,317.16,278.697,219.662,398.828,278.625,218.113,400.000,269.644,211.008,400.707,1.172,-16.038,,,,,0,278.625,218.113,400.000,
1785142174.8000,PID,NORMAL_HOLD,325.50,236.37,316.57,278.692,219.835,399.188,278.625,218.113,400.000,270.140,209.975,399.578,0.812,-8.769,,,,,0,278.625,218.113,400.000,
1785142174.8010,PID,NORMAL_HOLD,325.50,236.50,316.57,278.693,219.775,399.190,278.625,218.113,400.000,270.362,210.707,398.968,0.810,-4.836,,,,,0,278.625,218.113,400.000,
1785142174.8074,PID,NORMAL_HOLD,325.50,236.37,316.52,278.692,219.837,399.221,278.625,218.113,400.000,270.481,210.396,398.487,0.779,-1.777,,,,,0,278.625,218.113,400.000,
1785142174.8167,PID,NORMAL_HOLD,325.50,236.68,315.87,278.693,219.712,399.625,278.625,218.113,400.000,270.530,211.199,396.392,0.375,11.175,,,,,0,278.625,218.113,400.000,
1785142174.8187,PID,NORMAL_HOLD,325.12,236.85,315.83,278.353,219.504,399.652,278.625,218.113,400.000,272.729,212.322,395.680,0.348,15.367,,,,,0,278.625,218.113,400.000,
1785142174.8222,PID,NORMAL_HOLD,325.18,237.00,315.59,278.415,219.377,399.800,278.625,218.113,400.000,271.375,212.274,395.203,0.200,17.998,,,,,0,278.625,218.113,400.000,
1785142174.8283,PID,NORMAL_HOLD,325.50,237.11,315.59,278.717,219.221,399.796,278.625,218.113,400.000,269.317,212.472,395.280,0.204,17.213,,,,,0,278.625,218.113,400.000,
1785142174.8335,PID,NORMAL_HOLD,325.50,237.00,316.54,278.715,219.265,399.208,278.625,218.113,400.000,269.959,211.459,398.197,0.792,-1.012,,,,,0,278.625,218.113,400.000,
1785142174.8363,PID,NORMAL_HOLD,325.81,236.89,316.52,278.996,219.349,399.215,278.625,218.113,400.000,268.689,210.721,399.891,0.785,-11.548,,,,,0,278.625,218.113,400.000,
1785142174.8433,PID,NORMAL_HOLD,325.50,236.89,315.81,278.705,219.459,399.657,278.625,218.113,400.000,271.175,210.214,397.797,0.343,1.594,,,,,0,278.625,218.113,400.000,
1785142174.8479,PID,NORMAL_HOLD,325.50,236.89,316.59,278.706,219.436,399.180,278.625,218.113,400.000,270.878,210.674,399.303,0.820,-7.712,,,,,0,278.625,218.113,400.000,
1785142174.8537,PID,NORMAL_HOLD,325.50,237.00,316.00,278.708,219.375,399.542,278.625,218.113,400.000,270.720,211.118,397.943,0.458,0.837,,,,,0,278.625,218.113,400.000,
1785142174.8601,PID,NORMAL_HOLD,325.50,237.11,315.62,278.711,219.298,399.779,278.625,218.113,400.000,270.636,211.429,396.329,0.221,10.795,,,,,0,278.625,218.113,400.000,
1785142174.8635,PID,NORMAL_HOLD,325.50,237.18,316.17,278.720,219.125,399.436,278.625,218.113,400.000,270.559,212.137,397.580,0.564,2.892,,,,,0,278.625,218.113,400.000,
1785142174.8684,PID,NORMAL_HOLD,325.29,237.50,315.82,278.532,218.883,399.651,278.625,218.113,400.000,271.644,212.929,396.930,0.349,6.897,,,,,0,278.625,218.113,400.000,
1785142174.8750,PID,NORMAL_HOLD,325.01,237.58,316.18,278.281,218.801,399.433,278.625,218.113,400.000,272.530,212.443,398.037,0.567,-0.061,,,,,0,278.625,218.113,400.000,
1785142174.8774,PID,NORMAL_HOLD,325.50,237.32,317.19,278.726,218.977,398.804,278.625,218.113,400.000,269.169,210.782,401.500,1.196,-21.432,,,,,0,278.625,218.113,400.000,
1785142174.8820,PID,NORMAL_HOLD,325.50,237.11,316.85,278.719,219.158,399.012,278.625,218.113,400.000,269.912,209.867,401.127,0.988,-18.708,,,,,0,278.625,218.113,400.000,
1785142174.8883,PID,NORMAL_HOLD,325.50,237.18,316.85,278.720,219.122,399.013,278.625,218.113,400.000,270.246,210.610,400.668,0.987,-15.528,,,,,0,278.625,218.113,400.000,
1785142174.8931,PID,NORMAL_HOLD,325.50,237.11,316.54,278.716,219.217,399.209,278.625,218.113,400.000,270.437,210.252,399.186,0.791,-6.084,,,,,0,278.625,218.113,400.000,
1785142174.8976,PID,NORMAL_HOLD,325.67,237.28,316.17,278.875,219.089,399.436,278.625,218.113,400.000,269.634,211.297,397.532,0.564,4.213,,,,,0,278.625,218.113,400.000,
1785142174.9040,PID,NORMAL_HOLD,325.50,237.32,315.83,278.726,219.002,399.644,278.625,218.113,400.000,270.917,211.621,395.803,0.356,14.843,,,,,0,278.625,218.113,400.000,
1785142174.9084,PID,NORMAL_HOLD,325.00,237.69,315.59,278.273,218.745,399.798,278.625,218.113,400.000,273.301,212.763,394.892,0.202,20.186,,,,,0,278.625,218.113,400.000,
1785142174.9135,PID,NORMAL_HOLD,324.91,237.78,316.00,278.196,218.567,399.541,278.625,218.113,400.000,272.437,212.912,396.258,0.459,11.385,,,,,0,278.625,218.113,400.000,
1785142174.9204,PID,NORMAL_HOLD,324.50,237.76,316.50,277.822,218.560,399.234,278.625,218.113,400.000,273.678,212.063,398.492,0.766,-2.617,,,,,0,278.625,218.113,400.000,
1785142174.9243,PID,NORMAL_HOLD,325.00,237.50,316.19,278.270,218.856,399.427,278.625,218.113,400.000,269.789,209.959,398.290,0.573,-1.320,,,,,0,278.625,218.113,400.000,
1785142174.9290,PID,NORMAL_HOLD,325.10,237.28,315.80,278.357,219.008,399.664,278.625,218.113,400.000,269.810,209.726,396.984,0.336,6.783,,,,,0,278.625,218.113,400.000,
1785142174.9361,PID,NORMAL_HOLD,325.00,237.21,315.85,278.262,219.091,399.634,278.625,218.113,400.000,270.842,209.846,396.878,0.366,7.309,,,,,0,278.625,218.113,400.000,
1785142174.9378,PID,NORMAL_HOLD,324.87,237.22,314.86,278.144,219.117,400.247,278.625,218.113,400.000,271.440,210.269,393.976,-0.247,25.096,,,,,0,278.625,218.113,400.000,
1785142174.9428,PID,NORMAL_HOLD,324.69,237.28,314.81,277.983,219.052,400.280,278.625,218.113,400.000,271.972,210.964,393.363,-0.280,28.412,,,,,0,278.625,218.113,400.000,
1785142174.9499,PID,NORMAL_HOLD,324.50,237.50,314.48,277.811,218.884,400.487,278.625,218.113,400.000,272.345,211.909,393.104,-0.487,29.404,,,,,0,278.625,218.113,400.000,
1785142174.9542,PID,NORMAL_HOLD,324.50,237.63,314.81,277.815,218.772,400.280,278.625,218.113,400.000,271.583,212.123,394.383,-0.280,20.980,,,,,0,278.625,218.113,400.000,
1785142174.9594,PID,NORMAL_HOLD,324.38,237.55,314.47,277.705,218.833,400.493,278.625,218.113,400.000,271.848,211.246,394.216,-0.493,21.643,,,,,0,278.625,218.113,400.000,
1785142174.9669,PID,NORMAL_HOLD,324.69,237.28,315.43,277.984,219.023,399.899,278.625,218.113,400.000,269.850,210.112,397.432,0.101,1.430,,,,,0,278.625,218.113,400.000,
1785142174.9695,PID,NORMAL_HOLD,325.00,237.00,315.10,278.257,219.260,400.097,278.625,218.113,400.000,269.053,209.443,397.785,-0.097,-0.780,,,,,0,278.625,218.113,400.000,
1785142174.9743,PID,NORMAL_HOLD,324.50,237.00,314.59,277.793,219.340,400.424,278.625,218.113,400.000,273.068,209.633,396.298,-0.424,8.408,,,,,0,278.625,218.113,400.000,
1785142174.9834,PID,NORMAL_HOLD,324.73,236.95,314.19,277.999,219.433,400.668,278.625,218.113,400.000,270.791,209.736,394.770,-0.668,17.678,,,,,0,278.625,218.113,400.000,
1785142174.9855,PID,NORMAL_HOLD,325.00,236.88,313.59,278.249,219.469,401.033,278.625,218.113,400.000,269.419,210.104,392.847,-1.033,29.223,,,,,0,278.625,218.113,400.000,
1785142174.9888,PID,NORMAL_HOLD,324.50,237.00,313.59,277.793,219.372,401.041,278.625,218.113,400.000,272.440,210.982,392.786,-1.041,29.053,,,,,0,278.625,218.113,400.000,
1785142174.9960,PID,NORMAL_HOLD,325.00,237.00,313.50,278.254,219.353,401.090,278.625,218.113,400.000,268.905,211.041,393.183,-1.090,26.054,,,,,0,278.625,218.113,400.000,
1785142174.9993,PID,NORMAL_HOLD,325.00,237.00,313.99,278.256,219.311,400.784,278.625,218.113,400.000,269.806,211.204,395.360,-0.784,12.137,,,,,0,278.625,218.113,400.000,
1785142175.0046,PID,NORMAL_HOLD,324.91,236.88,314.50,278.171,219.423,400.473,278.625,218.113,400.000,270.750,210.415,398.089,-0.473,-4.971,,,,,0,278.625,218.113,400.000,
1785142175.0124,PID,NORMAL_HOLD,325.17,236.66,314.27,278.395,219.628,400.615,278.625,218.113,400.000,269.542,209.534,398.160,-0.615,-5.327,,,,,0,278.625,218.113,400.000,
1785142175.0153,PID,NORMAL_HOLD,325.00,236.50,314.20,278.237,219.773,400.662,278.625,218.113,400.000,270.994,209.362,397.829,-0.662,-3.185,,,,,0,278.625,218.113,400.000,
1785142175.0185,PID,NORMAL_HOLD,325.50,236.32,314.00,278.689,219.945,400.778,278.625,218.113,400.000,268.325,209.092,397.087,-0.778,1.454,,,,,0,278.625,218.113,400.000,
1785142175.0251,PID,NORMAL_HOLD,325.88,236.15,313.62,279.032,220.123,401.009,278.625,218.113,400.000,267.673,208.968,395.857,-1.009,8.984,,,,,0,278.625,218.113,400.000,
1785142175.0295,PID,NORMAL_HOLD,325.50,236.45,314.00,278.688,219.916,400.780,278.625,218.113,400.000,270.982,210.954,396.646,-0.780,3.939,,,,,0,278.625,218.113,400.000,
1785142175.0347,PID,NORMAL_HOLD,325.50,236.50,313.86,278.696,219.787,400.861,278.625,218.113,400.000,270.742,211.631,396.627,-0.861,3.983,,,,,0,278.625,218.113,400.000,
1785142175.0419,PID,NORMAL_HOLD,325.50,236.68,314.17,278.698,219.672,400.675,278.625,218.113,400.000,270.655,211.772,397.619,-0.675,-2.222,,,,,0,278.625,218.113,400.000,
1785142175.0447,PID,NORMAL_HOLD,325.70,236.72,314.43,278.881,219.665,400.509,278.625,218.113,400.000,269.487,211.319,398.712,-0.509,-8.927,,,,,0,278.625,218.113,400.000,
1785142175.0496,PID,NORMAL_HOLD,326.30,236.28,315.00,279.430,219.888,400.151,278.625,218.113,400.000,267.213,209.916,400.583,-0.151,-20.299,,,,,0,278.625,218.113,400.000,
1785142175.0564,PID,NORMAL_HOLD,326.13,236.22,315.14,279.261,220.064,400.068,278.625,218.113,400.000,269.800,209.270,401.252,-0.068,-24.053,,,,,0,278.625,218.113,400.000,
1785142175.0597,PID,NORMAL_HOLD,326.50,236.11,315.00,279.601,220.133,400.152,278.625,218.113,400.000,268.197,209.578,400.525,-0.152,-19.118,,,,,0,278.625,218.113,400.000,
1785142175.0652,PID,NORMAL_HOLD,326.50,236.11,315.15,279.600,220.149,400.060,278.625,218.113,400.000,269.265,210.018,400.279,-0.060,-17.244,,,,,0,278.625,218.113,400.000,
1785142175.0719,PID,NORMAL_HOLD,326.50,236.24,314.62,279.602,220.074,400.384,278.625,218.113,400.000,269.783,210.742,398.268,-0.384,-4.515,,,,,0,278.625,218.113,400.000,
1785142175.0748,PID,NORMAL_HOLD,326.00,236.50,314.50,279.155,219.778,400.463,278.625,218.113,400.000,272.197,212.124,397.017,-0.463,3.294,,,,,0,278.625,218.113,400.000,
1785142175.0799,PID,NORMAL_HOLD,326.00,236.69,314.81,279.158,219.660,400.275,278.625,218.113,400.000,271.305,212.247,397.573,-0.275,-0.197,,,,,0,278.625,218.113,400.000,
1785142175.0865,PID,NORMAL_HOLD,326.13,236.78,315.00,279.280,219.566,400.154,278.625,218.113,400.000,270.210,212.029,398.356,-0.154,-5.026,,,,,0,278.625,218.113,400.000,
1785142175.0892,PID,NORMAL_HOLD,326.00,236.79,316.00,279.165,219.514,399.538,278.625,218.113,400.000,270.919,211.690,401.490,0.462,-24.272,,,,,0,278.625,218.113,400.000,
1785142175.0943,PID,NORMAL_HOLD,326.04,236.74,315.98,279.197,219.632,399.551,278.625,218.113,400.000,270.492,210.543,402.028,0.449,-27.139,,,,,0,278.625,218.113,400.000,
1785142175.1004,PID,NORMAL_HOLD,326.00,236.54,316.00,279.155,219.753,399.540,278.625,218.113,400.000,270.690,210.014,401.641,0.460,-24.244,,,,,0,278.625,218.113,400.000,
1785142175.1046,PID,NORMAL_HOLD,326.29,236.50,315.74,279.416,219.799,399.699,278.625,218.113,400.000,269.159,210.134,400.191,0.301,-14.838,,,,,0,278.625,218.113,400.000,
1785142175.1121,PID,NORMAL_HOLD,326.30,236.67,315.49,279.431,219.684,399.853,278.625,218.113,400.000,269.681,211.102,398.639,0.147,-4.990,,,,,0,278.625,218.113,400.000,
1785142175.1187,PID,NORMAL_HOLD,326.00,236.85,315.20,279.161,219.563,400.036,278.625,218.113,400.000,271.549,211.613,396.957,-0.036,5.509,,,,,0,278.625,218.113,400.000,
1785142175.1206,PID,NORMAL_HOLD,326.00,237.00,315.00,279.169,219.393,400.155,278.625,218.113,400.000,270.955,212.161,395.972,-0.155,11.487,,,,,0,278.625,218.113,400.000,
1785142175.1247,PID,NORMAL_HOLD,326.00,237.00,315.54,279.175,219.294,399.821,278.625,218.113,400.000,270.663,212.073,397.478,0.179,1.980,,,,,0,278.625,218.113,400.000,
1785142175.1334,PID,NORMAL_HOLD,326.00,237.12,315.94,279.177,219.209,399.576,278.625,218.113,400.000,270.541,211.940,399.335,0.424,-9.532,,,,,0,278.625,218.113,400.000,
1785142175.1345,PID,NORMAL_HOLD,326.00,237.00,316.48,279.175,219.290,399.240,278.625,218.113,400.000,270.508,210.969,401.280,0.760,-21.338,,,,,0,278.625,218.113,400.000,
1785142175.1411,PID,NORMAL_HOLD,325.50,237.00,316.22,278.709,219.356,399.408,278.625,218.113,400.000,273.065,210.556,400.714,0.592,-17.441,,,,,0,278.625,218.113,400.000,
1785142175.1500,PID,NORMAL_HOLD,325.52,236.89,315.76,278.729,219.446,399.688,278.625,218.113,400.000,271.714,210.216,398.770,0.312,-5.114,,,,,0,278.625,218.113,400.000,
1785142175.1520,PID,NORMAL_HOLD,326.00,237.00,315.35,279.167,219.407,399.938,278.625,218.113,400.000,268.692,210.741,396.746,0.062,7.479,,,,,0,278.625,218.113,400.000,
1785142175.1567,PID,NORMAL_HOLD,325.50,237.11,315.60,278.714,219.252,399.786,278.625,218.113,400.000,272.080,211.656,396.954,0.214,6.053,,,,,0,278.625,218.113,400.000,
1785142175.1668,PID,NORMAL_HOLD,325.69,237.28,315.44,278.902,219.065,399.883,278.625,218.113,400.000,270.288,212.316,396.674,0.117,7.673,,,,,0,278.625,218.113,400.000,
1785142175.1686,PID,NORMAL_HOLD,325.29,237.61,315.51,278.543,218.794,399.841,278.625,218.113,400.000,272.368,213.114,396.954,0.159,5.800,,,,,0,278.625,218.113,400.000,
1785142175.1725,PID,NORMAL_HOLD,325.04,237.74,315.50,278.320,218.621,399.849,278.625,218.113,400.000,272.781,213.065,397.162,0.151,4.406,,,,,0,278.625,218.113,400.000,
1785142175.1784,PID,NORMAL_HOLD,325.30,237.52,316.38,278.553,218.793,399.301,278.625,218.113,400.000,270.466,211.130,400.175,0.699,-14.318,,,,,0,278.625,218.113,400.000,
1785142175.1814,PID,NORMAL_HOLD,325.50,237.32,315.80,278.725,219.013,399.661,278.625,218.113,400.000,269.690,209.986,399.045,0.339,-7.080,,,,,0,278.625,218.113,400.000,
1785142175.1863,PID,NORMAL_HOLD,325.36,237.38,315.97,278.597,218.976,399.560,278.625,218.113,400.000,270.937,210.704,398.983,0.440,-6.563,,,,,0,278.625,218.113,400.000,
1785142175.1933,PID,NORMAL_HOLD,325.36,237.38,315.49,278.596,219.000,399.859,278.625,218.113,400.000,270.783,210.705,397.354,0.141,3.618,,,,,0,278.625,218.113,400.000,
1785142175.1973,PID,NORMAL_HOLD,325.38,237.50,315.19,278.612,218.919,400.039,278.625,218.113,400.000,270.620,211.237,396.051,-0.039,11.573,,,,,0,278.625,218.113,400.000,
1785142175.2030,PID,NORMAL_HOLD,325.30,237.67,316.03,278.549,218.723,399.519,278.625,218.113,400.000,270.997,212.293,398.201,0.481,-1.881,,,,,0,278.625,218.113,400.000,
1785142175.2100,PID,NORMAL_HOLD,325.00,237.79,315.97,278.282,218.570,399.559,278.625,218.113,400.000,272.371,212.565,398.898,0.441,-6.170,,,,,0,278.625,218.113,400.000,
1785142175.2114,PID,NORMAL_HOLD,324.62,237.87,316.50,277.935,218.485,399.233,278.625,218.113,400.000,273.417,212.285,400.446,0.767,-15.583,,,,,0,278.625,218.113,400.000,
1785142175.2171,PID,NORMAL_HOLD,324.91,237.78,317.00,278.195,218.562,398.923,278.625,218.113,400.000,270.668,211.278,402.292,1.077,-26.705,,,,,0,278.625,218.113,400.000,
1785142175.2234,PID,NORMAL_HOLD,325.05,237.59,316.77,278.316,218.805,399.067,278.625,218.113,400.000,270.070,209.916,401.483,0.933,-21.189,,,,,0,278.625,218.113,400.000,
1785142175.2266,PID,NORMAL_HOLD,325.36,237.38,317.24,278.598,218.940,398.777,278.625,218.113,400.000,268.852,209.735,402.156,1.223,-24.930,,,,,0,278.625,218.113,400.000,
1785142175.2326,PID,NORMAL_HOLD,325.41,237.23,316.98,278.639,219.068,398.933,278.625,218.113,400.000,269.484,209.579,401.201,1.067,-18.586,,,,,0,278.625,218.113,400.000,
1785142175.2383,PID,NORMAL_HOLD,325.69,237.28,316.98,278.900,219.060,398.932,278.625,218.113,400.000,268.567,210.303,400.378,1.068,-13.155,,,,,0,278.625,218.113,400.000,
1785142175.2439,PID,NORMAL_HOLD,325.36,237.38,316.78,278.599,218.935,399.059,278.625,218.113,400.000,270.936,211.200,399.215,0.941,-5.739,,,,,0,278.625,218.113,400.000,
1785142175.2483,PID,NORMAL_HOLD,325.00,237.50,316.77,278.269,218.845,399.067,278.625,218.113,400.000,273.076,211.722,398.566,0.933,-1.609,,,,,0,278.625,218.113,400.000,
1785142175.2558,PID,NORMAL_HOLD,325.10,237.71,317.50,278.368,218.646,398.614,278.625,218.113,400.000,271.346,212.473,400.531,1.386,-13.709,,,,,0,278.625,218.113,400.000,
1785142175.2580,PID,NORMAL_HOLD,325.00,237.50,318.50,278.270,218.791,397.996,278.625,218.113,400.000,271.551,210.988,403.768,2.004,-33.392,,,,,0,278.625,218.113,400.000,
1785142175.2631,PID,NORMAL_HOLD,325.69,237.28,318.20,278.897,219.083,398.183,278.625,218.113,400.000,267.502,209.316,403.398,1.817,-30.486,,,,,0,278.625,218.113,400.000,
1785142175.2687,PID,NORMAL_HOLD,326.00,237.00,318.43,279.176,219.249,398.040,278.625,218.113,400.000,267.451,209.193,403.179,1.960,-28.541,,,,,0,278.625,218.113,400.000,
1785142175.2732,PID,NORMAL_HOLD,325.50,237.00,318.17,278.710,219.301,398.205,278.625,218.113,400.000,271.216,209.786,401.647,1.795,-18.532,,,,,0,278.625,218.113,400.000,
1785142175.2779,PID,NORMAL_HOLD,325.50,237.00,317.52,278.708,219.342,398.604,278.625,218.113,400.000,270.914,210.056,398.525,1.396,1.151,,,,,0,278.625,218.113,400.000,
1785142175.2835,PID,NORMAL_HOLD,326.00,237.00,317.58,279.170,219.345,398.567,278.625,218.113,400.000,268.204,210.437,397.859,1.433,5.240,,,,,0,278.625,218.113,400.000,
1785142175.2867,PID,NORMAL_HOLD,326.00,237.00,317.50,279.174,219.284,398.612,278.625,218.113,400.000,269.301,210.986,397.484,1.388,7.464,,,,,0,278.625,218.113,400.000,
1785142175.2918,PID,NORMAL_HOLD,325.66,237.15,317.53,278.868,219.165,398.596,278.625,218.113,400.000,271.661,211.627,397.588,1.404,6.690,,,,,0,278.625,218.113,400.000,
1785142175.3003,PID,NORMAL_HOLD,326.00,237.00,317.74,279.178,219.226,398.464,278.625,218.113,400.000,269.358,210.925,398.428,1.536,1.382,,,,,0,278.625,218.113,400.000,
1785142175.3022,PID,NORMAL_HOLD,326.00,237.00,318.30,279.172,219.305,398.121,278.625,218.113,400.000,269.934,210.474,400.357,1.879,-10.526,,,,,0,278.625,218.113,400.000,
1785142175.3070,PID,NORMAL_HOLD,325.50,236.89,317.50,278.707,219.406,398.616,278.625,218.113,400.000,272.498,210.168,398.498,1.384,1.137,,,,,0,278.625,218.113,400.000,
1785142175.3163,PID,NORMAL_HOLD,325.55,236.81,317.80,278.742,219.527,398.434,278.625,218.113,400.000,271.314,209.722,398.718,1.566,-0.241,,,,,0,278.625,218.113,400.000,
1785142175.3181,PID,NORMAL_HOLD,325.90,236.72,317.47,279.069,219.603,398.632,278.625,218.113,400.000,269.135,209.837,397.833,1.368,5.227,,,,,0,278.625,218.113,400.000,
1785142175.3227,PID,NORMAL_HOLD,325.91,236.78,317.25,279.074,219.570,398.771,278.625,218.113,400.000,269.777,210.475,396.981,1.229,10.388,,,,,0,278.625,218.113,400.000,
1785142175.3289,PID,NORMAL_HOLD,325.53,236.89,317.19,278.726,219.482,398.810,278.625,218.113,400.000,272.187,211.154,396.680,1.190,12.062,,,,,0,278.625,218.113,400.000,
1785142175.3317,PID,NORMAL_HOLD,325.98,236.91,317.50,279.154,219.363,398.613,278.625,218.113,400.000,268.999,211.644,397.791,1.387,4.991,,,,,0,278.625,218.113,400.000,
1785142175.3378,PID,NORMAL_HOLD,326.00,237.00,317.80,279.173,219.299,398.429,278.625,218.113,400.000,269.620,211.595,399.163,1.571,-3.554,,,,,0,278.625,218.113,400.000,
1785142175.3451,PID,NORMAL_HOLD,326.34,236.85,318.10,279.476,219.477,398.245,278.625,218.113,400.000,268.305,210.215,400.839,1.755,-13.909,,,,,0,278.625,218.113,400.000,
1785142175.3489,PID,NORMAL_HOLD,326.00,236.79,317.98,279.158,219.600,398.320,278.625,218.113,400.000,271.072,209.835,400.493,1.680,-11.503,,,,,0,278.625,218.113,400.000,
1785142175.3529,PID,NORMAL_HOLD,326.10,236.71,317.97,279.251,219.620,398.327,278.625,218.113,400.000,270.232,210.190,400.120,1.673,-8.984,,,,,0,278.625,218.113,400.000,
1785142175.3590,PID,NORMAL_HOLD,326.50,236.50,317.74,279.615,219.787,398.467,278.625,218.113,400.000,268.306,209.552,399.096,1.533,-2.497,,,,,0,278.625,218.113,400.000,
1785142175.3602,PID,NORMAL_HOLD,326.14,236.70,317.27,279.286,219.658,398.758,278.625,218.113,400.000,271.146,210.851,397.264,1.242,8.859,,,,,0,278.625,218.113,400.000,
1785142175.3648,PID,NORMAL_HOLD,326.09,236.77,317.19,279.247,219.586,398.804,278.625,218.113,400.000,270.996,211.207,396.628,1.196,12.616,,,,,0,278.625,218.113,400.000,
1785142175.3735,PID,NORMAL_HOLD,326.00,237.00,317.22,279.168,219.375,398.789,278.625,218.113,400.000,271.108,212.059,396.709,1.211,11.888,,,,,0,278.625,218.113,400.000,
1785142175.3767,PID,NORMAL_HOLD,326.00,237.00,317.37,279.170,219.345,398.694,278.625,218.113,400.000,270.763,211.632,397.477,1.306,6.930,,,,,0,278.625,218.113,400.000,
1785142175.3821,PID,NORMAL_HOLD,326.00,237.00,317.86,279.168,219.366,398.391,278.625,218.113,400.000,270.611,211.133,399.347,1.609,-4.726,,,,,0,278.625,218.113,400.000,
1785142175.3894,PID,NORMAL_HOLD,326.50,236.89,317.78,279.623,219.516,398.443,278.625,218.113,400.000,267.725,210.060,399.690,1.557,-6.753,,,,,0,278.625,218.113,400.000,
1785142175.3906,PID,NORMAL_HOLD,326.55,236.81,317.47,279.662,219.591,398.631,278.625,218.113,400.000,268.813,210.035,398.738,1.369,-0.746,,,,,0,278.625,218.113,400.000,
1785142175.3956,PID,NORMAL_HOLD,327.10,236.35,317.27,280.171,219.863,398.750,278.625,218.113,400.000,266.427,208.728,397.874,1.250,4.585,,,,,0,278.625,218.113,400.000,
1785142175.4021,PID,NORMAL_HOLD,326.86,236.71,316.50,279.948,219.711,399.229,278.625,218.113,400.000,269.481,210.524,395.243,0.771,20.755,,,,,0,278.625,218.113,400.000,
1785142175.4075,PID,NORMAL_HOLD,326.91,236.78,316.55,279.994,219.616,399.197,278.625,218.113,400.000,269.583,211.161,394.974,0.803,22.032,,,,,0,278.625,218.113,400.000,
1785142175.4130,PID,NORMAL_HOLD,326.50,236.89,316.88,279.627,219.456,398.997,278.625,218.113,400.000,271.744,211.771,396.348,1.003,13.143,,,,,0,278.625,218.113,400.000,
1785142175.4205,PID,NORMAL_HOLD,326.50,236.89,317.38,279.628,219.437,398.683,278.625,218.113,400.000,271.017,211.343,398.049,1.317,2.547,,,,,0,278.625,218.113,400.000,
1785142175.4267,PID,NORMAL_HOLD,326.53,236.89,317.25,279.645,219.551,398.770,278.625,218.113,400.000,270.565,210.428,398.708,1.230,-1.564,,,,,0,278.625,218.113,400.000,
1785142175.4313,PID,NORMAL_HOLD,326.72,236.59,317.19,279.817,219.739,398.803,278.625,218.113,400.000,269.500,209.587,398.758,1.197,-1.839,,,,,0,278.625,218.113,400.000,
1785142175.4376,PID,NORMAL_HOLD,327.41,236.23,316.78,280.445,220.022,399.052,278.625,218.113,400.000,266.295,208.544,397.563,0.948,5.563,,,,,0,278.625,218.113,400.000,
1785142175.4401,PID,NORMAL_HOLD,327.28,236.41,316.77,280.329,219.920,399.059,278.625,218.113,400.000,268.818,210.153,397.210,0.941,7.640,,,,,0,278.625,218.113,400.000,
1785142175.4470,PID,NORMAL_HOLD,326.70,236.64,316.49,279.804,219.710,399.235,278.625,218.113,400.000,272.242,211.520,396.329,0.765,12.957,,,,,0,278.625,218.113,400.000,
1785142175.4539,PID,NORMAL_HOLD,326.90,236.72,316.47,279.988,219.654,399.243,278.625,218.113,400.000,270.214,211.435,396.341,0.757,12.635,,,,,0,278.625,218.113,400.000,
1785142175.4573,PID,NORMAL_HOLD,326.50,236.82,316.67,279.623,219.547,399.121,278.625,218.113,400.000,272.364,211.722,397.196,0.879,7.127,,,,,0,278.625,218.113,400.000,
1785142175.4622,PID,NORMAL_HOLD,326.55,236.81,317.25,279.662,219.590,398.769,278.625,218.113,400.000,271.114,211.009,399.366,1.231,-6.392,,,,,0,278.625,218.113,400.000,
1785142175.4686,PID,NORMAL_HOLD,326.90,236.72,317.43,279.985,219.707,398.660,278.625,218.113,400.000,268.917,210.233,400.484,1.340,-13.160,,,,,0,278.625,218.113,400.000,
1785142175.4711,PID,NORMAL_HOLD,327.41,236.23,317.57,280.450,219.958,398.566,278.625,218.113,400.000,266.911,209.057,401.044,1.434,-16.359,,,,,0,278.625,218.113,400.000,
1785142175.4758,PID,NORMAL_HOLD,327.41,236.23,317.46,280.446,220.012,398.633,278.625,218.113,400.000,268.499,209.545,400.597,1.367,-13.298,,,,,0,278.625,218.113,400.000,
1785142175.4836,PID,NORMAL_HOLD,327.50,236.18,316.78,280.528,220.047,399.051,278.625,218.113,400.000,268.840,209.900,398.138,0.949,2.119,,,,,0,278.625,218.113,400.000,
1785142175.4861,PID,NORMAL_HOLD,327.28,236.41,316.76,280.331,219.899,399.067,278.625,218.113,400.000,270.504,211.062,397.199,0.933,7.881,,,,,0,278.625,218.113,400.000,
1785142175.4906,PID,NORMAL_HOLD,326.86,236.71,316.97,279.952,219.657,398.939,278.625,218.113,400.000,272.592,212.331,397.666,1.061,4.857,,,,,0,278.625,218.113,400.000,
1785142175.4999,PID,NORMAL_HOLD,326.50,236.82,317.00,279.621,219.576,398.922,278.625,218.113,400.000,273.167,211.964,398.024,1.078,2.563,,,,,0,278.625,218.113,400.000,
1785142175.5011,PID,NORMAL_HOLD,326.50,236.82,317.19,279.618,219.616,398.809,278.625,218.113,400.000,271.744,211.128,398.766,1.191,-2.068,,,,,0,278.625,218.113,400.000,
1785142175.5057,PID,NORMAL_HOLD,327.15,236.33,317.56,280.207,219.948,398.572,278.625,218.113,400.000,267.716,209.072,400.124,1.428,-10.405,,,,,0,278.625,218.113,400.000,
1785142175.5170,PID,NORMAL_HOLD,326.66,236.15,317.22,279.752,220.108,398.785,278.625,218.113,400.000,270.246,209.385,399.330,1.215,-5.298,,,,,0,278.625,218.113,400.000,
1785142175.5210,PID,NORMAL_HOLD,326.69,236.28,317.23,279.780,220.071,398.779,278.625,218.113,400.000,270.097,210.192,398.962,1.221,-2.926,,,,,0,278.625,218.113,400.000,
1785142175.5284,PID,NORMAL_HOLD,326.69,236.28,317.00,279.785,219.988,398.924,278.625,218.113,400.000,270.138,210.832,397.995,1.076,3.116,,,,,0,278.625,218.113,400.000,
1785142175.5338,PID,NORMAL_HOLD,326.05,236.59,317.16,279.199,219.754,398.828,278.625,218.113,400.000,273.678,212.121,398.236,1.172,1.574,,,,,0,278.625,218.113,400.000,
1785142175.5363,PID,NORMAL_HOLD,325.90,236.65,317.08,279.059,219.699,398.876,278.625,218.113,400.000,272.776,211.695,398.132,1.124,2.189,,,,,0,278.625,218.113,400.000,
1785142175.5430,PID,NORMAL_HOLD,326.00,236.50,317.97,279.151,219.814,398.328,278.625,218.113,400.000,271.123,210.577,400.871,1.672,-14.771,,,,,0,278.625,218.113,400.000,
1785142175.5500,PID,NORMAL_HOLD,326.41,236.23,318.18,279.523,220.005,398.194,278.625,218.113,400.000,268.431,209.428,402.026,1.806,-21.594,,,,,0,278.625,218.113,400.000,
1785142175.5526,PID,NORMAL_HOLD,326.62,236.16,318.22,279.713,220.141,398.174,278.625,218.113,400.000,268.320,209.265,402.065,1.826,-21.419,,,,,0,278.625,218.113,400.000,
1785142175.5579,PID,NORMAL_HOLD,326.50,236.00,318.23,279.598,220.221,398.169,278.625,218.113,400.000,269.926,209.472,401.711,1.831,-18.841,,,,,0,278.625,218.113,400.000,
1785142175.5677,PID,NORMAL_HOLD,326.72,236.06,317.78,279.800,220.216,398.444,278.625,218.113,400.000,268.984,210.037,399.804,1.556,-6.720,,,,,0,278.625,218.113,400.000,
1785142175.5699,PID,NORMAL_HOLD,326.50,236.11,317.81,279.607,220.040,398.422,278.625,218.113,400.000,270.578,211.179,399.092,1.578,-2.194,,,,,0,278.625,218.113,400.000,
1785142175.5730,PID,NORMAL_HOLD,325.50,236.50,317.50,278.694,219.741,398.617,278.625,218.113,400.000,276.159,212.769,397.894,1.383,5.230,,,,,0,278.625,218.113,400.000,
1785142175.5837,PID,NORMAL_HOLD,325.50,236.50,317.92,278.694,219.739,398.357,278.625,218.113,400.000,273.362,211.734,398.577,1.643,0.974,,,,,0,278.625,218.113,400.000,
1785142175.5869,PID,NORMAL_HOLD,325.50,236.50,317.95,278.692,219.762,398.342,278.625,218.113,400.000,271.972,211.080,399.052,1.658,-1.965,,,,,0,278.625,218.113,400.000,
1785142175.5921,PID,NORMAL_HOLD,325.50,236.50,317.79,278.691,219.783,398.442,278.625,218.113,400.000,271.274,210.761,398.696,1.558,0.279,,,,,0,278.625,218.113,400.000,
1785142175.6005,PID,NORMAL_HOLD,325.00,236.61,317.52,278.232,219.698,398.609,278.625,218.113,400.000,273.452,211.191,397.828,1.391,5.622,,,,,0,278.625,218.113,400.000,
1785142175.6037,PID,NORMAL_HOLD,325.50,236.50,316.94,278.693,219.772,398.966,278.625,218.113,400.000,269.490,210.525,395.819,1.034,17.935,,,,,0,278.625,218.113,400.000,
1785142175.6089,PID,NORMAL_HOLD,325.00,236.79,316.97,278.240,219.534,398.948,278.625,218.113,400.000,272.520,211.910,395.751,1.052,17.998,,,,,0,278.625,218.113,400.000,
1785142175.6172,PID,NORMAL_HOLD,325.34,236.85,316.75,278.557,219.424,399.079,278.625,218.113,400.000,269.807,211.957,395.283,0.921,20.589,,,,,0,278.625,218.113,400.000,
1785142175.6191,PID,NORMAL_HOLD,324.86,237.10,316.65,278.122,219.261,399.143,278.625,218.113,400.000,272.591,212.261,395.389,0.857,19.544,,,,,0,278.625,218.113,400.000,
1785142175.6219,PID,NORMAL_HOLD,325.00,237.00,316.75,278.248,219.337,399.082,278.625,218.113,400.000,270.933,211.103,396.142,0.918,14.534,,,,,0,278.625,218.113,400.000,
1785142175.6278,PID,NORMAL_HOLD,325.00,237.00,316.50,278.245,219.399,399.239,278.625,218.113,400.000,270.836,210.613,396.038,0.761,14.895,,,,,0,278.625,218.113,400.000,
1785142175.6324,PID,NORMAL_HOLD,325.00,237.00,316.45,278.246,219.387,399.269,278.625,218.113,400.000,270.763,210.758,396.108,0.731,14.197,,,,,0,278.625,218.113,400.000,
1785142175.6378,PID,NORMAL_HOLD,325.50,236.89,315.97,278.701,219.514,399.564,278.625,218.113,400.000,267.921,209.989,394.926,0.436,21.256,,,,,0,278.625,218.113,400.000,
1785142175.6456,PID,NORMAL_HOLD,325.50,236.89,315.19,278.703,219.500,400.042,278.625,218.113,400.000,269.230,210.452,392.862,-0.042,33.576,,,,,0,278.625,218.113,400.000,
1785142175.6487,PID,NORMAL_HOLD,325.50,237.00,315.34,278.715,219.295,399.944,278.625,218.113,400.000,269.837,211.649,393.280,0.056,30.374,,,,,0,278.625,218.113,400.000,
1785142175.6519,PID,NORMAL_HOLD,326.00,237.00,315.52,279.177,219.263,399.833,278.625,218.113,400.000,267.442,211.421,394.643,0.167,21.393,,,,,0,278.625,218.113,400.000,
1785142175.6575,PID,NORMAL_HOLD,325.36,237.38,314.92,278.595,219.034,400.208,278.625,218.113,400.000,272.099,212.365,393.801,-0.208,26.191,,,,,0,278.625,218.113,400.000,
1785142175.6635,PID,NORMAL_HOLD,325.69,237.28,315.54,278.895,219.153,399.826,278.625,218.113,400.000,269.610,210.941,395.927,0.174,12.584,,,,,0,278.625,218.113,400.000,
1785142175.6691,PID,NORMAL_HOLD,326.25,237.06,315.54,279.407,219.279,399.820,278.625,218.113,400.000,267.211,210.200,396.998,0.180,5.742,,,,,0,278.625,218.113,400.000,
1785142175.6757,PID,NORMAL_HOLD,326.00,237.00,315.18,279.172,219.339,400.040,278.625,218.113,400.000,270.093,210.171,396.454,-0.040,8.989,,,,,0,278.625,218.113,400.000,
1785142175.6784,PID,NORMAL_HOLD,326.00,237.00,314.51,279.171,219.356,400.458,278.625,218.113,400.000,270.260,210.388,394.625,-0.458,20.064,,,,,0,278.625,218.113,400.000,
1785142175.6837,PID,NORMAL_HOLD,326.50,237.00,314.35,279.629,219.384,400.549,278.625,218.113,400.000,267.800,210.437,393.623,-0.549,25.921,,,,,0,278.625,218.113,400.000,
1785142175.6902,PID,NORMAL_HOLD,326.50,237.00,314.00,279.638,219.268,400.761,278.625,218.113,400.000,268.995,211.237,393.034,-0.761,29.062,,,,,0,278.625,218.113,400.000,
1785142175.6927,PID,NORMAL_HOLD,325.69,237.28,313.47,278.905,219.049,401.095,278.625,218.113,400.000,273.942,212.313,391.840,-1.095,35.880,,,,,0,278.625,218.113,400.000,
1785142175.6991,PID,NORMAL_HOLD,325.50,237.63,313.47,278.729,218.877,401.101,278.625,218.113,400.000,273.176,212.533,392.324,-1.101,32.189,,,,,0,278.625,218.113,400.000,
1785142175.7052,PID,NORMAL_HOLD,326.09,237.17,313.81,279.265,219.142,400.885,278.625,218.113,400.000,268.827,210.235,394.108,-0.885,20.581,,,,,0,278.625,218.113,400.000,
1785142175.7084,PID,NORMAL_HOLD,326.09,237.17,313.76,279.261,219.201,400.918,278.625,218.113,400.000,269.632,210.209,395.080,-0.918,14.197,,,,,0,278.625,218.113,400.000,
1785142175.7145,PID,NORMAL_HOLD,325.87,237.22,313.76,279.061,219.170,400.920,278.625,218.113,400.000,271.110,210.695,395.723,-0.920,9.962,,,,,0,278.625,218.113,400.000,
1785142175.7206,PID,NORMAL_HOLD,325.87,237.22,313.54,279.059,219.198,401.057,278.625,218.113,400.000,270.789,210.615,395.546,-1.057,10.860,,,,,0,278.625,218.113,400.000,
1785142175.7231,PID,NORMAL_HOLD,326.35,237.04,312.88,279.493,219.313,401.455,278.625,218.113,400.000,268.144,210.068,393.751,-1.455,21.740,,,,,0,278.625,218.113,400.000,
1785142175.7283,PID,NORMAL_HOLD,325.69,237.28,313.26,278.903,219.075,401.224,278.625,218.113,400.000,272.381,211.704,394.719,-1.224,15.360,,,,,0,278.625,218.113,400.000,
1785142175.7353,PID,NORMAL_HOLD,325.38,237.50,313.24,278.616,218.908,401.246,278.625,218.113,400.000,273.096,212.255,395.332,-1.246,11.280,,,,,0,278.625,218.113,400.000,
1785142175.7378,PID,NORMAL_HOLD,325.25,237.62,313.46,278.502,218.832,401.113,278.625,218.113,400.000,272.484,212.013,396.419,-1.113,4.361,,,,,0,278.625,218.113,400.000,
1785142175.7445,PID,NORMAL_HOLD,325.29,237.61,313.49,278.538,218.903,401.096,278.625,218.113,400.000,271.349,211.082,397.016,-1.096,0.592,,,,,0,278.625,218.113,400.000,
1785142175.7496,PID,NORMAL_HOLD,325.69,237.28,314.17,278.900,219.103,400.669,278.625,218.113,400.000,268.972,209.895,399.256,-0.669,-13.237,,,,,0,278.625,218.113,400.000,
1785142175.7525,PID,NORMAL_HOLD,325.67,237.28,314.52,278.874,219.124,400.454,278.625,218.113,400.000,269.866,210.274,400.847,-0.454,-22.823,,,,,0,278.625,218.113,400.000,
1785142175.7590,PID,NORMAL_HOLD,325.62,237.16,314.54,278.831,219.207,400.442,278.625,218.113,400.000,270.455,210.049,400.940,-0.442,-22.971,,,,,0,278.625,218.113,400.000,
1785142175.7671,PID,NORMAL_HOLD,326.05,237.11,313.95,279.218,219.260,400.797,278.625,218.113,400.000,268.338,210.142,398.771,-0.797,-9.162,,,,,0,278.625,218.113,400.000,
1785142175.7691,PID,NORMAL_HOLD,326.00,237.12,314.17,279.180,219.189,400.664,278.625,218.113,400.000,269.578,210.871,398.437,-0.664,-6.942,,,,,0,278.625,218.113,400.000,
1785142175.7740,PID,NORMAL_HOLD,325.67,237.28,314.46,278.882,219.019,400.484,278.625,218.113,400.000,271.596,211.765,398.992,-0.484,-10.229,,,,,0,278.625,218.113,400.000,
1785142175.7839,PID,NORMAL_HOLD,325.05,237.59,314.46,278.318,218.848,400.493,278.625,218.113,400.000,274.350,212.328,398.932,-0.493,-9.669,,,,,0,278.625,218.113,400.000,
1785142175.7852,PID,NORMAL_HOLD,324.80,237.62,314.98,278.081,218.869,400.176,278.625,218.113,400.000,273.841,211.510,400.244,-0.176,-17.593,,,,,0,278.625,218.113,400.000,
1785142175.7886,PID,NORMAL_HOLD,325.67,237.28,315.74,278.875,219.091,399.701,278.625,218.113,400.000,267.917,209.994,402.415,0.299,-30.618,,,,,0,278.625,218.113,400.000,
1785142175.7950,PID,NORMAL_HOLD,326.00,237.00,315.54,279.175,219.294,399.821,278.625,218.113,400.000,267.537,209.299,402.210,0.179,-28.816,,,,,0,278.625,218.113,400.000,
1785142175.7997,PID,NORMAL_HOLD,326.00,237.00,315.37,279.171,219.355,399.926,278.625,218.113,400.000,268.997,209.730,400.883,0.074,-20.091,,,,,0,278.625,218.113,400.000,
1785142175.8044,PID,NORMAL_HOLD,326.00,237.00,315.35,279.171,219.355,399.938,278.625,218.113,400.000,269.705,210.252,399.906,0.062,-13.688,,,,,0,278.625,218.113,400.000,
1785142175.8109,PID,NORMAL_HOLD,326.05,237.11,315.54,279.218,219.246,399.822,278.625,218.113,400.000,269.800,211.116,399.774,0.178,-12.611,,,,,0,278.625,218.113,400.000,
1785142175.8154,PID,NORMAL_HOLD,326.00,237.00,315.74,279.179,219.236,399.695,278.625,218.113,400.000,270.312,211.023,400.025,0.305,-13.908,,,,,0,278.625,218.113,400.000,
1785142175.8183,PID,NORMAL_HOLD,325.36,237.38,315.53,278.592,219.055,399.834,278.625,218.113,400.000,273.738,211.955,399.190,0.166,-8.499,,,,,0,278.625,218.113,400.000,
1785142175.8244,PID,NORMAL_HOLD,325.69,237.28,315.94,278.897,219.123,399.579,278.625,218.113,400.000,270.457,211.033,399.868,0.421,-12.514,,,,,0,278.625,218.113,400.000,
1785142175.8299,PID,NORMAL_HOLD,326.00,237.00,316.21,279.169,219.371,399.409,278.625,218.113,400.000,268.973,209.570,400.726,0.591,-17.580,,,,,0,278.625,218.113,400.000,
1785142175.8346,PID,NORMAL_HOLD,325.50,237.00,316.23,278.705,219.418,399.405,278.625,218.113,400.000,272.302,209.909,400.612,0.595,-16.545,,,,,0,278.625,218.113,400.000,
1785142175.8406,PID,NORMAL_HOLD,325.53,236.89,315.79,278.726,219.505,399.674,278.625,218.113,400.000,271.310,209.856,398.979,0.326,-6.172,,,,,0,278.625,218.113,400.000,
1785142175.8446,PID,NORMAL_HOLD,325.91,236.78,315.79,279.075,219.572,399.670,278.625,218.113,400.000,268.960,209.911,398.194,0.330,-1.200,,,,,0,278.625,218.113,400.000,
1785142175.8498,PID,NORMAL_HOLD,326.00,236.88,315.78,279.163,219.508,399.677,278.625,218.113,400.000,269.213,210.668,397.873,0.323,0.805,,,,,0,278.625,218.113,400.000,
1785142175.8564,PID,NORMAL_HOLD,325.50,237.00,315.59,278.708,219.382,399.798,278.625,218.113,400.000,272.398,211.410,397.177,0.202,5.093,,,,,0,278.625,218.113,400.000,
1785142175.8591,PID,NORMAL_HOLD,326.00,237.00,316.00,279.171,219.348,399.538,278.625,218.113,400.000,268.935,211.278,398.255,0.462,-1.641,,,,,0,278.625,218.113,400.000,
1785142175.8642,PID,NORMAL_HOLD,326.00,237.00,316.50,279.165,219.425,399.233,278.625,218.113,400.000,269.705,210.602,400.284,0.767,-14.168,,,,,0,278.625,218.113,400.000,
1785142175.8702,PID,NORMAL_HOLD,326.00,237.00,316.47,279.161,219.482,399.251,278.625,218.113,400.000,270.079,210.385,400.452,0.749,-14.935,,,,,0,278.625,218.113,400.000,
1785142175.8754,PID,NORMAL_HOLD,326.09,236.77,316.98,279.245,219.618,398.935,278.625,218.113,400.000,269.763,209.771,401.809,1.065,-23.047,,,,,0,278.625,218.113,400.000,
1785142175.8806,PID,NORMAL_HOLD,326.26,236.68,317.00,279.399,219.698,398.924,278.625,218.113,400.000,269.171,209.760,401.752,1.076,-22.256,,,,,0,278.625,218.113,400.000,
1785142175.8872,PID,NORMAL_HOLD,326.50,236.68,316.50,279.615,219.707,399.230,278.625,218.113,400.000,269.116,210.185,399.788,0.770,-9.725,,,,,0,278.625,218.113,400.000,
1785142175.8912,PID,NORMAL_HOLD,326.31,236.72,316.27,279.439,219.658,399.373,278.625,218.113,400.000,270.679,210.699,398.120,0.627,0.767,,,,,0,278.625,218.113,400.000,
1785142175.8979,PID,NORMAL_HOLD,326.34,236.85,316.52,279.473,219.514,399.215,278.625,218.113,400.000,270.308,211.499,398.346,0.785,-0.640,,,,,0,278.625,218.113,400.000,
1785142175.9039,PID,NORMAL_HOLD,326.50,236.82,316.67,279.623,219.547,399.121,278.625,218.113,400.000,269.504,210.932,398.857,0.879,-3.778,,,,,0,278.625,218.113,400.000,
1785142175.9063,PID,NORMAL_HOLD,326.31,236.72,317.25,279.442,219.616,398.769,278.625,218.113,400.000,270.880,210.440,400.443,1.231,-13.439,,,,,0,278.625,218.113,400.000,
1785142175.9131,PID,NORMAL_HOLD,326.50,236.50,317.57,279.615,219.787,398.572,278.625,218.113,400.000,269.576,209.549,402.114,1.428,-23.572,,,,,0,278.625,218.113,400.000,
1785142175.9201,PID,NORMAL_HOLD,327.46,236.19,317.76,280.492,220.002,398.451,278.625,218.113,400.000,265.149,208.921,402.542,1.549,-25.764,,,,,0,278.625,218.113,400.000,
1785142175.9217,PID,NORMAL_HOLD,326.74,236.32,317.56,279.824,219.971,398.577,278.625,218.113,400.000,271.351,209.919,401.509,1.423,-18.900,,,,,0,278.625,218.113,400.000,
1785142175.9264,PID,NORMAL_HOLD,327.00,236.28,316.97,280.066,220.017,398.936,278.625,218.113,400.000,269.419,209.987,399.021,1.064,-3.201,,,,,0,278.625,218.113,400.000,
1785142175.9332,PID,NORMAL_HOLD,326.50,236.63,317.01,279.614,219.745,398.917,278.625,218.113,400.000,272.250,211.765,398.186,1.083,2.006,,,,,0,278.625,218.113,400.000,
1785142175.9376,PID,NORMAL_HOLD,326.50,236.76,317.25,279.620,219.608,398.769,278.625,218.113,400.000,271.227,211.986,398.633,1.231,-0.793,,,,,0,278.625,218.113,400.000,
1785142175.9427,PID,NORMAL_HOLD,326.09,236.77,317.10,279.246,219.604,398.863,278.625,218.113,400.000,272.776,211.354,398.285,1.137,1.374,,,,,0,278.625,218.113,400.000,
1785142175.9501,PID,NORMAL_HOLD,326.14,236.70,318.00,279.284,219.677,398.309,278.625,218.113,400.000,271.362,210.606,400.773,1.691,-13.974,,,,,0,278.625,218.113,400.000,
1785142175.9532,PID,NORMAL_HOLD,326.74,236.32,318.00,279.829,219.905,398.305,278.625,218.113,400.000,267.862,209.378,401.464,1.695,-17.973,,,,,0,278.625,218.113,400.000,
1785142175.9582,PID,NORMAL_HOLD,326.70,236.21,318.00,279.793,220.016,398.308,278.625,218.113,400.000,269.242,209.345,401.251,1.692,-16.313,,,,,0,278.625,218.113,400.000,
1785142175.9670,PID,NORMAL_HOLD,326.66,236.15,317.59,279.754,220.087,398.560,278.625,218.113,400.000,269.927,209.586,399.602,1.440,-5.827,,,,,0,278.625,218.113,400.000,
1785142175.9690,PID,NORMAL_HOLD,326.69,236.28,317.58,279.784,220.018,398.567,278.625,218.113,400.000,269.902,210.469,398.858,1.433,-1.123,,,,,0,278.625,218.113,400.000,
1785142175.9725,PID,NORMAL_HOLD,326.05,236.59,317.76,279.199,219.753,398.459,278.625,218.113,400.000,273.314,211.985,399.080,1.541,-2.464,,,,,0,278.625,218.113,400.000,
1785142175.9838,PID,NORMAL_HOLD,326.00,236.61,317.21,279.154,219.726,398.798,278.625,218.113,400.000,271.986,211.389,398.148,1.202,3.183,,,,,0,278.625,218.113,400.000,
1785142175.9864,PID,NORMAL_HOLD,326.28,236.41,317.76,279.411,219.848,398.456,278.625,218.113,400.000,269.786,210.345,399.031,1.544,-2.317,,,,,0,278.625,218.113,400.000,
1785142175.9927,PID,NORMAL_HOLD,326.50,236.18,317.81,279.608,220.006,398.423,278.625,218.113,400.000,268.958,209.591,399.509,1.577,-5.224,,,,,0,278.625,218.113,400.000,
1785142175.9998,PID,NORMAL_HOLD,326.66,236.15,317.58,279.755,220.072,398.566,278.625,218.113,400.000,268.815,209.715,398.855,1.434,-1.090,,,,,0,278.625,218.113,400.000,
1785142176.0025,PID,NORMAL_HOLD,326.50,236.11,317.37,279.602,220.123,398.697,278.625,218.113,400.000,270.385,209.837,397.949,1.303,4.530,,,,,0,278.625,218.113,400.000,
1785142176.0073,PID,NORMAL_HOLD,326.69,236.28,316.59,279.782,220.037,399.176,278.625,218.113,400.000,269.325,210.652,395.585,0.824,18.997,,,,,0,278.625,218.113,400.000,
1785142176.0169,PID,NORMAL_HOLD,326.00,236.50,316.19,279.154,219.782,399.423,278.625,218.113,400.000,273.194,211.988,393.630,0.577,30.768,,,,,0,278.625,218.113,400.000,
1785142176.0194,PID,NORMAL_HOLD,326.00,236.69,316.27,279.156,219.673,399.374,278.625,218.113,400.000,271.784,211.943,394.032,0.626,27.715,,,,,0,278.625,218.113,400.000,
1785142176.0223,PID,NORMAL_HOLD,326.00,236.69,316.21,279.155,219.695,399.415,278.625,218.113,400.000,271.101,211.178,394.599,0.585,23.698,,,,,0,278.625,218.113,400.000,
1785142176.0287,PID,NORMAL_HOLD,326.69,236.28,316.22,279.789,219.938,399.401,278.625,218.113,400.000,267.627,209.711,395.385,0.599,18.404,,,,,0,278.625,218.113,400.000,
1785142176.0322,PID,NORMAL_HOLD,326.50,236.18,316.50,279.609,219.994,399.227,278.625,218.113,400.000,270.143,209.759,396.919,0.773,8.600,,,,,0,278.625,218.113,400.000,
1785142176.0370,PID,NORMAL_HOLD,326.50,236.18,315.95,279.608,220.002,399.564,278.625,218.113,400.000,270.207,210.109,396.025,0.436,13.958,,,,,0,278.625,218.113,400.000,
1785142176.0440,PID,NORMAL_HOLD,326.69,236.28,314.98,279.783,220.023,400.164,278.625,218.113,400.000,269.357,210.222,393.432,-0.164,29.631,,,,,0,278.625,218.113,400.000,
1785142176.0471,PID,NORMAL_HOLD,326.00,236.50,315.18,279.153,219.807,400.046,278.625,218.113,400.000,273.612,211.690,393.397,-0.046,29.321,,,,,0,278.625,218.113,400.000,
1785142176.0541,PID,NORMAL_HOLD,326.00,236.76,314.49,279.159,219.634,400.472,278.625,218.113,400.000,271.973,212.141,391.986,-0.472,37.503,,,,,0,278.625,218.113,400.000,
1785142176.0613,PID,NORMAL_HOLD,325.91,236.78,314.69,279.075,219.589,400.350,278.625,218.113,400.000,271.644,211.642,392.974,-0.350,30.708,,,,,0,278.625,218.113,400.000,
1785142176.0642,PID,NORMAL_HOLD,326.00,236.76,314.50,279.157,219.660,400.466,278.625,218.113,400.000,270.594,210.775,393.463,-0.466,27.113,,,,,0,278.625,218.113,400.000,
1785142176.0695,PID,NORMAL_HOLD,326.38,236.50,315.17,279.498,219.804,400.047,278.625,218.113,400.000,268.638,209.927,396.248,-0.047,9.424,,,,,0,278.625,218.113,400.000,
1785142176.0764,PID,NORMAL_HOLD,326.50,236.32,314.87,279.610,219.932,400.230,278.625,218.113,400.000,268.822,209.524,396.577,-0.230,7.211,,,,,0,278.625,218.113,400.000,
1785142176.0782,PID,NORMAL_HOLD,326.50,236.32,314.88,279.608,219.947,400.227,278.625,218.113,400.000,269.547,209.955,396.870,-0.227,5.274,,,,,0,278.625,218.113,400.000,
1785142176.0829,PID,NORMAL_HOLD,326.50,236.50,314.19,279.609,219.873,400.650,278.625,218.113,400.000,269.902,210.662,395.188,-0.650,15.521,,,,,0,278.625,218.113,400.000,
1785142176.0895,PID,NORMAL_HOLD,326.50,236.55,313.85,279.614,219.780,400.859,278.625,218.113,400.000,270.053,211.134,393.639,-0.859,24.829,,,,,0,278.625,218.113,400.000,
1785142176.0943,PID,NORMAL_HOLD,326.09,236.78,313.83,279.247,219.591,400.876,278.625,218.113,400.000,272.209,211.931,393.796,-0.876,23.374,,,,,0,278.625,218.113,400.000,
1785142176.0994,PID,NORMAL_HOLD,326.00,236.88,314.15,279.164,219.509,400.677,278.625,218.113,400.000,271.768,211.768,395.253,-0.677,13.945,,,,,0,278.625,218.113,400.000,
1785142176.1062,PID,NORMAL_HOLD,326.00,236.79,314.20,279.159,219.624,400.649,278.625,218.113,400.000,271.111,210.599,396.221,-0.649,7.711,,,,,0,278.625,218.113,400.000,
1785142176.1106,PID,NORMAL_HOLD,326.30,236.67,314.50,279.429,219.714,400.462,278.625,218.113,400.000,269.261,210.125,397.633,-0.462,-1.147,,,,,0,278.625,218.113,400.000,
1785142176.1135,PID,NORMAL_HOLD,326.50,236.50,315.17,279.614,219.798,400.048,278.625,218.113,400.000,268.836,209.945,400.041,-0.048,-15.971,,,,,0,278.625,218.113,400.000,
1785142176.1199,PID,NORMAL_HOLD,326.50,236.50,314.50,279.614,219.801,400.458,278.625,218.113,400.000,269.547,210.253,398.612,-0.458,-6.855,,,,,0,278.625,218.113,400.000,
1785142176.1234,PID,NORMAL_HOLD,326.50,236.55,314.50,279.614,219.777,400.459,278.625,218.113,400.000,269.900,210.554,397.956,-0.459,-2.682,,,,,0,278.625,218.113,400.000,
1785142176.1280,PID,NORMAL_HOLD,326.09,236.86,314.19,279.243,219.547,400.653,278.625,218.113,400.000,272.230,211.911,396.689,-0.653,5.196,,,,,0,278.625,218.113,400.000,
1785142176.1342,PID,NORMAL_HOLD,326.48,236.89,314.55,279.604,219.464,400.430,278.625,218.113,400.000,269.354,211.736,397.453,-0.430,0.383,,,,,0,278.625,218.113,400.000,
1785142176.1377,PID,NORMAL_HOLD,326.00,237.00,314.18,279.165,219.452,400.660,278.625,218.113,400.000,272.311,211.287,396.621,-0.660,5.508,,,,,0,278.625,218.113,400.000,
1785142176.1434,PID,NORMAL_HOLD,326.09,236.86,315.18,279.244,219.515,400.042,278.625,218.113,400.000,270.896,210.631,399.467,-0.042,-12.165,,,,,0,278.625,218.113,400.000,
1785142176.1504,PID,NORMAL_HOLD,326.31,236.72,315.60,279.442,219.617,399.784,278.625,218.113,400.000,269.539,210.088,401.399,0.216,-23.858,,,,,0,278.625,218.113,400.000,
1785142176.1528,PID,NORMAL_HOLD,326.50,236.68,315.79,279.620,219.646,399.665,278.625,218.113,400.000,268.942,210.208,402.123,0.335,-27.872,,,,,0,278.625,218.113,400.000,
1785142176.1583,PID,NORMAL_HOLD,326.50,236.76,314.80,279.618,219.644,400.274,278.625,218.113,400.000,269.607,210.432,398.822,-0.274,-6.975,,,,,0,278.625,218.113,400.000,
1785142176.1668,PID,NORMAL_HOLD,326.12,236.85,315.01,279.274,219.518,400.149,278.625,218.113,400.000,271.740,211.199,398.110,-0.149,-2.453,,,,,0,278.625,218.113,400.000,
1785142176.1680,PID,NORMAL_HOLD,326.00,237.00,314.93,279.170,219.376,400.198,278.625,218.113,400.000,271.597,211.686,397.574,-0.198,0.898,,,,,0,278.625,218.113,400.000,
1785142176.1729,PID,NORMAL_HOLD,326.19,237.11,315.30,279.354,219.218,399.967,278.625,218.113,400.000,269.897,212.133,398.574,0.033,-5.304,,,,,0,278.625,218.113,400.000,
1785142176.1791,PID,NORMAL_HOLD,326.50,237.00,315.50,279.631,219.363,399.842,278.625,218.113,400.000,268.513,210.611,399.334,0.158,-9.890,,,,,0,278.625,218.113,400.000,
1785142176.1839,PID,NORMAL_HOLD,326.00,237.00,316.42,279.169,219.365,399.279,278.625,218.113,400.000,271.971,210.650,401.945,0.721,-25.772,,,,,0,278.625,218.113,400.000,
1785142176.1884,PID,NORMAL_HOLD,326.50,236.89,316.44,279.627,219.453,399.267,278.625,218.113,400.000,268.598,210.187,402.606,0.733,-29.399,,,,,0,278.625,218.113,400.000,
1785142176.1953,PID,NORMAL_HOLD,326.50,236.89,316.11,279.624,219.504,399.471,278.625,218.113,400.000,269.441,210.162,401.070,0.529,-19.360,,,,,0,278.625,218.113,400.000,
1785142176.2006,PID,NORMAL_HOLD,326.50,236.89,316.01,279.623,219.512,399.531,278.625,218.113,400.000,269.847,210.374,399.847,0.469,-11.454,,,,,0,278.625,218.113,400.000,
1785142176.2036,PID,NORMAL_HOLD,326.50,237.00,315.93,279.629,219.394,399.579,278.625,218.113,400.000,270.015,211.222,398.913,0.421,-5.474,,,,,0,278.625,218.113,400.000,
1785142176.2109,PID,NORMAL_HOLD,325.87,237.22,316.30,279.060,219.151,399.354,278.625,218.113,400.000,273.233,212.296,399.508,0.646,-9.031,,,,,0,278.625,218.113,400.000,
1785142176.2163,PID,NORMAL_HOLD,326.07,237.20,316.50,279.240,219.145,399.228,278.625,218.113,400.000,270.813,211.569,400.068,0.772,-12.299,,,,,0,278.625,218.113,400.000,
1785142176.2196,PID,NORMAL_HOLD,325.87,237.22,316.78,279.057,219.190,399.060,278.625,218.113,400.000,271.620,210.921,401.007,0.940,-17.898,,,,,0,278.625,218.113,400.000,
1785142176.2271,PID,NORMAL_HOLD,326.00,237.00,317.56,279.172,219.320,398.576,278.625,218.113,400.000,270.383,210.123,403.160,1.424,-30.839,,,,,0,278.625,218.113,400.000,
1785142176.2288,PID,NORMAL_HOLD,326.14,236.90,318.21,279.297,219.416,398.174,278.625,218.113,400.000,269.681,209.883,405.254,1.826,-43.196,,,,,0,278.625,218.113,400.000,
1785142176.2331,PID,NORMAL_HOLD,326.00,236.91,318.09,279.166,219.433,398.250,278.625,218.113,400.000,270.729,210.197,404.614,1.750,-38.434,,,,,0,278.625,218.113,400.000,
1785142176.2413,PID,NORMAL_HOLD,325.53,236.89,317.55,278.725,219.499,398.589,278.625,218.113,400.000,273.041,210.074,401.894,1.411,-20.927,,,,,0,278.625,218.113,400.000,
1785142176.2457,PID,NORMAL_HOLD,325.50,236.89,317.82,278.706,219.410,398.417,278.625,218.113,400.000,271.879,210.858,401.299,1.583,-16.865,,,,,0,278.625,218.113,400.000,
1785142176.2500,PID,NORMAL_HOLD,325.50,237.00,317.84,278.710,219.309,398.407,278.625,218.113,400.000,271.176,211.352,400.739,1.593,-13.086,,,,,0,278.625,218.113,400.000,
1785142176.2572,PID,NORMAL_HOLD,326.00,237.00,318.42,279.170,219.334,398.047,278.625,218.113,400.000,268.253,210.902,402.015,1.953,-20.718,,,,,0,278.625,218.113,400.000,
1785142176.2598,PID,NORMAL_HOLD,325.00,237.00,318.09,278.246,219.331,398.256,278.625,218.113,400.000,274.100,210.825,400.981,1.744,-13.942,,,,,0,278.625,218.113,400.000,
1785142176.2645,PID,NORMAL_HOLD,325.50,236.89,318.77,278.702,219.444,397.834,278.625,218.113,400.000,269.647,210.091,402.172,2.166,-20.987,,,,,0,278.625,218.113,400.000,
1785142176.2702,PID,NORMAL_HOLD,325.50,236.82,319.23,278.701,219.488,397.552,278.625,218.113,400.000,270.093,210.146,403.876,2.448,-31.166,,,,,0,278.625,218.113,400.000,
1785142176.2755,PID,NORMAL_HOLD,325.50,236.82,318.55,278.699,219.527,397.971,278.625,218.113,400.000,270.317,210.190,401.570,2.029,-16.347,,,,,0,278.625,218.113,400.000,
1785142176.2825,PID,NORMAL_HOLD,325.53,236.89,318.11,278.726,219.460,398.242,278.625,218.113,400.000,270.272,210.782,399.248,1.758,-1.749,,,,,0,278.625,218.113,400.000,
1785142176.2895,PID,NORMAL_HOLD,325.98,236.91,318.10,279.148,219.450,398.246,278.625,218.113,400.000,267.960,210.786,398.058,1.754,5.679,,,,,0,278.625,218.113,400.000,
1785142176.2912,PID,NORMAL_HOLD,326.00,237.00,318.18,279.174,219.284,398.193,278.625,218.113,400.000,269.027,211.659,398.152,1.807,5.000,,,,,0,278.625,218.113,400.000,
1785142176.2953,PID,NORMAL_HOLD,325.66,237.15,318.21,278.865,219.194,398.178,278.625,218.113,400.000,271.434,211.702,398.363,1.822,3.607,,,,,0,278.625,218.113,400.000,
1785142176.3024,PID,NORMAL_HOLD,326.00,237.00,318.56,279.171,219.315,397.960,278.625,218.113,400.000,269.211,210.540,399.559,2.040,-3.833,,,,,0,278.625,218.113,400.000,
1785142176.3049,PID,NORMAL_HOLD,326.00,237.00,319.00,279.172,219.306,397.692,278.625,218.113,400.000,269.793,210.676,401.219,2.308,-14.001,,,,,0,278.625,218.113,400.000,
1785142176.3119,PID,NORMAL_HOLD,326.00,236.91,318.86,279.168,219.395,397.778,278.625,218.113,400.000,270.107,210.179,401.054,2.222,-12.709,,,,,0,278.625,218.113,400.000,
1785142176.3184,PID,NORMAL_HOLD,326.00,237.00,318.09,279.166,219.391,398.251,278.625,218.113,400.000,270.252,210.457,398.427,1.749,3.750,,,,,0,278.625,218.113,400.000,
1785142176.3213,PID,NORMAL_HOLD,326.00,237.00,317.44,279.168,219.381,398.654,278.625,218.113,400.000,270.310,210.630,395.660,1.346,20.758,,,,,0,278.625,218.113,400.000,
1785142176.3265,PID,NORMAL_HOLD,326.00,237.00,317.78,279.174,219.291,398.441,278.625,218.113,400.000,270.311,211.160,396.165,1.559,17.255,,,,,0,278.625,218.113,400.000,
1785142176.3342,PID,NORMAL_HOLD,326.50,237.11,317.11,279.640,219.191,398.849,278.625,218.113,400.000,267.728,211.500,395.012,1.151,23.989,,,,,0,278.625,218.113,400.000,
1785142176.3355,PID,NORMAL_HOLD,325.69,237.28,317.22,278.896,219.121,398.790,278.625,218.113,400.000,273.127,211.518,395.148,1.210,22.730,,,,,0,278.625,218.113,400.000,
1785142176.3406,PID,NORMAL_HOLD,326.07,237.20,317.76,279.237,219.169,398.455,278.625,218.113,400.000,269.902,210.879,397.378,1.545,8.549,,,,,0,278.625,218.113,400.000,
1785142176.3500,PID,NORMAL_HOLD,326.00,237.00,317.56,279.172,219.320,398.576,278.625,218.113,400.000,270.495,209.975,397.816,1.424,5.688,,,,,0,278.625,218.113,400.000,
1785142176.3520,PID,NORMAL_HOLD,326.00,237.00,317.42,279.171,219.338,398.663,278.625,218.113,400.000,270.443,210.237,397.501,1.337,7.563,,,,,0,278.625,218.113,400.000,
1785142176.3553,PID,NORMAL_HOLD,326.00,237.00,316.50,279.168,219.378,399.232,278.625,218.113,400.000,270.421,210.253,394.848,0.768,23.818,,,,,0,278.625,218.113,400.000,
1785142176.3620,PID,NORMAL_HOLD,326.50,237.00,315.97,279.631,219.360,399.551,278.625,218.113,400.000,267.818,210.570,392.998,0.449,34.783,,,,,0,278.625,218.113,400.000,
1785142176.3669,PID,NORMAL_HOLD,325.87,237.22,316.27,279.063,219.117,399.370,278.625,218.113,400.000,272.065,211.931,394.000,0.630,27.941,,,,,0,278.625,218.113,400.000,
1785142176.3713,PID,NORMAL_HOLD,326.00,237.32,315.79,279.185,219.026,399.665,278.625,218.113,400.000,270.532,211.875,393.515,0.335,30.418,,,,,0,278.625,218.113,400.000,
1785142176.3785,PID,NORMAL_HOLD,325.90,237.28,316.17,279.089,219.099,399.435,278.625,218.113,400.000,270.985,210.931,395.143,0.565,19.803,,,,,0,278.625,218.113,400.000,
1785142176.3811,PID,NORMAL_HOLD,326.00,237.21,316.28,279.178,219.159,399.367,278.625,218.113,400.000,270.235,210.539,396.493,0.633,11.105,,,,,0,278.625,218.113,400.000,
1785142176.3860,PID,NORMAL_HOLD,326.50,237.11,315.95,279.634,219.273,399.563,278.625,218.113,400.000,267.897,210.048,396.278,0.437,12.227,,,,,0,278.625,218.113,400.000,
1785142176.3926,PID,NORMAL_HOLD,326.19,237.11,315.84,279.351,219.260,399.632,278.625,218.113,400.000,270.912,210.472,396.143,0.368,12.830,,,,,0,278.625,218.113,400.000,
1785142176.3977,PID,NORMAL_HOLD,326.50,237.00,314.85,279.630,219.373,400.242,278.625,218.113,400.000,269.167,210.009,393.395,-0.242,29.560,,,,,0,278.625,218.113,400.000,
1785142176.4026,PID,NORMAL_HOLD,326.12,237.15,314.28,279.286,219.243,400.595,278.625,218.113,400.000,271.564,211.054,392.045,-0.595,37.185,,,,,0,278.625,218.113,400.000,
1785142176.4094,PID,NORMAL_HOLD,326.09,237.22,314.28,279.265,219.172,400.598,278.625,218.113,400.000,271.080,211.331,391.418,-0.598,40.477,,,,,0,278.625,218.113,400.000,
1785142176.4118,PID,NORMAL_HOLD,325.95,237.32,314.69,279.143,219.040,400.345,278.625,218.113,400.000,271.374,211.757,393.668,-0.345,25.839,,,,,0,278.625,218.113,400.000,
1785142176.4169,PID,NORMAL_HOLD,325.87,237.22,314.00,279.057,219.230,400.772,278.625,218.113,400.000,271.364,210.197,393.033,-0.772,29.265,,,,,0,278.625,218.113,400.000,
1785142176.4233,PID,NORMAL_HOLD,326.50,237.00,314.43,279.627,219.419,400.505,278.625,218.113,400.000,267.789,209.439,394.725,-0.505,18.280,,,,,0,278.625,218.113,400.000,
1785142176.4264,PID,NORMAL_HOLD,326.50,236.68,314.20,279.616,219.696,400.643,278.625,218.113,400.000,269.073,208.474,395.091,-0.643,15.669,,,,,0,278.625,218.113,400.000,
1785142176.4317,PID,NORMAL_HOLD,326.62,236.50,314.28,279.724,219.863,400.594,278.625,218.113,400.000,269.090,208.663,395.826,-0.594,10.832,,,,,0,278.625,218.113,400.000,
1785142176.4379,PID,NORMAL_HOLD,326.70,236.28,313.50,279.784,220.066,401.074,278.625,218.113,400.000,269.293,208.386,393.792,-1.074,23.230,,,,,0,278.625,218.113,400.000,
1785142176.4432,PID,NORMAL_HOLD,326.89,236.39,313.50,279.959,220.026,401.073,278.625,218.113,400.000,268.845,209.637,393.887,-1.073,22.167,,,,,0,278.625,218.113,400.000,
1785142176.4459,PID,NORMAL_HOLD,326.50,236.24,313.62,279.603,220.058,401.003,278.625,218.113,400.000,271.622,209.866,394.603,-1.003,17.344,,,,,0,278.625,218.113,400.000,
1785142176.4521,PID,NORMAL_HOLD,326.69,236.28,313.50,279.778,220.081,401.074,278.625,218.113,400.000,269.957,210.046,394.891,-1.074,15.247,,,,,0,278.625,218.113,400.000,
1785142176.4567,PID,NORMAL_HOLD,326.50,236.00,313.60,279.592,220.304,401.013,278.625,218.113,400.000,271.091,209.033,395.658,-1.013,10.228,,,,,0,278.625,218.113,400.000,
1785142176.4613,PID,NORMAL_HOLD,327.00,235.88,313.71,280.041,220.502,400.943,278.625,218.113,400.000,268.242,208.650,396.498,-0.943,4.850,,,,,0,278.625,218.113,400.000,
1785142176.4681,PID,NORMAL_HOLD,327.00,235.58,313.86,280.035,220.707,400.854,278.625,218.113,400.000,269.208,208.372,397.326,-0.854,-0.353,,,,,0,278.625,218.113,400.000,
1785142176.4710,PID,NORMAL_HOLD,327.50,235.32,313.02,280.482,220.967,401.364,278.625,218.113,400.000,267.060,207.814,395.059,-1.364,13.662,,,,,0,278.625,218.113,400.000,
1785142176.4780,PID,NORMAL_HOLD,327.50,235.24,313.00,280.479,221.045,401.376,278.625,218.113,400.000,268.534,208.549,394.523,-1.376,16.723,,,,,0,278.625,218.113,400.000,
1785142176.4840,PID,NORMAL_HOLD,327.50,235.24,313.00,280.482,221.005,401.375,278.625,218.113,400.000,269.238,209.575,394.766,-1.375,14.902,,,,,0,278.625,218.113,400.000,
1785142176.4887,PID,NORMAL_HOLD,327.50,235.24,313.50,280.483,220.986,401.068,278.625,218.113,400.000,269.593,209.971,396.600,-1.068,3.314,,,,,0,278.625,218.113,400.000,
1785142176.4927,PID,NORMAL_HOLD,327.50,235.24,313.50,280.479,221.051,401.070,278.625,218.113,400.000,269.806,209.680,397.381,-1.070,-1.575,,,,,0,278.625,218.113,400.000,
1785142176.5000,PID,NORMAL_HOLD,327.50,235.00,313.50,280.471,221.254,401.071,278.625,218.113,400.000,269.931,208.769,397.604,-1.071,-2.929,,,,,0,278.625,218.113,400.000,
1785142176.5038,PID,NORMAL_HOLD,327.50,234.89,313.64,280.466,221.374,400.989,278.625,218.113,400.000,269.978,208.770,398.028,-0.989,-5.500,,,,,0,278.625,218.113,400.000,
1785142176.5074,PID,NORMAL_HOLD,327.50,234.76,314.01,280.462,221.488,400.757,278.625,218.113,400.000,269.993,208.844,398.979,-0.757,-11.223,,,,,0,278.625,218.113,400.000,
1785142176.5168,PID,NORMAL_HOLD,328.00,234.56,313.22,280.909,221.731,401.242,278.625,218.113,400.000,268.582,208.672,397.408,-1.242,-1.456,,,,,0,278.625,218.113,400.000,
1785142176.5215,PID,NORMAL_HOLD,327.50,234.50,313.61,280.455,221.682,401.004,278.625,218.113,400.000,271.656,209.575,397.564,-1.004,-2.394,,,,,0,278.625,218.113,400.000,
1785142176.5279,PID,NORMAL_HOLD,327.30,234.67,313.60,280.273,221.561,401.011,278.625,218.113,400.000,271.897,210.494,397.546,-1.011,-2.244,,,,,0,278.625,218.113,400.000,
1785142176.5350,PID,NORMAL_HOLD,327.50,234.68,314.00,280.456,221.615,400.768,278.625,218.113,400.000,270.021,209.965,398.614,-0.768,-8.783,,,,,0,278.625,218.113,400.000,
1785142176.5361,PID,NORMAL_HOLD,327.50,234.45,314.28,280.451,221.772,400.594,278.625,218.113,400.000,270.021,209.038,399.673,-0.594,-15.162,,,,,0,278.625,218.113,400.000,
1785142176.5407,PID,NORMAL_HOLD,327.87,234.22,314.62,280.786,221.962,400.385,278.625,218.113,400.000,268.050,208.385,400.803,-0.385,-21.873,,,,,0,278.625,218.113,400.000,
1785142176.5501,PID,NORMAL_HOLD,328.00,234.12,315.00,280.902,222.050,400.150,278.625,218.113,400.000,268.409,208.708,401.729,-0.150,-27.169,,,,,0,278.625,218.113,400.000,
1785142176.5517,PID,NORMAL_HOLD,328.50,234.00,314.43,281.357,222.147,400.493,278.625,218.113,400.000,266.187,208.648,399.831,-0.493,-14.943,,,,,0,278.625,218.113,400.000,
1785142176.5564,PID,NORMAL_HOLD,327.91,234.12,314.50,280.821,222.049,400.457,278.625,218.113,400.000,270.882,209.768,399.017,-0.457,-9.647,,,,,0,278.625,218.113,400.000,
1785142176.5675,PID,NORMAL_HOLD,327.50,234.24,314.46,280.447,221.905,400.487,278.625,218.113,400.000,272.556,210.647,398.346,-0.487,-5.331,,,,,0,278.625,218.113,400.000,
1785142176.5695,PID,NORMAL_HOLD,327.50,234.32,314.50,280.451,221.827,400.460,278.625,218.113,400.000,271.243,210.634,398.109,-0.460,-3.765,,,,,0,278.625,218.113,400.000,
1785142176.5743,PID,NORMAL_HOLD,327.50,234.45,314.50,280.449,221.808,400.462,278.625,218.113,400.000,270.612,210.390,397.953,-0.462,-2.736,,,,,0,278.625,218.113,400.000,
1785142176.5834,PID,NORMAL_HOLD,327.87,234.22,315.62,280.788,221.959,399.772,278.625,218.113,400.000,269.316,209.715,399.537,0.228,-12.073,,,,,0,278.625,218.113,400.000,
1785142176.5863,PID,NORMAL_HOLD,327.87,234.22,315.60,280.787,221.975,399.784,278.625,218.113,400.000,269.592,209.693,401.000,0.216,-20.895,,,,,0,278.625,218.113,400.000,
1785142176.5913,PID,NORMAL_HOLD,327.87,234.22,314.90,280.787,221.953,400.211,278.625,218.113,400.000,269.723,209.895,398.939,-0.211,-7.781,,,,,0,278.625,218.113,400.000,
1785142176.6001,PID,NORMAL_HOLD,327.50,234.50,314.50,280.453,221.730,400.461,278.625,218.113,400.000,271.623,211.096,396.860,-0.461,5.186,,,,,0,278.625,218.113,400.000,
1785142176.6015,PID,NORMAL_HOLD,327.50,234.76,315.00,280.466,221.445,400.152,278.625,218.113,400.000,270.718,212.018,397.712,-0.152,-0.172,,,,,0,278.625,218.113,400.000,
1785142176.6063,PID,NORMAL_HOLD,327.48,234.89,315.37,280.447,221.342,399.927,278.625,218.113,400.000,270.446,211.633,399.124,0.073,-8.892,,,,,0,278.625,218.113,400.000,
1785142176.6176,PID,NORMAL_HOLD,327.50,235.00,315.90,280.475,221.251,399.602,278.625,218.113,400.000,270.120,211.097,399.745,0.398,-12.266,,,,,0,278.625,218.113,400.000,
1785142176.6215,PID,NORMAL_HOLD,327.00,235.00,315.80,280.017,221.206,399.663,278.625,218.113,400.000,272.527,210.824,400.199,0.337,-14.821,,,,,0,278.625,218.113,400.000,
1785142176.6265,PID,NORMAL_HOLD,327.50,235.00,315.19,280.476,221.218,400.031,278.625,218.113,400.000,268.632,210.378,398.274,-0.031,-2.652,,,,,0,278.625,218.113,400.000,
1785142176.6337,PID,NORMAL_HOLD,327.00,235.12,314.85,280.023,221.067,400.245,278.625,218.113,400.000,271.687,211.018,396.570,-0.245,7.895,,,,,0,278.625,218.113,400.000,
1785142176.6388,PID,NORMAL_HOLD,326.69,235.43,315.00,279.745,220.786,400.155,278.625,218.113,400.000,272.427,212.130,396.520,-0.155,8.060,,,,,0,278.625,218.113,400.000,
1785142176.6422,PID,NORMAL_HOLD,326.31,235.72,315.50,279.407,220.506,399.849,278.625,218.113,400.000,273.257,212.782,398.074,0.151,-1.658,,,,,0,278.625,218.113,400.000,
1785142176.6500,PID,NORMAL_HOLD,326.00,236.00,315.18,279.129,220.344,400.051,278.625,218.113,400.000,273.290,212.426,397.660,-0.051,0.935,,,,,0,278.625,218.113,400.000,
1785142176.6526,PID,NORMAL_HOLD,326.00,236.00,316.17,279.131,220.307,399.442,278.625,218.113,400.000,271.807,211.586,400.466,0.558,-16.390,,,,,0,278.625,218.113,400.000,
1785142176.6574,PID,NORMAL_HOLD,326.00,235.94,316.17,279.131,220.334,399.441,278.625,218.113,400.000,271.078,210.811,401.175,0.559,-20.471,,,,,0,278.625,218.113,400.000,
1785142176.6668,PID,NORMAL_HOLD,325.50,236.00,315.50,278.672,220.287,399.856,278.625,218.113,400.000,272.062,210.705,399.241,0.144,-8.227,,,,,0,278.625,218.113,400.000,
1785142176.6715,PID,NORMAL_HOLD,326.00,236.00,315.79,279.136,220.243,399.672,278.625,218.113,400.000,268.665,210.763,399.013,0.328,-6.657,,,,,0,278.625,218.113,400.000,
1785142176.6759,PID,NORMAL_HOLD,325.50,236.11,316.09,278.683,220.082,399.490,278.625,218.113,400.000,272.046,211.461,399.698,0.510,-10.764,,,,,0,278.625,218.113,400.000,
1785142176.6831,PID,NORMAL_HOLD,325.50,236.18,316.40,278.688,219.964,399.292,278.625,218.113,400.000,271.232,211.562,400.647,0.708,-16.420,,,,,0,278.625,218.113,400.000,
1785142176.6877,PID,NORMAL_HOLD,325.10,236.28,316.21,278.316,219.962,399.419,278.625,218.113,400.000,272.967,211.009,399.992,0.581,-12.071,,,,,0,278.625,218.113,400.000,
1785142176.6929,PID,NORMAL_HOLD,325.50,236.18,317.08,278.685,220.001,398.880,278.625,218.113,400.000,269.715,210.496,402.211,1.120,-25.562,,,,,0,278.625,218.113,400.000,
1785142176.7004,PID,NORMAL_HOLD,325.50,236.11,316.77,278.679,220.124,399.070,278.625,218.113,400.000,270.130,209.781,401.400,0.930,-20.067,,,,,0,278.625,218.113,400.000,
1785142176.7034,PID,NORMAL_HOLD,325.00,236.00,316.49,278.214,220.228,399.250,278.625,218.113,400.000,272.953,209.486,399.819,0.750,-9.938,,,,,0,278.625,218.113,400.000,
1785142176.7072,PID,NORMAL_HOLD,325.50,235.63,315.79,278.654,220.697,399.681,278.625,218.113,400.000,269.352,207.319,396.606,0.319,10.162,,,,,0,278.625,218.113,400.000,
1785142176.7162,PID,NORMAL_HOLD,326.00,234.46,315.42,279.073,221.740,399.911,278.625,218.113,400.000,268.677,205.673,396.043,0.089,13.156,,,,,0,278.625,218.113,400.000,
1785142176.7239,PID,NORMAL_HOLD,326.50,233.89,314.85,279.509,222.328,400.260,278.625,218.113,400.000,267.076,204.477,393.595,-0.260,28.015,,,,,0,278.625,218.113,400.000,
1785142176.7274,PID,NORMAL_HOLD,326.87,233.22,314.85,279.825,222.959,400.260,278.625,218.113,400.000,266.889,203.578,393.387,-0.260,28.767,,,,,0,278.625,218.113,400.000,
1785142176.7336,PID,NORMAL_HOLD,327.86,232.49,315.62,280.708,223.664,399.785,278.625,218.113,400.000,263.650,202.658,396.208,0.215,10.822,,,,,0,278.625,218.113,400.000,
1785142176.7368,PID,NORMAL_HOLD,328.04,231.74,315.50,280.847,224.337,399.858,278.625,218.113,400.000,265.987,202.264,397.106,0.142,5.079,,,,,0,278.625,218.113,400.000,
1785142176.7419,PID,NORMAL_HOLD,328.50,230.89,315.50,281.240,225.074,399.858,278.625,218.113,400.000,265.669,201.476,397.545,0.142,2.273,,,,,0,278.625,218.113,400.000,
1785142176.7499,PID,NORMAL_HOLD,329.48,230.11,314.45,282.103,225.830,400.493,278.625,218.113,400.000,263.338,201.358,394.859,-0.493,18.761,,,,,0,278.625,218.113,400.000,
1785142176.7524,PID,NORMAL_HOLD,330.00,229.50,314.50,282.563,226.383,400.461,278.625,218.113,400.000,263.572,201.616,394.239,-0.461,22.268,,,,,0,278.625,218.113,400.000,
1785142176.7573,PID,NORMAL_HOLD,330.00,228.88,313.53,282.536,226.938,401.053,278.625,218.113,400.000,266.587,201.913,391.992,-1.053,35.657,,,,,0,278.625,218.113,400.000,
1785142176.7668,PID,NORMAL_HOLD,330.50,228.24,314.22,282.974,227.555,400.632,278.625,218.113,400.000,265.480,201.630,393.793,-0.632,23.883,,,,,0,278.625,218.113,400.000,
1785142176.7686,PID,NORMAL_HOLD,330.70,227.64,314.50,283.138,228.193,400.465,278.625,218.113,400.000,266.418,201.315,395.813,-0.465,10.974,,,,,0,278.625,218.113,400.000,
1785142176.7734,PID,NORMAL_HOLD,331.50,226.68,314.50,283.834,229.071,400.461,278.625,218.113,400.000,263.937,199.778,396.790,-0.461,4.737,,,,,0,278.625,218.113,400.000,
1785142176.7834,PID,NORMAL_HOLD,332.13,225.78,314.50,284.377,229.941,400.460,278.625,218.113,400.000,263.389,198.846,397.252,-0.460,1.793,,,,,0,278.625,218.113,400.000,
1785142176.7857,PID,NORMAL_HOLD,332.87,224.78,314.50,285.022,230.873,400.457,278.625,218.113,400.000,262.460,197.892,397.469,-0.457,0.419,,,,,0,278.625,218.113,400.000,
1785142176.7889,PID,NORMAL_HOLD,333.50,223.68,314.86,285.561,231.924,400.240,278.625,218.113,400.000,262.517,196.672,398.488,-0.240,-5.847,,,,,0,278.625,218.113,400.000,
1785142176.7957,PID,NORMAL_HOLD,334.09,222.86,314.51,286.067,232.713,400.452,278.625,218.113,400.000,262.619,197.300,397.751,-0.452,-1.187,,,,,0,278.625,218.113,400.000,
1785142176.7991,PID,NORMAL_HOLD,334.91,221.86,315.00,286.794,233.631,400.152,278.625,218.113,400.000,261.379,196.794,398.870,-0.152,-8.058,,,,,0,278.625,218.113,400.000,
1785142176.8020,PID,NORMAL_HOLD,335.50,221.00,316.00,287.312,234.482,399.552,278.625,218.113,400.000,261.793,196.760,402.239,0.448,-28.748,,,,,0,278.625,218.113,400.000,
1785142176.8085,PID,NORMAL_HOLD,335.50,219.89,317.50,287.289,235.473,398.660,278.625,218.113,400.000,264.941,195.920,406.844,1.340,-56.602,,,,,0,278.625,218.113,400.000,
1785142176.8129,PID,NORMAL_HOLD,336.50,218.89,319.00,288.191,236.505,397.765,278.625,218.113,400.000,261.327,194.992,411.597,2.235,-84.865,,,,,0,278.625,218.113,400.000,
1785142176.8176,PID,NORMAL_HOLD,337.00,217.72,321.00,288.636,237.642,396.579,278.625,218.113,400.000,261.993,193.882,417.139,3.421,-117.475,,,,,0,278.625,218.113,400.000,
1785142176.8239,PID,NORMAL_HOLD,337.83,216.50,322.00,289.376,238.726,395.994,278.625,218.113,400.000,260.819,193.738,419.252,4.006,-128.295,,,,,0,278.625,218.113,400.000,
1785142176.8282,PID,NORMAL_HOLD,338.50,215.36,324.00,289.981,239.872,394.816,278.625,218.113,400.000,260.319,192.200,423.060,5.184,-149.437,,,,,0,278.625,218.113,400.000,
1785142176.8333,PID,NORMAL_HOLD,339.17,214.18,326.50,290.594,241.048,393.349,278.625,218.113,400.000,260.411,191.999,427.517,6.651,-174.016,,,,,0,278.625,218.113,400.000,
1785142176.8404,PID,NORMAL_HOLD,339.84,213.07,329.28,291.228,242.106,391.723,278.625,218.113,400.000,259.824,191.638,433.784,8.277,-209.507,,,,,0,278.625,218.113,400.000,
1785142176.8431,PID,NORMAL_HOLD,340.00,212.11,332.00,291.383,243.113,390.126,278.625,218.113,400.000,262.361,192.035,438.587,9.874,-235.169,,,,,0,278.625,218.113,400.000,
1785142176.8490,PID,NORMAL_HOLD,340.50,211.26,335.00,291.870,243.990,388.377,278.625,218.113,400.000,261.899,193.034,440.411,11.623,-241.229,,,,,0,278.625,218.113,400.000,
1785142176.8556,PID,FOLLOW_AND_BRAKE,341.00,210.28,339.28,292.378,245.015,385.883,278.625,218.113,400.000,271.899,203.034,430.411,14.117,-335.413,374.433,-580.580,8.787,1.000,1,278.625,218.113,400.000,"fall_detected:vz=-335.4,descending_frames=9,z_drop=14.1,xy_err=30.2"
1785142176.8586,PID,FOLLOW_AND_BRAKE,341.86,209.32,343.90,293.242,246.075,383.216,278.625,218.113,400.000,281.899,213.034,420.411,16.784,-367.130,370.973,-612.296,8.945,1.000,1,278.625,218.113,400.000,
1785142176.8645,PID,FOLLOW_AND_BRAKE,342.16,208.13,348.50,293.567,247.287,380.548,278.625,218.113,400.000,291.899,223.034,410.411,19.452,-394.700,367.616,-639.866,9.083,1.000,1,278.625,218.113,400.000,
1785142176.8715,PID,FOLLOW_AND_BRAKE,342.65,207.04,353.00,294.080,248.517,377.954,278.625,218.113,400.000,296.558,233.034,400.411,22.046,-429.863,364.143,-675.029,9.259,1.000,1,278.625,218.113,400.000,
1785142176.8742,PID,FOLLOW_AND_BRAKE,343.50,206.00,358.50,294.963,249.690,374.818,278.625,218.113,400.000,298.523,243.034,390.411,25.182,-458.166,360.300,-703.332,9.401,1.000,1,278.625,218.113,400.000,
1785142176.8798,PID,FOLLOW_AND_BRAKE,344.00,205.00,363.00,295.501,250.841,372.251,278.625,218.113,400.000,298.626,253.034,380.411,27.749,-518.443,356.225,-763.609,9.702,1.000,1,278.625,218.113,400.000,
1785142176.8871,PID,FOLLOW_AND_BRAKE,344.56,204.06,368.26,296.121,251.919,369.262,278.625,218.113,400.000,299.183,257.455,370.411,30.738,-518.922,353.224,-764.088,9.704,1.000,1,278.625,218.113,400.000,
1785142176.8905,PID,FOLLOW_AND_BRAKE,344.66,203.35,374.00,296.316,252.848,365.956,278.625,218.113,400.000,298.346,257.986,360.411,34.044,-524.899,349.769,-770.065,9.734,1.000,1,278.625,218.113,400.000,
1785142176.8939,PID,FOLLOW_AND_BRAKE,345.30,202.50,380.34,297.041,253.795,362.382,278.625,218.113,400.000,299.879,258.748,350.411,37.618,-599.157,344.338,-844.324,10.106,1.000,1,278.625,218.113,400.000,
1785142176.9013,PID,FOLLOW_AND_BRAKE,345.39,201.66,385.50,297.210,254.730,359.430,278.625,218.113,400.000,299.027,259.412,341.421,40.570,-597.789,341.421,-842.955,10.099,1.000,1,278.625,218.113,400.000,
1785142176.9041,PID,FOLLOW_AND_BRAKE,346.00,201.00,390.50,297.905,255.711,356.641,278.625,218.113,400.000,300.417,260.311,338.705,43.359,-594.851,338.705,-840.017,10.084,1.000,1,278.625,218.113,400.000,
1785142176.9099,PID,FOLLOW_AND_BRAKE,346.50,200.12,395.60,298.487,256.784,353.797,278.625,218.113,400.000,301.389,262.119,335.813,46.203,-596.778,335.813,-841.945,10.094,1.000,1,278.625,218.113,400.000,
1785142176.9173,PID,FOLLOW_AND_BRAKE,347.32,199.00,399.50,299.367,258.144,351.707,278.625,218.113,400.000,302.963,264.129,334.889,48.293,-550.137,334.889,-795.303,9.861,1.000,1,278.625,218.113,400.000,
1785142176.9202,PID,FOLLOW_AND_BRAKE,348.00,198.00,403.75,300.118,259.354,349.410,278.625,218.113,400.000,303.787,265.362,332.956,50.590,-535.565,332.956,-780.731,9.788,1.000,1,278.625,218.113,400.000,
1785142176.9239,PID,FOLLOW_AND_BRAKE,348.72,196.61,406.90,300.872,260.869,347.756,278.625,218.113,400.000,304.599,267.673,332.424,52.244,-490.694,332.424,-735.860,9.563,1.000,1,278.625,218.113,400.000,
1785142176.9342,PID,FOLLOW_AND_BRAKE,349.67,195.45,409.40,301.870,262.357,346.515,278.625,218.113,400.000,306.206,269.445,332.399,53.485,-442.057,332.399,-687.223,9.320,1.000,1,278.625,218.113,400.000,
1785142176.9363,PID,FOLLOW_AND_BRAKE,350.88,194.00,411.91,303.099,263.855,345.349,278.625,218.113,400.000,308.398,271.214,332.626,54.651,-386.340,332.626,-631.506,9.042,1.000,1,278.625,218.113,400.000,
1785142176.9398,PID,FOLLOW_AND_BRAKE,351.23,192.64,414.00,303.468,265.396,344.246,278.625,218.113,400.000,307.021,272.855,332.700,55.754,-339.262,332.700,-584.428,8.806,1.000,1,278.625,218.113,400.000,
1785142176.9498,PID,FOLLOW_AND_BRAKE,353.00,189.74,418.50,305.295,268.603,342.109,278.625,218.113,400.000,309.303,276.250,332.529,57.891,-260.614,332.529,-505.780,8.413,1.000,1,278.625,218.113,400.000,
1785142176.9527,PID,FOLLOW_AND_BRAKE,353.82,188.27,420.02,306.138,270.367,341.433,278.625,218.113,400.000,310.271,278.646,331.610,58.567,-270.337,331.610,-515.503,8.462,1.000,1,278.625,218.113,400.000,
1785142176.9601,PID,FOLLOW_AND_BRAKE,354.88,186.50,421.45,307.205,272.263,340.882,278.625,218.113,400.000,312.070,281.376,331.551,59.118,-250.648,331.551,-495.814,8.363,1.000,1,278.625,218.113,400.000,
1785142176.9669,PID,FOLLOW_AND_BRAKE,355.81,184.70,423.21,308.150,274.286,340.115,278.625,218.113,400.000,312.886,283.770,331.581,59.885,-218.798,331.581,-463.964,8.204,1.000,1,278.625,218.113,400.000,
1785142176.9696,PID,FOLLOW_AND_BRAKE,357.00,182.74,423.07,309.297,276.389,340.456,278.625,218.113,400.000,314.503,286.337,332.987,59.544,-176.179,332.987,-421.345,7.991,1.000,0,278.625,218.113,400.000,
1785142176.9744,PID,FOLLOW_AND_BRAKE,358.21,180.79,422.89,310.471,278.535,340.816,278.625,218.113,400.000,315.979,288.824,334.725,59.184,-121.045,334.725,-366.212,7.715,1.000,0,278.625,218.113,400.000,
1785142176.9831,PID,FOLLOW_AND_BRAKE,359.69,178.75,422.50,311.895,280.634,341.355,278.625,218.113,400.000,318.214,291.030,336.616,58.645,-66.975,336.616,-312.142,7.445,0.700,0,278.625,218.113,400.000,
1785142176.9851,PID,FOLLOW_AND_BRAKE,361.00,176.66,423.11,313.169,282.761,341.324,278.625,218.113,400.000,319.530,293.302,337.276,58.676,-39.318,337.276,-284.485,7.306,0.700,0,278.625,218.113,400.000,
1785142176.9883,PID,FOLLOW_AND_BRAKE,362.00,174.50,421.72,314.062,284.968,342.290,278.625,218.113,400.000,319.295,295.313,337.290,57.710,5.487,339.363,-239.679,7.082,0.600,0,278.625,218.113,400.000,
1785142176.9945,PID,FOLLOW_AND_BRAKE,363.50,172.50,420.00,315.482,287.131,343.514,278.625,218.113,400.000,321.882,298.067,338.514,56.486,54.581,341.814,-190.586,6.837,0.600,0,278.625,218.113,400.000,
1785142176.9997,PID,FOLLOW_AND_BRAKE,364.89,170.33,420.00,316.794,289.260,343.822,278.625,218.113,400.000,323.229,299.977,338.822,56.178,75.879,342.654,-169.287,6.730,0.600,0,278.625,218.113,400.000,
1785142177.0049,PID,FOLLOW_AND_BRAKE,366.14,167.95,418.00,317.918,291.741,345.129,278.625,218.113,400.000,324.017,303.457,340.129,54.871,109.875,344.811,-135.291,6.560,0.600,0,278.625,218.113,400.000,
1785142177.0111,PID,FOLLOW_AND_BRAKE,367.50,165.50,417.00,319.159,294.161,345.940,278.625,218.113,400.000,325.305,306.064,340.940,54.060,125.689,346.018,-119.477,6.481,0.600,0,278.625,218.113,400.000,
1785142177.0136,PID,FOLLOW_AND_BRAKE,369.50,163.00,415.50,321.024,296.637,347.130,278.625,218.113,400.000,328.553,308.503,342.130,52.870,149.231,347.796,-95.935,6.364,0.600,0,278.625,218.113,400.000,
1785142177.0188,PID,FOLLOW_AND_BRAKE,370.93,160.18,411.00,322.195,299.348,349.727,278.625,218.113,400.000,328.985,312.289,344.727,50.273,221.053,352.189,-24.114,6.005,0.600,0,278.625,218.113,400.000,
1785142177.0250,PID,FOLLOW_AND_BRAKE,372.50,157.50,408.24,323.567,301.991,351.432,278.625,218.113,400.000,330.406,315.092,346.432,48.568,251.635,354.659,6.469,5.884,0.600,0,278.625,218.113,400.000,
1785142177.0302,PID,FOLLOW_AND_BRAKE,374.36,154.79,406.00,325.207,304.528,352.924,278.625,218.113,400.000,332.561,317.166,347.924,47.076,275.589,356.749,30.423,5.884,0.600,0,278.625,218.113,400.000,
1785142177.0361,PID,FOLLOW_AND_BRAKE,376.25,151.75,400.50,326.742,307.279,356.032,278.625,218.113,400.000,334.111,320.210,351.032,43.968,340.001,361.468,94.835,5.884,0.600,0,278.625,218.113,400.000,
1785142177.0429,PID,FOLLOW_AND_BRAKE,377.98,148.87,396.83,328.174,309.895,358.169,278.625,218.113,400.000,335.244,322.547,353.169,41.831,370.966,364.378,125.800,5.884,0.600,0,278.625,218.113,400.000,
1785142177.0457,PID,FOLLOW_AND_BRAKE,379.50,145.85,393.50,329.394,312.639,360.078,278.625,218.113,400.000,336.332,326.625,355.078,39.922,380.486,366.526,135.320,5.884,0.600,0,278.625,218.113,400.000,
1785142177.0502,PID,FOLLOW_AND_BRAKE,381.40,142.71,390.00,330.963,315.478,362.109,278.625,218.113,400.000,337.992,328.909,357.109,37.891,388.363,368.753,143.197,5.884,0.600,0,278.625,218.113,400.000,
1785142177.0571,PID,FOLLOW_AND_BRAKE,385.56,136.47,386.00,334.042,319.550,364.954,278.625,218.113,400.000,341.602,331.618,359.954,35.046,410.538,372.153,165.372,5.884,0.600,0,278.625,218.113,400.000,
1785142177.0637,PID,FOLLOW_AND_BRAKE,387.50,133.00,379.50,335.456,322.522,368.372,278.625,218.113,400.000,342.275,334.940,363.372,31.628,468.037,377.009,222.871,5.884,0.600,0,278.625,218.113,400.000,
1785142177.0673,PID,FOLLOW_AND_BRAKE,389.39,129.09,375.50,336.836,325.829,370.583,278.625,218.113,400.000,344.343,341.858,365.583,29.417,488.164,379.723,242.997,5.884,0.600,0,278.625,218.113,400.000,
1785142177.0750,PID,FOLLOW_AND_BRAKE,391.48,125.58,369.50,338.383,328.797,373.702,278.625,218.113,400.000,345.869,343.971,368.702,26.298,502.896,383.210,257.729,5.884,0.600,0,278.625,218.113,400.000,
1785142177.0778,PID,FOLLOW_AND_BRAKE,393.55,121.71,361.00,339.715,331.790,377.977,278.625,218.113,400.000,346.795,346.878,372.977,22.023,566.459,389.074,321.293,5.884,0.600,0,278.625,218.113,400.000,
1785142177.0826,PID,FOLLOW_AND_BRAKE,396.33,118.00,350.00,341.278,333.598,383.590,278.625,218.113,400.000,348.812,345.758,378.590,16.410,662.328,397.083,417.162,5.884,0.600,0,278.625,218.113,400.000,
1785142177.0886,PID,FOLLOW_AND_BRAKE,398.54,114.25,342.00,342.414,335.638,387.696,278.625,218.113,400.000,348.781,346.389,382.696,12.304,725.080,402.758,479.914,5.884,0.600,0,278.625,218.113,400.000,
1785142177.0912,PID,FOLLOW_AND_BRAKE,,,335.03,,,394.907,278.625,218.113,400.000,348.781,346.389,389.907,5.093,859.999,413.343,614.833,5.884,0.600,0,278.625,218.113,400.000,
1785142177.0971,PID,FOLLOW_AND_BRAKE,,,330.00,,,398.042,278.625,218.113,400.000,348.781,346.389,393.042,1.958,851.533,416.265,606.366,5.884,0.600,0,278.625,218.113,400.000,
1785142177.1034,PID,FOLLOW_AND_BRAKE,,,324.00,,,401.781,278.625,218.113,400.000,348.781,346.389,396.781,-1.781,846.219,419.872,601.053,5.884,0.600,0,278.625,218.113,400.000,
1785142177.1062,PID,FOLLOW_AND_BRAKE,,,317.71,,,405.701,278.625,218.113,400.000,348.781,346.389,400.701,-5.701,842.509,423.699,597.342,5.884,0.600,0,278.625,218.113,400.000,
1785142177.1130,PID,FOLLOW_AND_BRAKE,,,312.82,,,408.746,278.625,218.113,400.000,348.781,346.389,403.746,-8.746,801.140,425.710,555.974,5.884,0.600,0,278.625,218.113,400.000,
1785142177.1192,PID,FOLLOW_AND_BRAKE,,,,,,,278.625,218.113,400.000,348.781,346.389,403.746,,,,,,,0,278.625,218.113,400.000,
1785142177.1225,PID,FOLLOW_AND_BRAKE,209.82,53.20,,165.494,368.827,,278.625,218.113,400.000,338.781,356.389,403.746,,801.140,,555.974,5.884,0.600,0,278.625,218.113,400.000,
1785142177.1278,PID,FOLLOW_AND_BRAKE,119.00,140.00,,86.969,290.837,,278.625,218.113,400.000,328.781,346.389,403.746,,801.140,,555.974,5.884,0.600,0,278.625,218.113,400.000,
1785142177.1351,PID,FOLLOW_AND_BRAKE,118.50,140.00,473.50,5.555,228.771,205.234,278.625,218.113,400.000,318.781,336.389,393.746,194.766,-1038.006,176.219,-1283.172,12.300,1.000,1,278.625,218.113,400.000,
1785142177.1384,PID,FOLLOW_AND_BRAKE,119.00,140.00,,86.969,290.837,,278.625,218.113,400.000,308.781,326.389,393.746,,-1038.006,,-1283.172,12.300,1.000,1,278.625,218.113,400.000,
1785142177.1436,PID,FOLLOW_AND_BRAKE,119.00,140.00,,86.969,290.837,,278.625,218.113,400.000,298.781,316.389,393.746,,-1038.006,,-1283.172,12.300,1.000,1,278.625,218.113,400.000,
1785142177.1509,PID,FOLLOW_AND_BRAKE,118.50,140.00,,86.527,290.823,,278.625,218.113,400.000,288.781,306.389,393.746,,-1038.006,,-1283.172,12.300,1.000,1,278.625,218.113,400.000,
1785142177.1532,PID,FOLLOW_AND_BRAKE,118.50,140.00,,86.527,290.823,,278.625,218.113,400.000,278.781,296.389,393.746,,-1038.006,,-1283.172,12.300,1.000,1,278.625,218.113,400.000,
1785142177.1591,PID,FOLLOW_AND_BRAKE,119.00,140.00,,86.969,290.837,,278.625,218.113,400.000,268.781,293.037,393.746,,-1038.006,,-1283.172,12.300,1.000,1,278.625,218.113,400.000,
1785142177.1682,PID,FOLLOW_AND_BRAKE,118.50,140.00,,86.527,290.823,,278.625,218.113,400.000,258.781,291.890,393.746,,-1038.006,,-1283.172,12.300,1.000,1,278.625,218.113,400.000,
1785142177.1708,PID,FOLLOW_AND_BRAKE,118.50,140.00,,86.527,290.823,,278.625,218.113,400.000,248.781,291.356,393.746,,-1038.006,,-1283.172,12.300,1.000,1,278.625,218.113,400.000,
1785142177.1748,PID,FOLLOW_AND_BRAKE,118.50,140.00,,86.527,290.823,,278.625,218.113,400.000,238.781,291.090,393.746,,-1038.006,,-1283.172,12.300,1.000,1,278.625,218.113,400.000,
1785142177.1846,PID,FOLLOW_AND_BRAKE,118.50,140.00,,86.527,290.823,,278.625,218.113,400.000,228.781,290.956,393.746,,-1038.006,,-1283.172,12.300,1.000,1,278.625,218.113,400.000,
1785142177.1883,PID,FOLLOW_AND_BRAKE,119.00,140.00,,86.969,290.837,,278.625,218.113,400.000,218.781,290.936,393.746,,-1038.006,,-1283.172,12.300,1.000,1,278.625,218.113,400.000,
1785142177.1952,PID,FOLLOW_AND_BRAKE,119.00,140.00,,86.969,290.837,,278.625,218.113,400.000,208.781,290.887,393.746,,-1038.006,,-1283.172,12.300,1.000,1,278.625,218.113,400.000,
1785142177.2036,PID,FOLLOW_AND_BRAKE,119.00,140.00,,86.969,290.837,,278.625,218.113,400.000,198.781,290.862,393.746,,-1038.006,,-1283.172,12.300,1.000,1,278.625,218.113,400.000,
1785142177.2085,PID,FOLLOW_AND_BRAKE,119.00,140.00,,86.969,290.837,,278.625,218.113,400.000,188.781,290.849,393.746,,-1038.006,,-1283.172,12.300,1.000,1,278.625,218.113,400.000,
1785142177.2148,PID,FOLLOW_AND_BRAKE,118.50,140.00,,86.527,290.823,,278.625,218.113,400.000,178.781,290.795,393.746,,-1038.006,,-1283.172,12.300,1.000,1,278.625,218.113,400.000,
1785142177.2212,PID,FOLLOW_AND_BRAKE,118.50,140.00,,86.527,290.823,,278.625,218.113,400.000,168.781,290.809,393.746,,-1038.006,,-1283.172,12.300,1.000,1,278.625,218.113,400.000,
1785142177.2245,PID,FOLLOW_AND_BRAKE,118.50,140.00,,86.527,290.823,,278.625,218.113,400.000,158.781,290.816,393.746,,-1038.006,,-1283.172,12.300,1.000,1,278.625,218.113,400.000,
1785142177.2289,PID,FOLLOW_AND_BRAKE,119.00,140.00,,86.969,290.837,,278.625,218.113,400.000,148.781,290.866,393.746,,-1038.006,,-1283.172,12.300,1.000,1,278.625,218.113,400.000,
1785142177.2365,PID,FOLLOW_AND_BRAKE,118.50,140.00,,86.527,290.823,,278.625,218.113,400.000,138.781,290.801,393.746,,-1038.006,,-1283.172,12.300,1.000,1,278.625,218.113,400.000,
1785142177.2391,PID,FOLLOW_AND_BRAKE,118.50,140.00,,86.527,290.823,,278.625,218.113,400.000,128.781,290.812,393.746,,-1038.006,,-1283.172,12.300,1.000,1,278.625,218.113,400.000,
1785142177.2462,PID,FOLLOW_AND_BRAKE,119.00,140.00,,86.969,290.837,,278.625,218.113,400.000,118.781,290.868,393.746,,-1038.006,,-1283.172,12.300,1.000,1,278.625,218.113,400.000,
1785142177.2540,PID,FOLLOW_AND_BRAKE,118.50,140.00,,86.527,290.823,,278.625,218.113,400.000,108.781,290.821,393.746,,-1038.006,,-1283.172,12.300,1.000,1,278.625,218.113,400.000,
1785142177.2614,PID,FOLLOW_AND_BRAKE,118.50,140.00,,86.527,290.823,,278.625,218.113,400.000,98.781,290.822,393.746,,-1038.006,,-1283.172,12.300,1.000,1,278.625,218.113,400.000,
1785142177.2658,PID,FOLLOW_AND_BRAKE,118.50,140.00,,86.527,290.823,,278.625,218.113,400.000,88.781,290.822,393.746,,-1038.006,,-1283.172,12.300,1.000,1,278.625,218.113,400.000,
1785142177.2728,PID,FOLLOW_AND_BRAKE,118.50,140.00,,86.527,290.823,,278.625,218.113,400.000,86.521,290.822,393.746,,-1038.006,,-1283.172,12.300,1.000,1,278.625,218.113,400.000,
1785142177.2753,PID,FOLLOW_AND_BRAKE,118.50,140.00,,86.527,290.823,,278.625,218.113,400.000,86.524,290.823,393.746,,-1038.006,,-1283.172,12.300,1.000,1,278.625,218.113,400.000,
1785142177.2801,PID,FOLLOW_AND_BRAKE,119.00,140.00,,86.969,290.837,,278.625,218.113,400.000,88.038,290.870,393.746,,-1038.006,,-1283.172,12.300,1.000,1,278.625,218.113,400.000,
1785142177.2889,PID,FOLLOW_AND_BRAKE,119.00,140.00,,86.969,290.837,,278.625,218.113,400.000,87.503,290.853,393.746,,-1038.006,,-1283.172,12.300,1.000,1,278.625,218.113,400.000,
1785142177.2914,PID,FOLLOW_AND_BRAKE,118.50,140.00,,86.527,290.823,,278.625,218.113,400.000,85.680,290.796,393.746,,-1038.006,,-1283.172,12.300,1.000,1,278.625,218.113,400.000,
1785142177.2967,PID,FOLLOW_AND_BRAKE,118.50,140.00,,86.527,290.823,,278.625,218.113,400.000,86.104,290.809,393.746,,-1038.006,,-1283.172,12.300,1.000,1,278.625,218.113,400.000,
1785142177.3045,PID,FOLLOW_AND_BRAKE,118.50,140.00,,86.527,290.823,,278.625,218.113,400.000,86.316,290.816,393.746,,-1038.006,,-1283.172,12.300,1.000,1,278.625,218.113,400.000,
1785142177.3068,PID,FOLLOW_AND_BRAKE,118.50,140.00,,86.527,290.823,,278.625,218.113,400.000,86.422,290.819,393.746,,-1038.006,,-1283.172,12.300,1.000,1,278.625,218.113,400.000,
1785142177.3094,PID,FOLLOW_AND_BRAKE,119.00,140.00,,86.969,290.837,,278.625,218.113,400.000,88.003,290.869,393.746,,-1038.006,,-1283.172,12.300,1.000,1,278.625,218.113,400.000,
1785142177.3186,PID,FOLLOW_AND_BRAKE,118.50,140.00,,86.527,290.823,,278.625,218.113,400.000,86.009,290.806,393.746,,-1038.006,,-1283.172,12.300,1.000,1,278.625,218.113,400.000,
1785142177.3214,PID,FOLLOW_AND_BRAKE,118.50,140.00,,86.527,290.823,,278.625,218.113,400.000,86.268,290.815,393.746,,-1038.006,,-1283.172,12.300,1.000,1,278.625,218.113,400.000,
1785142177.3250,PID,FOLLOW_AND_BRAKE,118.50,140.00,,86.527,290.823,,278.625,218.113,400.000,86.398,290.819,393.746,,-1038.006,,-1283.172,12.300,1.000,1,278.625,218.113,400.000,
1785142177.3339,PID,FOLLOW_AND_BRAKE,119.00,140.00,,86.969,290.837,,278.625,218.113,400.000,87.483,290.853,393.746,,-1038.006,,-1283.172,12.300,1.000,1,278.625,218.113,400.000,
1785142177.3388,PID,FOLLOW_AND_BRAKE,118.50,140.00,,86.527,290.823,,278.625,218.113,400.000,85.682,290.796,393.746,,-1038.006,,-1283.172,12.300,1.000,1,278.625,218.113,400.000,
1785142177.3455,PID,FOLLOW_AND_BRAKE,119.00,140.00,,86.969,290.837,,278.625,218.113,400.000,87.647,290.858,393.746,,-1038.006,,-1283.172,12.300,1.000,1,278.625,218.113,400.000,
1785142177.3523,PID,FOLLOW_AND_BRAKE,118.50,140.00,,86.527,290.823,,278.625,218.113,400.000,85.769,290.799,393.746,,-1038.006,,-1283.172,12.300,1.000,1,278.625,218.113,400.000,
1785142177.3563,PID,FOLLOW_AND_BRAKE,118.50,140.00,,86.527,290.823,,278.625,218.113,400.000,86.148,290.811,393.746,,-1038.006,,-1283.172,12.300,1.000,1,278.625,218.113,400.000,
1785142177.3609,PID,FOLLOW_AND_BRAKE,119.00,140.00,,86.969,290.837,,278.625,218.113,400.000,87.803,290.863,393.746,,-1038.006,,-1283.172,12.300,1.000,1,278.625,218.113,400.000,
1785142177.3681,PID,FOLLOW_AND_BRAKE,118.50,140.00,,86.527,290.823,,278.625,218.113,400.000,85.837,290.801,393.746,,-1038.006,,-1283.172,12.300,1.000,1,278.625,218.113,400.000,
1785142177.3705,PID,FOLLOW_AND_BRAKE,119.00,140.00,,86.969,290.837,,278.625,218.113,400.000,87.740,290.861,393.746,,-1038.006,,-1283.172,12.300,1.000,1,278.625,218.113,400.000,
1785142177.3741,PID,FOLLOW_AND_BRAKE,118.50,140.00,,86.527,290.823,,278.625,218.113,400.000,85.813,290.800,393.746,,-1038.006,,-1283.172,12.300,1.000,1,278.625,218.113,400.000,
1785142177.3849,PID,FOLLOW_AND_BRAKE,119.00,140.00,,86.969,290.837,,278.625,218.113,400.000,87.730,290.861,393.746,,-1038.006,,-1283.172,12.300,1.000,1,278.625,218.113,400.000,
1785142177.3878,PID,FOLLOW_AND_BRAKE,118.50,140.00,,86.527,290.823,,278.625,218.113,400.000,85.781,290.799,393.746,,-1038.006,,-1283.172,12.300,1.000,1,278.625,218.113,400.000,
1785142177.3917,PID,FOLLOW_AND_BRAKE,119.00,140.00,,86.969,290.837,,278.625,218.113,400.000,87.628,290.857,393.746,,-1038.006,,-1283.172,12.300,1.000,1,278.625,218.113,400.000,
1785142177.4015,PID,FOLLOW_AND_BRAKE,119.00,140.00,,86.969,290.837,,278.625,218.113,400.000,87.299,290.847,393.746,,-1038.006,,-1283.172,12.300,1.000,1,278.625,218.113,400.000,
1785142177.4049,PID,FOLLOW_AND_BRAKE,118.50,140.00,,86.527,290.823,,278.625,218.113,400.000,85.602,290.793,393.746,,-1038.006,,-1283.172,12.300,1.000,1,278.625,218.113,400.000,
1785142177.4120,PID,FOLLOW_AND_BRAKE,119.00,140.00,,86.969,290.837,,278.625,218.113,400.000,87.613,290.857,393.746,,-1038.006,,-1283.172,12.300,1.000,1,278.625,218.113,400.000,
1785142177.4185,PID,FOLLOW_AND_BRAKE,118.50,140.00,,86.527,290.823,,278.625,218.113,400.000,85.779,290.799,393.746,,-1038.006,,-1283.172,12.300,1.000,1,278.625,218.113,400.000,
1785142177.4229,PID,FOLLOW_AND_BRAKE,119.00,140.00,,86.969,290.837,,278.625,218.113,400.000,87.733,290.861,393.746,,-1038.006,,-1283.172,12.300,1.000,1,278.625,218.113,400.000,
1785142177.4253,PID,FOLLOW_AND_BRAKE,119.00,140.00,,86.969,290.837,,278.625,218.113,400.000,87.351,290.849,393.746,,-1038.006,,-1283.172,12.300,1.000,1,278.625,218.113,400.000,
1785142177.4344,PID,FOLLOW_AND_BRAKE,119.00,140.00,,86.969,290.837,,278.625,218.113,400.000,87.160,290.843,393.746,,-1038.006,,-1283.172,12.300,1.000,1,278.625,218.113,400.000,
1785142177.4373,PID,FOLLOW_AND_BRAKE,118.50,140.00,,86.527,290.823,,278.625,218.113,400.000,85.502,290.790,393.746,,-1038.006,,-1283.172,12.300,1.000,1,278.625,218.113,400.000,
1785142177.4416,PID,FOLLOW_AND_BRAKE,119.00,140.00,,86.969,290.837,,278.625,218.113,400.000,87.518,290.854,393.746,,-1038.006,,-1283.172,12.300,1.000,1,278.625,218.113,400.000,
1785142177.4510,PID,FOLLOW_AND_BRAKE,118.50,140.00,,86.527,290.823,,278.625,218.113,400.000,86.241,290.814,393.746,,-1038.006,,-1283.172,12.300,1.000,1,278.625,218.113,400.000,
1785142177.4565,PID,FOLLOW_AND_BRAKE,118.50,140.00,,86.527,290.823,,278.625,218.113,400.000,86.384,290.818,393.746,,-1038.006,,-1283.172,12.300,1.000,1,278.625,218.113,400.000,
1785142177.4613,PID,FOLLOW_AND_BRAKE,118.50,140.00,,86.527,290.823,,278.625,218.113,400.000,86.456,290.820,393.746,,-1038.006,,-1283.172,12.300,1.000,1,278.625,218.113,400.000,
1785142177.4683,PID,FOLLOW_AND_BRAKE,118.50,140.00,,86.527,290.823,,278.625,218.113,400.000,86.492,290.822,393.746,,-1038.006,,-1283.172,12.300,1.000,1,278.625,218.113,400.000,
1785142177.4716,PID,FOLLOW_AND_BRAKE,119.00,140.00,,86.969,290.837,,278.625,218.113,400.000,87.979,290.868,393.746,,-1038.006,,-1283.172,12.300,1.000,1,278.625,218.113,400.000,
1785142177.4776,PID,FOLLOW_AND_BRAKE,118.50,140.00,,86.527,290.823,,278.625,218.113,400.000,85.803,290.800,393.746,,-1038.006,,-1283.172,12.300,1.000,1,278.625,218.113,400.000,
1785142177.4839,PID,FOLLOW_AND_BRAKE,118.50,140.00,,86.527,290.823,,278.625,218.113,400.000,86.165,290.811,393.746,,-1038.006,,-1283.172,12.300,1.000,1,278.625,218.113,400.000,
1785142177.4863,PID,FOLLOW_AND_BRAKE,118.50,140.00,,86.527,290.823,,278.625,218.113,400.000,86.346,290.817,393.746,,-1038.006,,-1283.172,12.300,1.000,1,278.625,218.113,400.000,
1785142177.4900,PID,FOLLOW_AND_BRAKE,118.50,140.00,,86.527,290.823,,278.625,218.113,400.000,86.437,290.820,393.746,,-1038.006,,-1283.172,12.300,1.000,1,278.625,218.113,400.000,
1785142177.4990,PID,FOLLOW_AND_BRAKE,118.50,140.00,,86.527,290.823,,278.625,218.113,400.000,86.482,290.821,393.746,,-1038.006,,-1283.172,12.300,1.000,1,278.625,218.113,400.000,
1785142177.5015,PID,FOLLOW_AND_BRAKE,119.00,140.00,,86.969,290.837,,278.625,218.113,400.000,88.069,290.871,393.746,,-1038.006,,-1283.172,12.300,1.000,1,278.625,218.113,400.000,
1785142177.5078,PID,FOLLOW_AND_BRAKE,118.50,140.00,,86.527,290.823,,278.625,218.113,400.000,85.956,290.805,393.746,,-1038.006,,-1283.172,12.300,1.000,1,278.625,218.113,400.000,
1785142177.5173,PID,FOLLOW_AND_BRAKE,118.50,140.00,,86.527,290.823,,278.625,218.113,400.000,86.242,290.814,393.746,,-1038.006,,-1283.172,12.300,1.000,1,278.625,218.113,400.000,
1785142177.5229,PID,FOLLOW_AND_BRAKE,119.00,140.00,,86.969,290.837,,278.625,218.113,400.000,87.957,290.868,393.746,,-1038.006,,-1283.172,12.300,1.000,1,278.625,218.113,400.000,
1785142177.5280,PID,FOLLOW_AND_BRAKE,118.50,140.00,,86.527,290.823,,278.625,218.113,400.000,85.918,290.803,393.746,,-1038.006,,-1283.172,12.300,1.000,1,278.625,218.113,400.000,
1785142177.5342,PID,FOLLOW_AND_BRAKE,118.50,140.00,,86.527,290.823,,278.625,218.113,400.000,86.223,290.813,393.746,,-1038.006,,-1283.172,12.300,1.000,1,278.625,218.113,400.000,
1785142177.5361,PID,FOLLOW_AND_BRAKE,118.50,140.00,,86.527,290.823,,278.625,218.113,400.000,86.375,290.818,393.746,,-1038.006,,-1283.172,12.300,1.000,1,278.625,218.113,400.000,
1785142177.5418,PID,FOLLOW_AND_BRAKE,119.00,140.00,,86.969,290.837,,278.625,218.113,400.000,88.054,290.871,393.746,,-1038.006,,-1283.172,12.300,1.000,1,278.625,218.113,400.000,
1785142177.5534,PID,FOLLOW_AND_BRAKE,118.50,140.00,,86.527,290.823,,278.625,218.113,400.000,85.982,290.805,393.746,,-1038.006,,-1283.172,12.300,1.000,1,278.625,218.113,400.000,
1785142177.5564,PID,FOLLOW_AND_BRAKE,118.50,140.00,,86.527,290.823,,278.625,218.113,400.000,86.254,290.814,393.746,,-1038.006,,-1283.172,12.300,1.000,1,278.625,218.113,400.000,
1785142177.5593,PID,FOLLOW_AND_BRAKE,119.00,140.00,,86.969,290.837,,278.625,218.113,400.000,88.198,290.875,393.746,,-1038.006,,-1283.172,12.300,1.000,1,278.625,218.113,400.000,
1785142177.5707,PID,FOLLOW_AND_BRAKE,119.00,140.00,,86.969,290.837,,278.625,218.113,400.000,87.584,290.856,393.746,,-1038.006,,-1283.172,12.300,1.000,1,278.625,218.113,400.000,
1785142177.5755,PID,FOLLOW_AND_BRAKE,119.00,140.00,,86.969,290.837,,278.625,218.113,400.000,87.277,290.846,393.746,,-1038.006,,-1283.172,12.300,1.000,1,278.625,218.113,400.000,
1785142177.5806,PID,FOLLOW_AND_BRAKE,119.00,140.00,,86.969,290.837,,278.625,218.113,400.000,87.123,290.841,393.746,,-1038.006,,-1283.172,12.300,1.000,1,278.625,218.113,400.000,
1785142177.5895,PID,FOLLOW_AND_BRAKE,119.00,140.00,,86.969,290.837,,278.625,218.113,400.000,87.046,290.839,393.746,,-1038.006,,-1283.172,12.300,1.000,1,278.625,218.113,400.000,
1785142177.5939,PID,FOLLOW_AND_BRAKE,119.00,140.00,,86.969,290.837,,278.625,218.113,400.000,87.008,290.838,393.746,,-1038.006,,-1283.172,12.300,1.000,1,278.625,218.113,400.000,
1785142177.5976,PID,FOLLOW_AND_BRAKE,119.00,140.00,,86.969,290.837,,278.625,218.113,400.000,86.989,290.837,393.746,,-1038.006,,-1283.172,12.300,1.000,1,278.625,218.113,400.000,
1785142177.6067,PID,FOLLOW_AND_BRAKE,119.00,140.00,,86.969,290.837,,278.625,218.113,400.000,86.979,290.837,393.746,,-1038.006,,-1283.172,12.300,1.000,1,278.625,218.113,400.000,
1785142177.6095,PID,FOLLOW_AND_BRAKE,119.00,140.00,,86.969,290.837,,278.625,218.113,400.000,86.974,290.837,393.746,,-1038.006,,-1283.172,12.300,1.000,1,278.625,218.113,400.000,
1785142177.6134,PID,FOLLOW_AND_BRAKE,118.50,140.00,,86.527,290.823,,278.625,218.113,400.000,85.440,290.788,393.746,,-1038.006,,-1283.172,12.300,1.000,1,278.625,218.113,400.000,
1785142177.6202,PID,FOLLOW_AND_BRAKE,118.50,140.00,,86.527,290.823,,278.625,218.113,400.000,85.984,290.806,393.746,,-1038.006,,-1283.172,12.300,1.000,1,278.625,218.113,400.000,
1785142177.6229,PID,FOLLOW_AND_BRAKE,119.00,140.00,,86.969,290.837,,278.625,218.113,400.000,87.798,290.863,393.746,,-1038.006,,-1283.172,12.300,1.000,1,278.625,218.113,400.000,
1785142177.6298,PID,FOLLOW_AND_BRAKE,119.00,140.00,,86.969,290.837,,278.625,218.113,400.000,87.384,290.850,393.746,,-1038.006,,-1283.172,12.300,1.000,1,278.625,218.113,400.000,
1785142177.6379,PID,FOLLOW_AND_BRAKE,119.00,140.00,,86.969,290.837,,278.625,218.113,400.000,87.177,290.843,393.746,,-1038.006,,-1283.172,12.300,1.000,1,278.625,218.113,400.000,
1785142177.6404,PID,FOLLOW_AND_BRAKE,118.50,140.00,,86.527,290.823,,278.625,218.113,400.000,85.464,290.789,393.746,,-1038.006,,-1283.172,12.300,1.000,1,278.625,218.113,400.000,
1785142177.6427,PID,FOLLOW_AND_BRAKE,119.00,140.00,,86.969,290.837,,278.625,218.113,400.000,87.538,290.855,393.746,,-1038.006,,-1283.172,12.300,1.000,1,278.625,218.113,400.000,
1785142177.6506,PID,FOLLOW_AND_BRAKE,118.50,140.00,,86.527,290.823,,278.625,218.113,400.000,85.709,290.797,393.746,,-1038.006,,-1283.172,12.300,1.000,1,278.625,218.113,400.000,
1785142177.6533,PID,FOLLOW_AND_BRAKE,119.00,140.00,,86.969,290.837,,278.625,218.113,400.000,87.611,290.857,393.746,,-1038.006,,-1283.172,12.300,1.000,1,278.625,218.113,400.000,
1785142177.6569,PID,FOLLOW_AND_BRAKE,119.00,140.00,,86.969,290.837,,278.625,218.113,400.000,87.290,290.847,393.746,,-1038.006,,-1283.172,12.300,1.000,1,278.625,218.113,400.000,
1785142177.6686,PID,FOLLOW_AND_BRAKE,118.50,140.00,,86.527,290.823,,278.625,218.113,400.000,86.138,290.810,393.746,,-1038.006,,-1283.172,12.300,1.000,1,278.625,218.113,400.000,
1785142177.6720,PID,FOLLOW_AND_BRAKE,118.50,140.00,,86.527,290.823,,278.625,218.113,400.000,86.333,290.817,393.746,,-1038.006,,-1283.172,12.300,1.000,1,278.625,218.113,400.000,
1785142177.6791,PID,FOLLOW_AND_BRAKE,118.50,140.00,,86.527,290.823,,278.625,218.113,400.000,86.430,290.820,393.746,,-1038.006,,-1283.172,12.300,1.000,1,278.625,218.113,400.000,
1785142177.6851,PID,FOLLOW_AND_BRAKE,119.00,140.00,,86.969,290.837,,278.625,218.113,400.000,88.006,290.869,393.746,,-1038.006,,-1283.172,12.300,1.000,1,278.625,218.113,400.000,
1785142177.6891,PID,FOLLOW_AND_BRAKE,118.50,140.00,,86.527,290.823,,278.625,218.113,400.000,86.110,290.810,393.746,,-1038.006,,-1283.172,12.300,1.000,1,278.625,218.113,400.000,
1785142177.6936,PID,FOLLOW_AND_BRAKE,119.00,140.00,,86.969,290.837,,278.625,218.113,400.000,88.142,290.874,393.746,,-1038.006,,-1283.172,12.300,1.000,1,278.625,218.113,400.000,
1785142177.7014,PID,FOLLOW_AND_BRAKE,119.00,140.00,,86.969,290.837,,278.625,218.113,400.000,87.556,290.855,393.746,,-1038.006,,-1283.172,12.300,1.000,1,278.625,218.113,400.000,
1785142177.7044,PID,FOLLOW_AND_BRAKE,118.50,140.00,,86.527,290.823,,278.625,218.113,400.000,85.713,290.797,393.746,,-1038.006,,-1283.172,12.300,1.000,1,278.625,218.113,400.000,
1785142177.7101,PID,FOLLOW_AND_BRAKE,118.50,140.00,,86.527,290.823,,278.625,218.113,400.000,86.120,290.810,393.746,,-1038.006,,-1283.172,12.300,1.000,1,278.625,218.113,400.000,
1785142177.7188,PID,FOLLOW_AND_BRAKE,119.00,140.00,,86.969,290.837,,278.625,218.113,400.000,87.973,290.868,393.746,,-1038.006,,-1283.172,12.300,1.000,1,278.625,218.113,400.000,
1785142177.7213,PID,FOLLOW_AND_BRAKE,118.50,140.00,,86.527,290.823,,278.625,218.113,400.000,85.954,290.805,393.746,,-1038.006,,-1283.172,12.300,1.000,1,278.625,218.113,400.000,
1785142177.7245,PID,FOLLOW_AND_BRAKE,118.50,140.00,,86.527,290.823,,278.625,218.113,400.000,86.241,290.814,393.746,,-1038.006,,-1283.172,12.300,1.000,1,278.625,218.113,400.000,
1785142177.7346,PID,FOLLOW_AND_BRAKE,118.50,140.00,,86.527,290.823,,278.625,218.113,400.000,86.384,290.818,393.746,,-1038.006,,-1283.172,12.300,1.000,1,278.625,218.113,400.000,
1785142177.7386,PID,FOLLOW_AND_BRAKE,118.50,140.00,,86.527,290.823,,278.625,218.113,400.000,86.456,290.820,393.746,,-1038.006,,-1283.172,12.300,1.000,1,278.625,218.113,400.000,
1785142177.7452,PID,FOLLOW_AND_BRAKE,118.50,140.00,,86.527,290.823,,278.625,218.113,400.000,86.492,290.822,393.746,,-1038.006,,-1283.172,12.300,1.000,1,278.625,218.113,400.000,
1785142177.7512,PID,FOLLOW_AND_BRAKE,118.50,140.00,,86.527,290.823,,278.625,218.113,400.000,86.509,290.822,393.746,,-1038.006,,-1283.172,12.300,1.000,1,278.625,218.113,400.000,
1785142177.7533,PID,FOLLOW_AND_BRAKE,118.50,140.00,,86.527,290.823,,278.625,218.113,400.000,86.518,290.822,393.746,,-1038.006,,-1283.172,12.300,1.000,1,278.625,218.113,400.000,
1785142177.7589,PID,FOLLOW_AND_BRAKE,118.50,140.00,,86.527,290.823,,278.625,218.113,400.000,86.523,290.823,393.746,,-1038.006,,-1283.172,12.300,1.000,1,278.625,218.113,400.000,
1785142177.7681,PID,FOLLOW_AND_BRAKE,118.50,140.00,,86.527,290.823,,278.625,218.113,400.000,86.525,290.823,393.746,,-1038.006,,-1283.172,12.300,1.000,1,278.625,218.113,400.000,
1785142177.7704,PID,FOLLOW_AND_BRAKE,119.00,140.00,,86.969,290.837,,278.625,218.113,400.000,88.087,290.872,393.746,,-1038.006,,-1283.172,12.300,1.000,1,278.625,218.113,400.000,
1785142177.7727,PID,FOLLOW_AND_BRAKE,118.50,140.00,,86.527,290.823,,278.625,218.113,400.000,85.999,290.806,393.746,,-1038.006,,-1283.172,12.300,1.000,1,278.625,218.113,400.000,
1785142177.7850,PID,FOLLOW_AND_BRAKE,119.25,140.06,,87.195,290.794,,278.625,218.113,400.000,88.604,290.713,393.746,,-1038.006,,-1283.172,12.300,1.000,1,278.625,218.113,400.000,
1785142177.7877,PID,FOLLOW_AND_BRAKE,118.50,140.00,,86.527,290.823,,278.625,218.113,400.000,85.576,290.854,393.746,,-1038.006,,-1283.172,12.300,1.000,1,278.625,218.113,400.000,
1785142177.7898,PID,FOLLOW_AND_BRAKE,119.00,140.00,,86.969,290.837,,278.625,218.113,400.000,87.514,290.884,393.746,,-1038.006,,-1283.172,12.300,1.000,1,278.625,218.113,400.000,
1785142177.8015,PID,FOLLOW_AND_BRAKE,119.00,140.00,,86.969,290.837,,278.625,218.113,400.000,87.242,290.861,393.746,,-1038.006,,-1283.172,12.300,1.000,1,278.625,218.113,400.000,
1785142177.8048,PID,FOLLOW_AND_BRAKE,118.50,140.00,,86.527,290.823,,278.625,218.113,400.000,85.585,290.801,393.746,,-1038.006,,-1283.172,12.300,1.000,1,278.625,218.113,400.000,
1785142177.8070,PID,FOLLOW_AND_BRAKE,118.50,140.00,,86.527,290.823,,278.625,218.113,400.000,86.056,290.812,393.746,,-1038.006,,-1283.172,12.300,1.000,1,278.625,218.113,400.000,
1785142177.8181,PID,FOLLOW_AND_BRAKE,118.50,140.00,,86.527,290.823,,278.625,218.113,400.000,86.292,290.817,393.746,,-1038.006,,-1283.172,12.300,1.000,1,278.625,218.113,400.000,
1785142177.8215,PID,FOLLOW_AND_BRAKE,118.50,140.00,,86.527,290.823,,278.625,218.113,400.000,86.410,290.820,393.746,,-1038.006,,-1283.172,12.300,1.000,1,278.625,218.113,400.000,
1785142177.8278,PID,FOLLOW_AND_BRAKE,119.00,140.00,,86.969,290.837,,278.625,218.113,400.000,88.045,290.871,393.746,,-1038.006,,-1283.172,12.300,1.000,1,278.625,218.113,400.000,
1785142177.8365,PID,FOLLOW_AND_BRAKE,118.50,140.00,,86.527,290.823,,278.625,218.113,400.000,85.992,290.806,393.746,,-1038.006,,-1283.172,12.300,1.000,1,278.625,218.113,400.000,
1785142177.8396,PID,FOLLOW_AND_BRAKE,118.50,140.00,,86.527,290.823,,278.625,218.113,400.000,86.260,290.814,393.746,,-1038.006,,-1283.172,12.300,1.000,1,278.625,218.113,400.000,
1785142177.8449,PID,FOLLOW_AND_BRAKE,118.50,140.00,,86.527,290.823,,278.625,218.113,400.000,86.394,290.819,393.746,,-1038.006,,-1283.172,12.300,1.000,1,278.625,218.113,400.000,
1785142177.8520,PID,FOLLOW_AND_BRAKE,119.00,140.00,,86.969,290.837,,278.625,218.113,400.000,87.955,290.868,393.746,,-1038.006,,-1283.172,12.300,1.000,1,278.625,218.113,400.000,
1785142177.8542,PID,FOLLOW_AND_BRAKE,118.50,140.00,,86.527,290.823,,278.625,218.113,400.000,85.864,290.802,393.746,,-1038.006,,-1283.172,12.300,1.000,1,278.625,218.113,400.000,
1785142177.8585,PID,FOLLOW_AND_BRAKE,119.00,140.00,,86.969,290.837,,278.625,218.113,400.000,87.724,290.860,393.746,,-1038.006,,-1283.172,12.300,1.000,1,278.625,218.113,400.000,
1785142177.8678,PID,FOLLOW_AND_BRAKE,118.50,140.00,,86.527,290.823,,278.625,218.113,400.000,85.811,290.800,393.746,,-1038.006,,-1283.172,12.300,1.000,1,278.625,218.113,400.000,
1785142177.8705,PID,FOLLOW_AND_BRAKE,118.50,140.00,,86.527,290.823,,278.625,218.113,400.000,86.169,290.811,393.746,,-1038.006,,-1283.172,12.300,1.000,1,278.625,218.113,400.000,
1785142177.8743,PID,FOLLOW_AND_BRAKE,119.00,140.00,,86.969,290.837,,278.625,218.113,400.000,87.820,290.863,393.746,,-1038.006,,-1283.172,12.300,1.000,1,278.625,218.113,400.000,
1785142177.8848,PID,FOLLOW_AND_BRAKE,118.50,140.00,,86.527,290.823,,278.625,218.113,400.000,85.788,290.799,393.746,,-1038.006,,-1283.172,12.300,1.000,1,278.625,218.113,400.000,
1785142177.8872,PID,FOLLOW_AND_BRAKE,118.50,140.00,,86.527,290.823,,278.625,218.113,400.000,86.158,290.811,393.746,,-1038.006,,-1283.172,12.300,1.000,1,278.625,218.113,400.000,
1785142177.8897,PID,FOLLOW_AND_BRAKE,118.50,140.00,,86.527,290.823,,278.625,218.113,400.000,86.343,290.817,393.746,,-1038.006,,-1283.172,12.300,1.000,1,278.625,218.113,400.000,
1785142177.9016,PID,FOLLOW_AND_BRAKE,118.50,140.00,,86.527,290.823,,278.625,218.113,400.000,86.435,290.820,393.746,,-1038.006,,-1283.172,12.300,1.000,1,278.625,218.113,400.000,
1785142177.9043,PID,FOLLOW_AND_BRAKE,119.00,140.00,,86.969,290.837,,278.625,218.113,400.000,88.078,290.872,393.746,,-1038.006,,-1283.172,12.300,1.000,1,278.625,218.113,400.000,
1785142177.9080,PID,FOLLOW_AND_BRAKE,118.50,140.00,,86.527,290.823,,278.625,218.113,400.000,86.045,290.807,393.746,,-1038.006,,-1283.172,12.300,1.000,1,278.625,218.113,400.000,
1785142177.9175,PID,FOLLOW_AND_BRAKE,118.50,140.00,,86.527,290.823,,278.625,218.113,400.000,86.286,290.815,393.746,,-1038.006,,-1283.172,12.300,1.000,1,278.625,218.113,400.000,
1785142177.9203,PID,FOLLOW_AND_BRAKE,118.50,140.00,,86.527,290.823,,278.625,218.113,400.000,86.407,290.819,393.746,,-1038.006,,-1283.172,12.300,1.000,1,278.625,218.113,400.000,
1785142177.9243,PID,FOLLOW_AND_BRAKE,118.50,140.00,,86.527,290.823,,278.625,218.113,400.000,86.467,290.821,393.746,,-1038.006,,-1283.172,12.300,1.000,1,278.625,218.113,400.000,
1785142177.9346,PID,FOLLOW_AND_BRAKE,119.00,140.00,,86.969,290.837,,278.625,218.113,400.000,87.512,290.854,393.746,,-1038.006,,-1283.172,12.300,1.000,1,278.625,218.113,400.000,
1785142177.9381,PID,FOLLOW_AND_BRAKE,118.50,140.00,,86.527,290.823,,278.625,218.113,400.000,85.706,290.797,393.746,,-1038.006,,-1283.172,12.300,1.000,1,278.625,218.113,400.000,
1785142177.9445,PID,FOLLOW_AND_BRAKE,118.50,140.00,,86.527,290.823,,278.625,218.113,400.000,86.117,290.810,393.746,,-1038.006,,-1283.172,12.300,1.000,1,278.625,218.113,400.000,
1785142177.9514,PID,FOLLOW_AND_BRAKE,118.50,140.00,,86.527,290.823,,278.625,218.113,400.000,86.322,290.816,393.746,,-1038.006,,-1283.172,12.300,1.000,1,278.625,218.113,400.000,
1785142177.9552,PID,FOLLOW_AND_BRAKE,118.50,140.00,,86.527,290.823,,278.625,218.113,400.000,86.425,290.819,393.746,,-1038.006,,-1283.172,12.300,1.000,1,278.625,218.113,400.000,
1785142177.9598,PID,FOLLOW_AND_BRAKE,118.50,140.00,,86.527,290.823,,278.625,218.113,400.000,86.476,290.821,393.746,,-1038.006,,-1283.172,12.300,1.000,1,278.625,218.113,400.000,
1785142177.9683,PID,FOLLOW_AND_BRAKE,118.50,140.00,,86.527,290.823,,278.625,218.113,400.000,86.502,290.822,393.746,,-1038.006,,-1283.172,12.300,1.000,1,278.625,218.113,400.000,
1785142177.9712,PID,FOLLOW_AND_BRAKE,118.50,140.00,,86.527,290.823,,278.625,218.113,400.000,86.515,290.822,393.746,,-1038.006,,-1283.172,12.300,1.000,1,278.625,218.113,400.000,
1785142177.9734,PID,FOLLOW_AND_BRAKE,118.50,140.00,,86.527,290.823,,278.625,218.113,400.000,86.521,290.822,393.746,,-1038.006,,-1283.172,12.300,1.000,1,278.625,218.113,400.000,
1785142177.9842,PID,FOLLOW_AND_BRAKE,118.50,140.00,,86.527,290.823,,278.625,218.113,400.000,86.524,290.823,393.746,,-1038.006,,-1283.172,12.300,1.000,1,278.625,218.113,400.000,
1785142177.9902,PID,FOLLOW_AND_BRAKE,118.50,140.00,,86.527,290.823,,278.625,218.113,400.000,86.526,290.823,393.746,,-1038.006,,-1283.172,12.300,1.000,1,278.625,218.113,400.000,
1785142177.9953,PID,FOLLOW_AND_BRAKE,118.50,140.00,,86.527,290.823,,278.625,218.113,400.000,86.527,290.823,393.746,,-1038.006,,-1283.172,12.300,1.000,1,278.625,218.113,400.000,
1785142178.0020,PID,FOLLOW_AND_BRAKE,119.00,140.00,,86.969,290.837,,278.625,218.113,400.000,87.987,290.869,393.746,,-1038.006,,-1283.172,12.300,1.000,1,278.625,218.113,400.000,
1785142178.0041,PID,FOLLOW_AND_BRAKE,118.50,140.00,,86.527,290.823,,278.625,218.113,400.000,86.011,290.806,393.746,,-1038.006,,-1283.172,12.300,1.000,1,278.625,218.113,400.000,
1785142178.0084,PID,FOLLOW_AND_BRAKE,119.25,140.06,,87.195,290.794,,278.625,218.113,400.000,88.829,290.704,393.746,,-1038.006,,-1283.172,12.300,1.000,1,278.625,218.113,400.000,
1785142178.0180,PID,FOLLOW_AND_BRAKE,118.50,140.00,,86.527,290.823,,278.625,218.113,400.000,85.661,290.850,393.746,,-1038.006,,-1283.172,12.300,1.000,1,278.625,218.113,400.000,
1785142178.0207,PID,FOLLOW_AND_BRAKE,119.00,140.00,,86.969,290.837,,278.625,218.113,400.000,87.619,290.885,393.746,,-1038.006,,-1283.172,12.300,1.000,1,278.625,218.113,400.000,
1785142178.0254,PID,FOLLOW_AND_BRAKE,119.00,140.00,,86.969,290.837,,278.625,218.113,400.000,87.294,290.861,393.746,,-1038.006,,-1283.172,12.300,1.000,1,278.625,218.113,400.000,
1785142178.0345,PID,FOLLOW_AND_BRAKE,118.50,140.00,,86.527,290.823,,278.625,218.113,400.000,86.146,290.818,393.746,,-1038.006,,-1283.172,12.300,1.000,1,278.625,218.113,400.000,
1785142178.0388,PID,FOLLOW_AND_BRAKE,119.00,140.00,,86.969,290.837,,278.625,218.113,400.000,87.819,290.867,393.746,,-1038.006,,-1283.172,12.300,1.000,1,278.625,218.113,400.000,
1785142178.0456,PID,FOLLOW_AND_BRAKE,119.25,140.06,,87.195,290.794,,278.625,218.113,400.000,88.225,290.694,393.746,,-1038.006,,-1283.172,12.300,1.000,1,278.625,218.113,400.000,
1785142178.0544,PID,FOLLOW_AND_BRAKE,119.00,140.00,,86.969,290.837,,278.625,218.113,400.000,86.942,290.890,393.746,,-1038.006,,-1283.172,12.300,1.000,1,278.625,218.113,400.000,
1785142178.0566,PID,FOLLOW_AND_BRAKE,118.50,140.00,,86.527,290.823,,278.625,218.113,400.000,85.483,290.817,393.746,,-1038.006,,-1283.172,12.300,1.000,1,278.625,218.113,400.000,
1785142178.0593,PID,FOLLOW_AND_BRAKE,118.50,140.00,,86.527,290.823,,278.625,218.113,400.000,86.005,290.820,393.746,,-1038.006,,-1283.172,12.300,1.000,1,278.625,218.113,400.000,
1785142178.0678,PID,FOLLOW_AND_BRAKE,119.00,140.00,,86.969,290.837,,278.625,218.113,400.000,87.813,290.870,393.746,,-1038.006,,-1283.172,12.300,1.000,1,278.625,218.113,400.000,
1785142178.0706,PID,FOLLOW_AND_BRAKE,119.00,140.00,,86.969,290.837,,278.625,218.113,400.000,87.391,290.853,393.746,,-1038.006,,-1283.172,12.300,1.000,1,278.625,218.113,400.000,
1785142178.0744,PID,FOLLOW_AND_BRAKE,119.00,140.00,,86.969,290.837,,278.625,218.113,400.000,87.180,290.845,393.746,,-1038.006,,-1283.172,12.300,1.000,1,278.625,218.113,400.000,
1785142178.0838,PID,FOLLOW_AND_BRAKE,119.00,140.00,,86.969,290.837,,278.625,218.113,400.000,87.075,290.841,393.746,,-1038.006,,-1283.172,12.300,1.000,1,278.625,218.113,400.000,
1785142178.0862,PID,FOLLOW_AND_BRAKE,119.00,140.00,,86.969,290.837,,278.625,218.113,400.000,87.022,290.839,393.746,,-1038.006,,-1283.172,12.300,1.000,1,278.625,218.113,400.000,
1785142178.0904,PID,FOLLOW_AND_BRAKE,119.00,140.00,,86.969,290.837,,278.625,218.113,400.000,86.996,290.838,393.746,,-1038.006,,-1283.172,12.300,1.000,1,278.625,218.113,400.000,
1785142178.1015,PID,FOLLOW_AND_BRAKE,119.00,140.00,,86.969,290.837,,278.625,218.113,400.000,86.983,290.837,393.746,,-1038.006,,-1283.172,12.300,1.000,1,278.625,218.113,400.000,
1785142178.1053,PID,FOLLOW_AND_BRAKE,119.25,140.06,,87.195,290.794,,278.625,218.113,400.000,87.766,290.687,393.746,,-1038.006,,-1283.172,12.300,1.000,1,278.625,218.113,400.000,
1785142178.1088,PID,FOLLOW_AND_BRAKE,119.00,140.00,,86.969,290.837,,278.625,218.113,400.000,86.665,290.895,393.746,,-1038.006,,-1283.172,12.300,1.000,1,278.625,218.113,400.000,
1785142178.1175,PID,FOLLOW_AND_BRAKE,119.25,140.06,,87.195,290.794,,278.625,218.113,400.000,87.579,290.721,393.746,,-1038.006,,-1283.172,12.300,1.000,1,278.625,218.113,400.000,
1785142178.1199,PID,FOLLOW_AND_BRAKE,119.00,140.00,,86.969,290.837,,278.625,218.113,400.000,86.585,290.910,393.746,,-1038.006,,-1283.172,12.300,1.000,1,278.625,218.113,400.000,
1785142178.1261,PID,FOLLOW_AND_BRAKE,119.25,140.06,,87.195,290.794,,278.625,218.113,400.000,87.564,290.724,393.746,,-1038.006,,-1283.172,12.300,1.000,1,278.625,218.113,400.000,
1785142178.1341,PID,FOLLOW_AND_BRAKE,119.25,140.06,,87.195,290.794,,278.625,218.113,400.000,87.380,290.759,393.746,,-1038.006,,-1283.172,12.300,1.000,1,278.625,218.113,400.000,
1785142178.1360,PID,FOLLOW_AND_BRAKE,119.25,140.06,,87.195,290.794,,278.625,218.113,400.000,87.287,290.776,393.746,,-1038.006,,-1283.172,12.300,1.000,1,278.625,218.113,400.000,
1785142178.1403,PID,FOLLOW_AND_BRAKE,119.00,140.00,,86.969,290.837,,278.625,218.113,400.000,86.450,290.935,393.746,,-1038.006,,-1283.172,12.300,1.000,1,278.625,218.113,400.000,
1785142178.1515,PID,FOLLOW_AND_BRAKE,119.25,140.06,,87.195,290.794,,278.625,218.113,400.000,87.215,290.790,393.746,,-1038.006,,-1283.172,12.300,1.000,1,278.625,218.113,400.000,
1785142178.1550,PID,FOLLOW_AND_BRAKE,119.25,140.06,,87.195,290.794,,278.625,218.113,400.000,87.205,290.792,393.746,,-1038.006,,-1283.172,12.300,1.000,1,278.625,218.113,400.000,
1785142178.1596,PID,FOLLOW_AND_BRAKE,119.00,140.00,,86.969,290.837,,278.625,218.113,400.000,86.362,290.952,393.746,,-1038.006,,-1283.172,12.300,1.000,1,278.625,218.113,400.000,
1785142178.1682,PID,FOLLOW_AND_BRAKE,119.25,140.06,,87.195,290.794,,278.625,218.113,400.000,87.414,290.752,393.746,,-1038.006,,-1283.172,12.300,1.000,1,278.625,218.113,400.000,
1785142178.1713,PID,FOLLOW_AND_BRAKE,118.50,140.00,,86.527,290.823,,278.625,218.113,400.000,84.820,290.880,393.746,,-1038.006,,-1283.172,12.300,1.000,1,278.625,218.113,400.000,
1785142178.1750,PID,FOLLOW_AND_BRAKE,119.00,140.00,,86.969,290.837,,278.625,218.113,400.000,87.207,290.900,393.746,,-1038.006,,-1283.172,12.300,1.000,1,278.625,218.113,400.000,
1785142178.1847,PID,FOLLOW_AND_BRAKE,118.50,140.00,,86.527,290.823,,278.625,218.113,400.000,85.558,290.820,393.746,,-1038.006,,-1283.172,12.300,1.000,1,278.625,218.113,400.000,
1785142178.1873,PID,FOLLOW_AND_BRAKE,119.00,140.00,,86.969,290.837,,278.625,218.113,400.000,87.613,290.871,393.746,,-1038.006,,-1283.172,12.300,1.000,1,278.625,218.113,400.000,
1785142178.1914,PID,FOLLOW_AND_BRAKE,119.00,140.00,,86.969,290.837,,278.625,218.113,400.000,87.291,290.854,393.746,,-1038.006,,-1283.172,12.300,1.000,1,278.625,218.113,400.000,
1785142178.2014,PID,FOLLOW_AND_BRAKE,119.00,140.00,,86.969,290.837,,278.625,218.113,400.000,87.130,290.845,393.746,,-1038.006,,-1283.172,12.300,1.000,1,278.625,218.113,400.000,
1785142178.2061,PID,FOLLOW_AND_BRAKE,119.25,140.06,,87.195,290.794,,278.625,218.113,400.000,87.857,290.688,393.746,,-1038.006,,-1283.172,12.300,1.000,1,278.625,218.113,400.000,
1785142178.2115,PID,FOLLOW_AND_BRAKE,119.25,140.06,,87.195,290.794,,278.625,218.113,400.000,87.526,290.741,393.746,,-1038.006,,-1283.172,12.300,1.000,1,278.625,218.113,400.000,
1785142178.2179,PID,FOLLOW_AND_BRAKE,119.00,140.00,,86.969,290.837,,278.625,218.113,400.000,86.605,290.911,393.746,,-1038.006,,-1283.172,12.300,1.000,1,278.625,218.113,400.000,
1785142178.2213,PID,FOLLOW_AND_BRAKE,119.25,140.06,,87.195,290.794,,278.625,218.113,400.000,87.617,290.716,393.746,,-1038.006,,-1283.172,12.300,1.000,1,278.625,218.113,400.000,
1785142178.2258,PID,FOLLOW_AND_BRAKE,119.00,140.00,,86.969,290.837,,278.625,218.113,400.000,86.609,290.906,393.746,,-1038.006,,-1283.172,12.300,1.000,1,278.625,218.113,400.000,
1785142178.2340,PID,FOLLOW_AND_BRAKE,119.00,140.00,,86.969,290.837,,278.625,218.113,400.000,86.789,290.871,393.746,,-1038.006,,-1283.172,12.300,1.000,1,278.625,218.113,400.000,
1785142178.2379,PID,FOLLOW_AND_BRAKE,119.25,140.06,,87.195,290.794,,278.625,218.113,400.000,87.667,290.705,393.746,,-1038.006,,-1283.172,12.300,1.000,1,278.625,218.113,400.000,
1785142178.2441,PID,FOLLOW_AND_BRAKE,119.00,140.00,,86.969,290.837,,278.625,218.113,400.000,86.635,290.900,393.746,,-1038.006,,-1283.172,12.300,1.000,1,278.625,218.113,400.000,
1785142178.2509,PID,FOLLOW_AND_BRAKE,119.00,140.00,,86.969,290.837,,278.625,218.113,400.000,86.802,290.868,393.746,,-1038.006,,-1283.172,12.300,1.000,1,278.625,218.113,400.000,
1785142178.2569,PID,FOLLOW_AND_BRAKE,119.00,140.00,,86.969,290.837,,278.625,218.113,400.000,86.886,290.853,393.746,,-1038.006,,-1283.172,12.300,1.000,1,278.625,218.113,400.000,
1785142178.2611,PID,FOLLOW_AND_BRAKE,119.00,140.00,,86.969,290.837,,278.625,218.113,400.000,86.928,290.845,393.746,,-1038.006,,-1283.172,12.300,1.000,1,278.625,218.113,400.000,
1785142178.2684,PID,FOLLOW_AND_BRAKE,118.50,140.00,,86.527,290.823,,278.625,218.113,400.000,85.422,290.792,393.746,,-1038.006,,-1283.172,12.300,1.000,1,278.625,218.113,400.000,
1785142178.2709,PID,FOLLOW_AND_BRAKE,119.00,140.00,,86.969,290.837,,278.625,218.113,400.000,87.524,290.856,393.746,,-1038.006,,-1283.172,12.300,1.000,1,278.625,218.113,400.000,
1785142178.2769,PID,FOLLOW_AND_BRAKE,118.50,140.00,,86.527,290.823,,278.625,218.113,400.000,85.678,290.797,393.746,,-1038.006,,-1283.172,12.300,1.000,1,278.625,218.113,400.000,
1785142178.2845,PID,FOLLOW_AND_BRAKE,119.00,140.00,,86.969,290.837,,278.625,218.113,400.000,87.648,290.859,393.746,,-1038.006,,-1283.172,12.300,1.000,1,278.625,218.113,400.000,
1785142178.2864,PID,FOLLOW_AND_BRAKE,119.00,140.00,,86.969,290.837,,278.625,218.113,400.000,87.309,290.848,393.746,,-1038.006,,-1283.172,12.300,1.000,1,278.625,218.113,400.000,
1785142178.2915,PID,FOLLOW_AND_BRAKE,118.50,140.00,,86.527,290.823,,278.625,218.113,400.000,85.634,290.795,393.746,,-1038.006,,-1283.172,12.300,1.000,1,278.625,218.113,400.000,
1785142178.3016,PID,FOLLOW_AND_BRAKE,119.00,140.00,,86.969,290.837,,278.625,218.113,400.000,87.653,290.858,393.746,,-1038.006,,-1283.172,12.300,1.000,1,278.625,218.113,400.000,
1785142178.3042,PID,FOLLOW_AND_BRAKE,118.50,140.00,,86.527,290.823,,278.625,218.113,400.000,86.329,290.816,393.746,,-1038.006,,-1283.172,12.300,1.000,1,278.625,218.113,400.000,
1785142178.3078,PID,FOLLOW_AND_BRAKE,119.00,140.00,,86.969,290.837,,278.625,218.113,400.000,88.037,290.870,393.746,,-1038.006,,-1283.172,12.300,1.000,1,278.625,218.113,400.000,
1785142178.3180,PID,FOLLOW_AND_BRAKE,119.00,140.00,,86.969,290.837,,278.625,218.113,400.000,87.503,290.853,393.746,,-1038.006,,-1283.172,12.300,1.000,1,278.625,218.113,400.000,
1785142178.3217,PID,FOLLOW_AND_BRAKE,119.00,140.00,,86.969,290.837,,278.625,218.113,400.000,87.236,290.845,393.746,,-1038.006,,-1283.172,12.300,1.000,1,278.625,218.113,400.000,
1785142178.3265,PID,FOLLOW_AND_BRAKE,119.25,140.06,,87.195,290.794,,278.625,218.113,400.000,87.870,290.696,393.746,,-1038.006,,-1283.172,12.300,1.000,1,278.625,218.113,400.000,
1785142178.3341,PID,FOLLOW_AND_BRAKE,119.00,140.00,,86.969,290.837,,278.625,218.113,400.000,87.019,290.842,393.746,,-1038.006,,-1283.172,12.300,1.000,1,278.625,218.113,400.000,
1785142178.3401,PID,FOLLOW_AND_BRAKE,119.00,140.00,,86.969,290.837,,278.625,218.113,400.000,86.994,290.839,393.746,,-1038.006,,-1283.172,12.300,1.000,1,278.625,218.113,400.000,
1785142178.3449,PID,FOLLOW_AND_BRAKE,119.00,140.00,,86.969,290.837,,278.625,218.113,400.000,86.982,290.838,393.746,,-1038.006,,-1283.172,12.300,1.000,1,278.625,218.113,400.000,
1785142178.3531,PID,FOLLOW_AND_BRAKE,119.25,140.06,,87.195,290.794,,278.625,218.113,400.000,87.758,290.689,393.746,,-1038.006,,-1283.172,12.300,1.000,1,278.625,218.113,400.000,
1785142178.3552,PID,FOLLOW_AND_BRAKE,119.00,140.00,,86.969,290.837,,278.625,218.113,400.000,86.740,290.881,393.746,,-1038.006,,-1283.172,12.300,1.000,1,278.625,218.113,400.000,
1785142178.3596,PID,FOLLOW_AND_BRAKE,119.00,140.00,,86.969,290.837,,278.625,218.113,400.000,86.855,290.859,393.746,,-1038.006,,-1283.172,12.300,1.000,1,278.625,218.113,400.000,
1785142178.3686,PID,FOLLOW_AND_BRAKE,118.50,140.00,,86.527,290.823,,278.625,218.113,400.000,85.400,290.800,393.746,,-1038.006,,-1283.172,12.300,1.000,1,278.625,218.113,400.000,
1785142178.3715,PID,FOLLOW_AND_BRAKE,119.00,140.00,,86.969,290.837,,278.625,218.113,400.000,87.544,290.861,393.746,,-1038.006,,-1283.172,12.300,1.000,1,278.625,218.113,400.000,
1785142178.3765,PID,FOLLOW_AND_BRAKE,119.00,140.00,,86.969,290.837,,278.625,218.113,400.000,87.257,290.849,393.746,,-1038.006,,-1283.172,12.300,1.000,1,278.625,218.113,400.000,
1785142178.3846,PID,FOLLOW_AND_BRAKE,119.00,140.00,,86.969,290.837,,278.625,218.113,400.000,87.113,290.843,393.746,,-1038.006,,-1283.172,12.300,1.000,1,278.625,218.113,400.000,
1785142178.3879,PID,FOLLOW_AND_BRAKE,119.00,140.00,,86.969,290.837,,278.625,218.113,400.000,87.041,290.840,393.746,,-1038.006,,-1283.172,12.300,1.000,1,278.625,218.113,400.000,
1785142178.3956,PID,FOLLOW_AND_BRAKE,119.00,140.00,,86.969,290.837,,278.625,218.113,400.000,87.005,290.838,393.746,,-1038.006,,-1283.172,12.300,1.000,1,278.625,218.113,400.000,
1785142178.4035,PID,FOLLOW_AND_BRAKE,119.00,140.00,,86.969,290.837,,278.625,218.113,400.000,86.987,290.837,393.746,,-1038.006,,-1283.172,12.300,1.000,1,278.625,218.113,400.000,
1785142178.4062,PID,FOLLOW_AND_BRAKE,118.50,140.00,,86.527,290.823,,278.625,218.113,400.000,85.397,290.787,393.746,,-1038.006,,-1283.172,12.300,1.000,1,278.625,218.113,400.000,
1785142178.4113,PID,FOLLOW_AND_BRAKE,118.50,140.00,,86.527,290.823,,278.625,218.113,400.000,85.962,290.805,393.746,,-1038.006,,-1283.172,12.300,1.000,1,278.625,218.113,400.000,
1785142178.4189,PID,FOLLOW_AND_BRAKE,119.00,140.00,,86.969,290.837,,278.625,218.113,400.000,87.670,290.859,393.746,,-1038.006,,-1283.172,12.300,1.000,1,278.625,218.113,400.000,
1785142178.4221,PID,FOLLOW_AND_BRAKE,118.50,140.00,,86.527,290.823,,278.625,218.113,400.000,85.638,290.795,393.746,,-1038.006,,-1283.172,12.300,1.000,1,278.625,218.113,400.000,
1785142178.4285,PID,FOLLOW_AND_BRAKE,118.50,140.00,,86.527,290.823,,278.625,218.113,400.000,86.083,290.809,393.746,,-1038.006,,-1283.172,12.300,1.000,1,278.625,218.113,400.000,
1785142178.4372,PID,FOLLOW_AND_BRAKE,118.50,140.00,,86.527,290.823,,278.625,218.113,400.000,86.305,290.816,393.746,,-1038.006,,-1283.172,12.300,1.000,1,278.625,218.113,400.000,
1785142178.4395,PID,FOLLOW_AND_BRAKE,118.50,140.00,,86.527,290.823,,278.625,218.113,400.000,86.416,290.819,393.746,,-1038.006,,-1283.172,12.300,1.000,1,278.625,218.113,400.000,
1785142178.4438,PID,FOLLOW_AND_BRAKE,118.50,140.00,,86.527,290.823,,278.625,218.113,400.000,86.472,290.821,393.746,,-1038.006,,-1283.172,12.300,1.000,1,278.625,218.113,400.000,
1785142178.4516,PID,FOLLOW_AND_BRAKE,119.00,140.00,,86.969,290.837,,278.625,218.113,400.000,88.022,290.870,393.746,,-1038.006,,-1283.172,12.300,1.000,1,278.625,218.113,400.000,
1785142178.4540,PID,FOLLOW_AND_BRAKE,118.50,140.00,,86.527,290.823,,278.625,218.113,400.000,85.962,290.805,393.746,,-1038.006,,-1283.172,12.300,1.000,1,278.625,218.113,400.000,
1785142178.4602,PID,FOLLOW_AND_BRAKE,119.00,140.00,,86.969,290.837,,278.625,218.113,400.000,87.828,290.864,393.746,,-1038.006,,-1283.172,12.300,1.000,1,278.625,218.113,400.000,
1785142178.4682,PID,FOLLOW_AND_BRAKE,118.50,140.00,,86.527,290.823,,278.625,218.113,400.000,85.913,290.803,393.746,,-1038.006,,-1283.172,12.300,1.000,1,278.625,218.113,400.000,
1785142178.4706,PID,FOLLOW_AND_BRAKE,119.25,140.06,,87.195,290.794,,278.625,218.113,400.000,88.494,290.715,393.746,,-1038.006,,-1283.172,12.300,1.000,1,278.625,218.113,400.000,
1785142178.4747,PID,FOLLOW_AND_BRAKE,118.50,140.00,,86.527,290.823,,278.625,218.113,400.000,85.396,290.860,393.746,,-1038.006,,-1283.172,12.300,1.000,1,278.625,218.113,400.000,
1785142178.4847,PID,FOLLOW_AND_BRAKE,118.50,140.00,,86.527,290.823,,278.625,218.113,400.000,85.962,290.841,393.746,,-1038.006,,-1283.172,12.300,1.000,1,278.625,218.113,400.000,
1785142178.4881,PID,FOLLOW_AND_BRAKE,119.25,140.06,,87.195,290.794,,278.625,218.113,400.000,88.595,290.731,393.746,,-1038.006,,-1283.172,12.300,1.000,1,278.625,218.113,400.000,
1785142178.4948,PID,FOLLOW_AND_BRAKE,118.50,140.00,,86.527,290.823,,278.625,218.113,400.000,85.567,290.863,393.746,,-1038.006,,-1283.172,12.300,1.000,1,278.625,218.113,400.000,
1785142178.5033,PID,FOLLOW_AND_BRAKE,118.50,140.00,,86.527,290.823,,278.625,218.113,400.000,86.047,290.843,393.746,,-1038.006,,-1283.172,12.300,1.000,1,278.625,218.113,400.000,
1785142178.5058,PID,FOLLOW_AND_BRAKE,119.00,140.00,,86.969,290.837,,278.625,218.113,400.000,87.737,290.878,393.746,,-1038.006,,-1283.172,12.300,1.000,1,278.625,218.113,400.000,
1785142178.5111,PID,FOLLOW_AND_BRAKE,119.00,140.00,,86.969,290.837,,278.625,218.113,400.000,87.353,290.858,393.746,,-1038.006,,-1283.172,12.300,1.000,1,278.625,218.113,400.000,
1785142178.5180,PID,FOLLOW_AND_BRAKE,118.50,140.00,,86.527,290.823,,278.625,218.113,400.000,85.673,290.800,393.746,,-1038.006,,-1283.172,12.300,1.000,1,278.625,218.113,400.000,
1785142178.5214,PID,FOLLOW_AND_BRAKE,119.00,140.00,,86.969,290.837,,278.625,218.113,400.000,87.645,290.860,393.746,,-1038.006,,-1283.172,12.300,1.000,1,278.625,218.113,400.000,
1785142178.5251,PID,FOLLOW_AND_BRAKE,118.50,140.00,,86.527,290.823,,278.625,218.113,400.000,85.734,290.799,393.746,,-1038.006,,-1283.172,12.300,1.000,1,278.625,218.113,400.000,
1785142178.5340,PID,FOLLOW_AND_BRAKE,118.50,140.00,,86.527,290.823,,278.625,218.113,400.000,86.130,290.811,393.746,,-1038.006,,-1283.172,12.300,1.000,1,278.625,218.113,400.000,
1785142178.5364,PID,FOLLOW_AND_BRAKE,119.00,140.00,,86.969,290.837,,278.625,218.113,400.000,87.921,290.867,393.746,,-1038.006,,-1283.172,12.300,1.000,1,278.625,218.113,400.000,
1785142178.5398,PID,FOLLOW_AND_BRAKE,118.50,140.00,,86.527,290.823,,278.625,218.113,400.000,85.958,290.805,393.746,,-1038.006,,-1283.172,12.300,1.000,1,278.625,218.113,400.000,
1785142178.5510,PID,FOLLOW_AND_BRAKE,119.00,140.00,,86.969,290.837,,278.625,218.113,400.000,87.255,290.846,393.746,,-1038.006,,-1283.172,12.300,1.000,1,278.625,218.113,400.000,
1785142178.5547,PID,FOLLOW_AND_BRAKE,118.50,140.00,,86.527,290.823,,278.625,218.113,400.000,85.687,290.796,393.746,,-1038.006,,-1283.172,12.300,1.000,1,278.625,218.113,400.000,
1785142178.5620,PID,FOLLOW_AND_BRAKE,118.50,140.00,,86.527,290.823,,278.625,218.113,400.000,86.107,290.809,393.746,,-1038.006,,-1283.172,12.300,1.000,1,278.625,218.113,400.000,
1785142178.5695,PID,FOLLOW_AND_BRAKE,118.50,140.00,,86.527,290.823,,278.625,218.113,400.000,86.317,290.816,393.746,,-1038.006,,-1283.172,12.300,1.000,1,278.625,218.113,400.000,
1785142178.5736,PID,FOLLOW_AND_BRAKE,118.50,140.00,,86.527,290.823,,278.625,218.113,400.000,86.422,290.819,393.746,,-1038.006,,-1283.172,12.300,1.000,1,278.625,218.113,400.000,
1785142178.5777,PID,FOLLOW_AND_BRAKE,119.00,140.00,,86.969,290.837,,278.625,218.113,400.000,88.129,290.873,393.746,,-1038.006,,-1283.172,12.300,1.000,1,278.625,218.113,400.000,
1785142178.5843,PID,FOLLOW_AND_BRAKE,118.50,140.00,,86.527,290.823,,278.625,218.113,400.000,85.988,290.806,393.746,,-1038.006,,-1283.172,12.300,1.000,1,278.625,218.113,400.000,
1785142178.5869,PID,FOLLOW_AND_BRAKE,119.00,140.00,,86.969,290.837,,278.625,218.113,400.000,87.772,290.862,393.746,,-1038.006,,-1283.172,12.300,1.000,1,278.625,218.113,400.000,
1785142178.5905,PID,FOLLOW_AND_BRAKE,119.00,140.00,,86.969,290.837,,278.625,218.113,400.000,87.371,290.849,393.746,,-1038.006,,-1283.172,12.300,1.000,1,278.625,218.113,400.000,
1785142178.6004,PID,FOLLOW_AND_BRAKE,118.50,140.00,,86.527,290.823,,278.625,218.113,400.000,85.654,290.795,393.746,,-1038.006,,-1283.172,12.300,1.000,1,278.625,218.113,400.000,
1785142178.6031,PID,FOLLOW_AND_BRAKE,118.50,140.00,,86.527,290.823,,278.625,218.113,400.000,86.091,290.809,393.746,,-1038.006,,-1283.172,12.300,1.000,1,278.625,218.113,400.000,
1785142178.6069,PID,FOLLOW_AND_BRAKE,119.00,140.00,,86.969,290.837,,278.625,218.113,400.000,87.795,290.863,393.746,,-1038.006,,-1283.172,12.300,1.000,1,278.625,218.113,400.000,
1785142178.6177,PID,FOLLOW_AND_BRAKE,118.50,140.00,,86.527,290.823,,278.625,218.113,400.000,86.370,290.818,393.746,,-1038.006,,-1283.172,12.300,1.000,1,278.625,218.113,400.000,
1785142178.6232,PID,FOLLOW_AND_BRAKE,119.00,140.00,,86.969,290.837,,278.625,218.113,400.000,87.962,290.868,393.746,,-1038.006,,-1283.172,12.300,1.000,1,278.625,218.113,400.000,
1785142178.6260,PID,FOLLOW_AND_BRAKE,118.50,140.00,,86.527,290.823,,278.625,218.113,400.000,85.871,290.802,393.746,,-1038.006,,-1283.172,12.300,1.000,1,278.625,218.113,400.000,
1785142178.6351,PID,FOLLOW_AND_BRAKE,119.25,140.06,,87.195,290.794,,278.625,218.113,400.000,88.460,290.715,393.746,,-1038.006,,-1283.172,12.300,1.000,1,278.625,218.113,400.000,
1785142178.6372,PID,FOLLOW_AND_BRAKE,119.00,140.00,,86.969,290.837,,278.625,218.113,400.000,87.017,290.908,393.746,,-1038.006,,-1283.172,12.300,1.000,1,278.625,218.113,400.000,
1785142178.6415,PID,FOLLOW_AND_BRAKE,119.00,140.00,,86.969,290.837,,278.625,218.113,400.000,86.993,290.872,393.746,,-1038.006,,-1283.172,12.300,1.000,1,278.625,218.113,400.000,
1785142178.6512,PID,FOLLOW_AND_BRAKE,118.50,140.00,,86.527,290.823,,278.625,218.113,400.000,85.988,290.823,393.746,,-1038.006,,-1283.172,12.300,1.000,1,278.625,218.113,400.000,
1785142178.6565,PID,FOLLOW_AND_BRAKE,118.50,140.00,,86.527,290.823,,278.625,218.113,400.000,86.258,290.823,393.746,,-1038.006,,-1283.172,12.300,1.000,1,278.625,218.113,400.000,
1785142178.6606,PID,FOLLOW_AND_BRAKE,118.50,140.00,,86.527,290.823,,278.625,218.113,400.000,86.393,290.823,393.746,,-1038.006,,-1283.172,12.300,1.000,1,278.625,218.113,400.000,
1785142178.6684,PID,FOLLOW_AND_BRAKE,118.50,140.00,,86.527,290.823,,278.625,218.113,400.000,86.460,290.823,393.746,,-1038.006,,-1283.172,12.300,1.000,1,278.625,218.113,400.000,
1785142178.6708,PID,FOLLOW_AND_BRAKE,119.00,140.00,,86.969,290.837,,278.625,218.113,400.000,88.059,290.872,393.746,,-1038.006,,-1283.172,12.300,1.000,1,278.625,218.113,400.000,
1785142178.6789,PID,FOLLOW_AND_BRAKE,118.50,140.00,,86.527,290.823,,278.625,218.113,400.000,85.971,290.806,393.746,,-1038.006,,-1283.172,12.300,1.000,1,278.625,218.113,400.000,
1785142178.6872,PID,FOLLOW_AND_BRAKE,119.00,140.00,,86.969,290.837,,278.625,218.113,400.000,87.637,290.858,393.746,,-1038.006,,-1283.172,12.300,1.000,1,278.625,218.113,400.000,
1785142178.6903,PID,FOLLOW_AND_BRAKE,119.00,140.00,,86.969,290.837,,278.625,218.113,400.000,87.303,290.847,393.746,,-1038.006,,-1283.172,12.300,1.000,1,278.625,218.113,400.000,
1785142178.6937,PID,FOLLOW_AND_BRAKE,119.00,140.00,,86.969,290.837,,278.625,218.113,400.000,87.136,290.842,393.746,,-1038.006,,-1283.172,12.300,1.000,1,278.625,218.113,400.000,
1785142178.7007,PID,FOLLOW_AND_BRAKE,119.00,140.00,,86.969,290.837,,278.625,218.113,400.000,87.053,290.839,393.746,,-1038.006,,-1283.172,12.300,1.000,1,278.625,218.113,400.000,
1785142178.7038,PID,FOLLOW_AND_BRAKE,118.50,140.00,,86.527,290.823,,278.625,218.113,400.000,85.416,290.788,393.746,,-1038.006,,-1283.172,12.300,1.000,1,278.625,218.113,400.000,
1785142178.7080,PID,FOLLOW_AND_BRAKE,118.50,140.00,,86.527,290.823,,278.625,218.113,400.000,85.972,290.805,393.746,,-1038.006,,-1283.172,12.300,1.000,1,278.625,218.113,400.000,
1785142178.7146,PID,FOLLOW_AND_BRAKE,119.00,140.00,,86.969,290.837,,278.625,218.113,400.000,87.865,290.865,393.746,,-1038.006,,-1283.172,12.300,1.000,1,278.625,218.113,400.000,
1785142178.7167,PID,FOLLOW_AND_BRAKE,118.50,140.00,,86.527,290.823,,278.625,218.113,400.000,85.864,290.802,393.746,,-1038.006,,-1283.172,12.300,1.000,1,278.625,218.113,400.000,
1785142178.7227,PID,FOLLOW_AND_BRAKE,119.00,140.00,,86.969,290.837,,278.625,218.113,400.000,87.747,290.861,393.746,,-1038.006,,-1283.172,12.300,1.000,1,278.625,218.113,400.000,
1785142178.7304,PID,FOLLOW_AND_BRAKE,118.50,140.00,,86.527,290.823,,278.625,218.113,400.000,85.824,290.801,393.746,,-1038.006,,-1283.172,12.300,1.000,1,278.625,218.113,400.000,
1785142178.7351,PID,FOLLOW_AND_BRAKE,119.25,140.06,,87.195,290.794,,278.625,218.113,400.000,88.277,290.721,393.746,,-1038.006,,-1283.172,12.300,1.000,1,278.625,218.113,400.000,
1785142178.7385,PID,FOLLOW_AND_BRAKE,119.00,140.00,,86.969,290.837,,278.625,218.113,400.000,86.848,290.926,393.746,,-1038.006,,-1283.172,12.300,1.000,1,278.625,218.113,400.000,
1785142178.7456,PID,FOLLOW_AND_BRAKE,119.00,140.00,,86.969,290.837,,278.625,218.113,400.000,86.909,290.881,393.746,,-1038.006,,-1283.172,12.300,1.000,1,278.625,218.113,400.000,
1785142178.7483,PID,FOLLOW_AND_BRAKE,118.50,140.00,,86.527,290.823,,278.625,218.113,400.000,85.438,290.812,393.746,,-1038.006,,-1283.172,12.300,1.000,1,278.625,218.113,400.000,
1785142178.7539,PID,FOLLOW_AND_BRAKE,118.50,140.00,,86.527,290.823,,278.625,218.113,400.000,85.983,290.817,393.746,,-1038.006,,-1283.172,12.300,1.000,1,278.625,218.113,400.000,
1785142178.7623,PID,FOLLOW_AND_BRAKE,118.50,140.00,,86.527,290.823,,278.625,218.113,400.000,86.255,290.820,393.746,,-1038.006,,-1283.172,12.300,1.000,1,278.625,218.113,400.000,
1785142178.7641,PID,FOLLOW_AND_BRAKE,119.00,140.00,,86.969,290.837,,278.625,218.113,400.000,87.941,290.870,393.746,,-1038.006,,-1283.172,12.300,1.000,1,278.625,218.113,400.000,
1785142178.7686,PID,FOLLOW_AND_BRAKE,119.00,140.00,,86.969,290.837,,278.625,218.113,400.000,87.455,290.853,393.746,,-1038.006,,-1283.172,12.300,1.000,1,278.625,218.113,400.000,
1785142178.7762,PID,FOLLOW_AND_BRAKE,118.50,140.00,,86.527,290.823,,278.625,218.113,400.000,85.662,290.796,393.746,,-1038.006,,-1283.172,12.300,1.000,1,278.625,218.113,400.000,
1785142178.7794,PID,FOLLOW_AND_BRAKE,118.50,140.00,,86.527,290.823,,278.625,218.113,400.000,86.095,290.809,393.746,,-1038.006,,-1283.172,12.300,1.000,1,278.625,218.113,400.000,
1785142178.7838,PID,FOLLOW_AND_BRAKE,119.00,140.00,,86.969,290.837,,278.625,218.113,400.000,87.793,290.863,393.746,,-1038.006,,-1283.172,12.300,1.000,1,278.625,218.113,400.000,
1785142178.7902,PID,FOLLOW_AND_BRAKE,118.50,140.00,,86.527,290.823,,278.625,218.113,400.000,85.767,290.799,393.746,,-1038.006,,-1283.172,12.300,1.000,1,278.625,218.113,400.000,
1785142178.7922,PID,FOLLOW_AND_BRAKE,118.50,140.00,,86.527,290.823,,278.625,218.113,400.000,86.147,290.811,393.746,,-1038.006,,-1283.172,12.300,1.000,1,278.625,218.113,400.000,
1785142178.7988,PID,FOLLOW_AND_BRAKE,119.00,140.00,,86.969,290.837,,278.625,218.113,400.000,87.767,290.862,393.746,,-1038.006,,-1283.172,12.300,1.000,1,278.625,218.113,400.000,
1785142178.8058,PID,FOLLOW_AND_BRAKE,118.50,140.00,,86.527,290.823,,278.625,218.113,400.000,85.698,290.797,393.746,,-1038.006,,-1283.172,12.300,1.000,1,278.625,218.113,400.000,
1785142178.8082,PID,FOLLOW_AND_BRAKE,119.00,140.00,,86.969,290.837,,278.625,218.113,400.000,87.632,290.858,393.746,,-1038.006,,-1283.172,12.300,1.000,1,278.625,218.113,400.000,
1785142178.8129,PID,FOLLOW_AND_BRAKE,119.00,140.00,,86.969,290.837,,278.625,218.113,400.000,87.301,290.847,393.746,,-1038.006,,-1283.172,12.300,1.000,1,278.625,218.113,400.000,
1785142178.8203,PID,FOLLOW_AND_BRAKE,119.00,140.00,,86.969,290.837,,278.625,218.113,400.000,87.135,290.842,393.746,,-1038.006,,-1283.172,12.300,1.000,1,278.625,218.113,400.000,
1785142178.8243,PID,FOLLOW_AND_BRAKE,118.50,140.00,,86.527,290.823,,278.625,218.113,400.000,85.480,290.790,393.746,,-1038.006,,-1283.172,12.300,1.000,1,278.625,218.113,400.000,
1785142178.8300,PID,FOLLOW_AND_BRAKE,119.00,140.00,,86.969,290.837,,278.625,218.113,400.000,87.521,290.854,393.746,,-1038.006,,-1283.172,12.300,1.000,1,278.625,218.113,400.000,
1785142178.8374,PID,FOLLOW_AND_BRAKE,118.50,140.00,,86.527,290.823,,278.625,218.113,400.000,85.750,290.798,393.746,,-1038.006,,-1283.172,12.300,1.000,1,278.625,218.113,400.000,
1785142178.8393,PID,FOLLOW_AND_BRAKE,119.00,140.00,,86.969,290.837,,278.625,218.113,400.000,87.697,290.860,393.746,,-1038.006,,-1283.172,12.300,1.000,1,278.625,218.113,400.000,
1785142178.8444,PID,FOLLOW_AND_BRAKE,119.00,140.00,,86.969,290.837,,278.625,218.113,400.000,87.333,290.848,393.746,,-1038.006,,-1283.172,12.300,1.000,1,278.625,218.113,400.000,
1785142178.8517,PID,FOLLOW_AND_BRAKE,119.00,140.00,,86.969,290.837,,278.625,218.113,400.000,87.151,290.842,393.746,,-1038.006,,-1283.172,12.300,1.000,1,278.625,218.113,400.000,
1785142178.8538,PID,FOLLOW_AND_BRAKE,118.50,140.00,,86.527,290.823,,278.625,218.113,400.000,85.371,290.786,393.746,,-1038.006,,-1283.172,12.300,1.000,1,278.625,218.113,400.000,
1785142178.8582,PID,FOLLOW_AND_BRAKE,119.00,140.00,,86.969,290.837,,278.625,218.113,400.000,87.523,290.854,393.746,,-1038.006,,-1283.172,12.300,1.000,1,278.625,218.113,400.000,
1785142178.8669,PID,FOLLOW_AND_BRAKE,118.50,140.00,,86.527,290.823,,278.625,218.113,400.000,85.782,290.799,393.746,,-1038.006,,-1283.172,12.300,1.000,1,278.625,218.113,400.000,
1785142178.8691,PID,FOLLOW_AND_BRAKE,118.50,140.00,,86.527,290.823,,278.625,218.113,400.000,86.155,290.811,393.746,,-1038.006,,-1283.172,12.300,1.000,1,278.625,218.113,400.000,
1785142178.8733,PID,FOLLOW_AND_BRAKE,119.00,140.00,,86.969,290.837,,278.625,218.113,400.000,87.857,290.865,393.746,,-1038.006,,-1283.172,12.300,1.000,1,278.625,218.113,400.000,
1785142178.8805,PID,FOLLOW_AND_BRAKE,119.00,140.00,,86.969,290.837,,278.625,218.113,400.000,87.413,290.851,393.746,,-1038.006,,-1283.172,12.300,1.000,1,278.625,218.113,400.000,
1785142178.8826,PID,FOLLOW_AND_BRAKE,118.50,140.00,,86.527,290.823,,278.625,218.113,400.000,85.746,290.798,393.746,,-1038.006,,-1283.172,12.300,1.000,1,278.625,218.113,400.000,
1785142178.8881,PID,FOLLOW_AND_BRAKE,118.50,140.00,,86.527,290.823,,278.625,218.113,400.000,86.136,290.810,393.746,,-1038.006,,-1283.172,12.300,1.000,1,278.625,218.113,400.000,
1785142178.8959,PID,FOLLOW_AND_BRAKE,119.00,140.00,,86.969,290.837,,278.625,218.113,400.000,87.874,290.865,393.746,,-1038.006,,-1283.172,12.300,1.000,1,278.625,218.113,400.000,
1785142178.9001,PID,FOLLOW_AND_BRAKE,118.50,140.00,,86.527,290.823,,278.625,218.113,400.000,86.052,290.808,393.746,,-1038.006,,-1283.172,12.300,1.000,1,278.625,218.113,400.000,
1785142178.9023,PID,FOLLOW_AND_BRAKE,119.00,140.00,,86.969,290.837,,278.625,218.113,400.000,88.085,290.872,393.746,,-1038.006,,-1283.172,12.300,1.000,1,278.625,218.113,400.000,
1785142178.9089,PID,FOLLOW_AND_BRAKE,119.00,140.00,,86.969,290.837,,278.625,218.113,400.000,87.527,290.854,393.746,,-1038.006,,-1283.172,12.300,1.000,1,278.625,218.113,400.000,
1785142178.9144,PID,FOLLOW_AND_BRAKE,118.50,140.00,,86.527,290.823,,278.625,218.113,400.000,85.708,290.797,393.746,,-1038.006,,-1283.172,12.300,1.000,1,278.625,218.113,400.000,
1785142178.9189,PID,FOLLOW_AND_BRAKE,118.50,140.00,,86.527,290.823,,278.625,218.113,400.000,86.118,290.810,393.746,,-1038.006,,-1283.172,12.300,1.000,1,278.625,218.113,400.000,
1785142178.9260,PID,FOLLOW_AND_BRAKE,118.50,140.00,,86.527,290.823,,278.625,218.113,400.000,86.322,290.816,393.746,,-1038.006,,-1283.172,12.300,1.000,1,278.625,218.113,400.000,
1785142178.9297,PID,FOLLOW_AND_BRAKE,119.00,140.00,,86.969,290.837,,278.625,218.113,400.000,87.960,290.868,393.746,,-1038.006,,-1283.172,12.300,1.000,1,278.625,218.113,400.000,
1785142178.9338,PID,FOLLOW_AND_BRAKE,119.00,140.00,,86.969,290.837,,278.625,218.113,400.000,87.464,290.852,393.746,,-1038.006,,-1283.172,12.300,1.000,1,278.625,218.113,400.000,
1785142178.9403,PID,FOLLOW_AND_BRAKE,118.50,140.00,,86.527,290.823,,278.625,218.113,400.000,85.624,290.794,393.746,,-1038.006,,-1283.172,12.300,1.000,1,278.625,218.113,400.000,
1785142178.9451,PID,FOLLOW_AND_BRAKE,119.00,140.00,,86.969,290.837,,278.625,218.113,400.000,87.477,290.853,393.746,,-1038.006,,-1283.172,12.300,1.000,1,278.625,218.113,400.000,
1785142178.9497,PID,FOLLOW_AND_BRAKE,118.50,140.00,,86.527,290.823,,278.625,218.113,400.000,85.600,290.793,393.746,,-1038.006,,-1283.172,12.300,1.000,1,278.625,218.113,400.000,
1785142178.9564,PID,FOLLOW_AND_BRAKE,118.50,140.00,,86.527,290.823,,278.625,218.113,400.000,86.063,290.808,393.746,,-1038.006,,-1283.172,12.300,1.000,1,278.625,218.113,400.000,
1785142178.9597,PID,FOLLOW_AND_BRAKE,119.00,140.00,,86.969,290.837,,278.625,218.113,400.000,87.805,290.863,393.746,,-1038.006,,-1283.172,12.300,1.000,1,278.625,218.113,400.000,
1785142178.9662,PID,FOLLOW_AND_BRAKE,119.00,140.00,,86.969,290.837,,278.625,218.113,400.000,87.387,290.850,393.746,,-1038.006,,-1283.172,12.300,1.000,1,278.625,218.113,400.000,
1785142178.9744,PID,FOLLOW_AND_BRAKE,119.00,140.00,,86.969,290.837,,278.625,218.113,400.000,87.178,290.843,393.746,,-1038.006,,-1283.172,12.300,1.000,1,278.625,218.113,400.000,
1785142178.9765,PID,FOLLOW_AND_BRAKE,119.00,140.00,,86.969,290.837,,278.625,218.113,400.000,87.074,290.840,393.746,,-1038.006,,-1283.172,12.300,1.000,1,278.625,218.113,400.000,
1785142178.9807,PID,FOLLOW_AND_BRAKE,118.50,140.00,,86.527,290.823,,278.625,218.113,400.000,85.482,290.790,393.746,,-1038.006,,-1283.172,12.300,1.000,1,278.625,218.113,400.000,
1785142178.9866,PID,FOLLOW_AND_BRAKE,118.50,140.00,,86.527,290.823,,278.625,218.113,400.000,86.005,290.806,393.746,,-1038.006,,-1283.172,12.300,1.000,1,278.625,218.113,400.000,
1785142178.9887,PID,FOLLOW_AND_BRAKE,118.50,140.00,,86.527,290.823,,278.625,218.113,400.000,86.266,290.814,393.746,,-1038.006,,-1283.172,12.300,1.000,1,278.625,218.113,400.000,
1785142178.9955,PID,FOLLOW_AND_BRAKE,118.50,140.00,,86.527,290.823,,278.625,218.113,400.000,86.397,290.819,393.746,,-1038.006,,-1283.172,12.300,1.000,1,278.625,218.113,400.000,
1785142179.0020,PID,FOLLOW_AND_BRAKE,119.00,140.00,,86.969,290.837,,278.625,218.113,400.000,87.966,290.868,393.746,,-1038.006,,-1283.172,12.300,1.000,1,278.625,218.113,400.000,
1785142179.0066,PID,FOLLOW_AND_BRAKE,118.50,140.00,,86.527,290.823,,278.625,218.113,400.000,85.933,290.804,393.746,,-1038.006,,-1283.172,12.300,1.000,1,278.625,218.113,400.000,
1785142179.0102,PID,FOLLOW_AND_BRAKE,118.50,140.00,,86.527,290.823,,278.625,218.113,400.000,86.230,290.813,393.746,,-1038.006,,-1283.172,12.300,1.000,1,278.625,218.113,400.000,
1785142179.0160,PID,FOLLOW_AND_BRAKE,119.00,140.00,,86.969,290.837,,278.625,218.113,400.000,87.891,290.866,393.746,,-1038.006,,-1283.172,12.300,1.000,1,278.625,218.113,400.000,
1785142179.0212,PID,FOLLOW_AND_BRAKE,118.50,140.00,,86.527,290.823,,278.625,218.113,400.000,85.843,290.801,393.746,,-1038.006,,-1283.172,12.300,1.000,1,278.625,218.113,400.000,
1785142179.0235,PID,FOLLOW_AND_BRAKE,119.00,140.00,,86.969,290.837,,278.625,218.113,400.000,87.715,290.860,393.746,,-1038.006,,-1283.172,12.300,1.000,1,278.625,218.113,400.000,
1785142179.0332,PID,FOLLOW_AND_BRAKE,118.50,140.00,,86.527,290.823,,278.625,218.113,400.000,85.832,290.801,393.746,,-1038.006,,-1283.172,12.300,1.000,1,278.625,218.113,400.000,
1785142179.0360,PID,FOLLOW_AND_BRAKE,119.00,140.00,,86.969,290.837,,278.625,218.113,400.000,87.778,290.862,393.746,,-1038.006,,-1283.172,12.300,1.000,1,278.625,218.113,400.000,
1785142179.0398,PID,FOLLOW_AND_BRAKE,119.00,140.00,,86.969,290.837,,278.625,218.113,400.000,87.374,290.849,393.746,,-1038.006,,-1283.172,12.300,1.000,1,278.625,218.113,400.000,
1785142179.0467,PID,FOLLOW_AND_BRAKE,118.50,140.00,,86.527,290.823,,278.625,218.113,400.000,85.735,290.798,393.746,,-1038.006,,-1283.172,12.300,1.000,1,278.625,218.113,400.000,
1785142179.0502,PID,FOLLOW_AND_BRAKE,118.50,140.00,,86.527,290.823,,278.625,218.113,400.000,86.131,290.810,393.746,,-1038.006,,-1283.172,12.300,1.000,1,278.625,218.113,400.000,
1785142179.0547,PID,FOLLOW_AND_BRAKE,119.00,140.00,,86.969,290.837,,278.625,218.113,400.000,87.962,290.868,393.746,,-1038.006,,-1283.172,12.300,1.000,1,278.625,218.113,400.000,
1785142179.0632,PID,FOLLOW_AND_BRAKE,119.25,140.06,,87.195,290.794,,278.625,218.113,400.000,88.153,290.722,393.746,,-1038.006,,-1283.172,12.300,1.000,1,278.625,218.113,400.000,
1785142179.0657,PID,FOLLOW_AND_BRAKE,118.50,140.00,,86.527,290.823,,278.625,218.113,400.000,84.930,290.876,393.746,,-1038.006,,-1283.172,12.300,1.000,1,278.625,218.113,400.000,
1785142179.0704,PID,FOLLOW_AND_BRAKE,119.25,140.06,,87.195,290.794,,278.625,218.113,400.000,87.950,290.754,393.746,,-1038.006,,-1283.172,12.300,1.000,1,278.625,218.113,400.000,
1785142179.0778,PID,FOLLOW_AND_BRAKE,118.50,140.00,,86.527,290.823,,278.625,218.113,400.000,85.073,290.882,393.746,,-1038.006,,-1283.172,12.300,1.000,1,278.625,218.113,400.000,
1785142179.0801,PID,FOLLOW_AND_BRAKE,119.00,140.00,,86.969,290.837,,278.625,218.113,400.000,87.320,290.900,393.746,,-1038.006,,-1283.172,12.300,1.000,1,278.625,218.113,400.000,
1785142179.0844,PID,FOLLOW_AND_BRAKE,118.50,140.00,,86.527,290.823,,278.625,218.113,400.000,85.600,290.820,393.746,,-1038.006,,-1283.172,12.300,1.000,1,278.625,218.113,400.000,
1785142179.0911,PID,FOLLOW_AND_BRAKE,119.00,140.00,,86.969,290.837,,278.625,218.113,400.000,87.601,290.870,393.746,,-1038.006,,-1283.172,12.300,1.000,1,278.625,218.113,400.000,
1785142179.0954,PID,FOLLOW_AND_BRAKE,119.00,140.00,,86.969,290.837,,278.625,218.113,400.000,87.285,290.853,393.746,,-1038.006,,-1283.172,12.300,1.000,1,278.625,218.113,400.000,
1785142179.0993,PID,FOLLOW_AND_BRAKE,118.50,140.00,,86.527,290.823,,278.625,218.113,400.000,85.596,290.797,393.746,,-1038.006,,-1283.172,12.300,1.000,1,278.625,218.113,400.000,
1785142179.1073,PID,FOLLOW_AND_BRAKE,118.50,140.00,,86.527,290.823,,278.625,218.113,400.000,86.062,290.810,393.746,,-1038.006,,-1283.172,12.300,1.000,1,278.625,218.113,400.000,
1785142179.1105,PID,FOLLOW_AND_BRAKE,118.50,140.00,,86.527,290.823,,278.625,218.113,400.000,86.295,290.816,393.746,,-1038.006,,-1283.172,12.300,1.000,1,278.625,218.113,400.000,
1785142179.1145,PID,FOLLOW_AND_BRAKE,119.00,140.00,,86.969,290.837,,278.625,218.113,400.000,87.866,290.865,393.746,,-1038.006,,-1283.172,12.300,1.000,1,278.625,218.113,400.000,
1785142179.1222,PID,FOLLOW_AND_BRAKE,118.50,140.00,,86.527,290.823,,278.625,218.113,400.000,85.794,290.800,393.746,,-1038.006,,-1283.172,12.300,1.000,1,278.625,218.113,400.000,
1785142179.1258,PID,FOLLOW_AND_BRAKE,118.50,140.00,,86.527,290.823,,278.625,218.113,400.000,86.160,290.811,393.746,,-1038.006,,-1283.172,12.300,1.000,1,278.625,218.113,400.000,
1785142179.1282,PID,FOLLOW_AND_BRAKE,118.50,140.00,,86.527,290.823,,278.625,218.113,400.000,86.344,290.817,393.746,,-1038.006,,-1283.172,12.300,1.000,1,278.625,218.113,400.000,
1785142179.1365,PID,FOLLOW_AND_BRAKE,119.00,140.00,,86.969,290.837,,278.625,218.113,400.000,87.968,290.868,393.746,,-1038.006,,-1283.172,12.300,1.000,1,278.625,218.113,400.000,
1785142179.1390,PID,FOLLOW_AND_BRAKE,118.50,140.00,,86.527,290.823,,278.625,218.113,400.000,85.898,290.803,393.746,,-1038.006,,-1283.172,12.300,1.000,1,278.625,218.113,400.000,
1785142179.1430,PID,FOLLOW_AND_BRAKE,119.00,140.00,,86.969,290.837,,278.625,218.113,400.000,87.751,290.861,393.746,,-1038.006,,-1283.172,12.300,1.000,1,278.625,218.113,400.000,
1785142179.1513,PID,FOLLOW_AND_BRAKE,118.50,140.00,,86.527,290.823,,278.625,218.113,400.000,85.869,290.802,393.746,,-1038.006,,-1283.172,12.300,1.000,1,278.625,218.113,400.000,
1785142179.1538,PID,FOLLOW_AND_BRAKE,119.00,140.00,,86.969,290.837,,278.625,218.113,400.000,87.785,290.862,393.746,,-1038.006,,-1283.172,12.300,1.000,1,278.625,218.113,400.000,
1785142179.1576,PID,FOLLOW_AND_BRAKE,118.50,140.00,,86.527,290.823,,278.625,218.113,400.000,85.826,290.801,393.746,,-1038.006,,-1283.172,12.300,1.000,1,278.625,218.113,400.000,
1785142179.1662,PID,FOLLOW_AND_BRAKE,119.00,140.00,,86.969,290.837,,278.625,218.113,400.000,87.645,290.858,393.746,,-1038.006,,-1283.172,12.300,1.000,1,278.625,218.113,400.000,
1785142179.1685,PID,FOLLOW_AND_BRAKE,118.50,140.00,,86.527,290.823,,278.625,218.113,400.000,85.676,290.796,393.746,,-1038.006,,-1283.172,12.300,1.000,1,278.625,218.113,400.000,
1785142179.1743,PID,FOLLOW_AND_BRAKE,119.00,140.00,,86.969,290.837,,278.625,218.113,400.000,87.627,290.857,393.746,,-1038.006,,-1283.172,12.300,1.000,1,278.625,218.113,400.000,
1785142179.1827,PID,FOLLOW_AND_BRAKE,118.50,140.00,,86.527,290.823,,278.625,218.113,400.000,85.756,290.798,393.746,,-1038.006,,-1283.172,12.300,1.000,1,278.625,218.113,400.000,
1785142179.1852,PID,FOLLOW_AND_BRAKE,119.00,140.00,,86.969,290.837,,278.625,218.113,400.000,87.695,290.860,393.746,,-1038.006,,-1283.172,12.300,1.000,1,278.625,218.113,400.000,
1785142179.1898,PID,FOLLOW_AND_BRAKE,119.00,140.00,,86.969,290.837,,278.625,218.113,400.000,87.332,290.848,393.746,,-1038.006,,-1283.172,12.300,1.000,1,278.625,218.113,400.000,
1785142179.1973,PID,FOLLOW_AND_BRAKE,118.50,140.00,,86.527,290.823,,278.625,218.113,400.000,85.612,290.794,393.746,,-1038.006,,-1283.172,12.300,1.000,1,278.625,218.113,400.000,
1785142179.1993,PID,FOLLOW_AND_BRAKE,118.50,140.00,,86.527,290.823,,278.625,218.113,400.000,86.070,290.808,393.746,,-1038.006,,-1283.172,12.300,1.000,1,278.625,218.113,400.000,
1785142179.2053,PID,FOLLOW_AND_BRAKE,118.50,140.00,,86.527,290.823,,278.625,218.113,400.000,86.299,290.815,393.746,,-1038.006,,-1283.172,12.300,1.000,1,278.625,218.113,400.000,
1785142179.2127,PID,FOLLOW_AND_BRAKE,119.00,140.00,,86.969,290.837,,278.625,218.113,400.000,87.952,290.868,393.746,,-1038.006,,-1283.172,12.300,1.000,1,278.625,218.113,400.000,
1785142179.2162,PID,FOLLOW_AND_BRAKE,119.00,140.00,,86.969,290.837,,278.625,218.113,400.000,87.461,290.852,393.746,,-1038.006,,-1283.172,12.300,1.000,1,278.625,218.113,400.000,
1785142179.2209,PID,FOLLOW_AND_BRAKE,119.00,140.00,,86.969,290.837,,278.625,218.113,400.000,87.215,290.844,393.746,,-1038.006,,-1283.172,12.300,1.000,1,278.625,218.113,400.000,
1785142179.2279,PID,FOLLOW_AND_BRAKE,119.00,140.00,,86.969,290.837,,278.625,218.113,400.000,87.092,290.841,393.746,,-1038.006,,-1283.172,12.300,1.000,1,278.625,218.113,400.000,
1785142179.2322,PID,FOLLOW_AND_BRAKE,118.50,140.00,,86.527,290.823,,278.625,218.113,400.000,85.540,290.792,393.746,,-1038.006,,-1283.172,12.300,1.000,1,278.625,218.113,400.000,
1785142179.2350,PID,FOLLOW_AND_BRAKE,118.50,140.00,,86.527,290.823,,278.625,218.113,400.000,86.033,290.807,393.746,,-1038.006,,-1283.172,12.300,1.000,1,278.625,218.113,400.000,
1785142179.2418,PID,FOLLOW_AND_BRAKE,119.00,140.00,,86.969,290.837,,278.625,218.113,400.000,87.941,290.867,393.746,,-1038.006,,-1283.172,12.300,1.000,1,278.625,218.113,400.000,
1785142179.2476,PID,FOLLOW_AND_BRAKE,118.50,140.00,,86.527,290.823,,278.625,218.113,400.000,85.992,290.806,393.746,,-1038.006,,-1283.172,12.300,1.000,1,278.625,218.113,400.000,
1785142179.2498,PID,FOLLOW_AND_BRAKE,118.50,140.00,,86.527,290.823,,278.625,218.113,400.000,86.259,290.814,393.746,,-1038.006,,-1283.172,12.300,1.000,1,278.625,218.113,400.000,
1785142179.2564,PID,FOLLOW_AND_BRAKE,119.00,140.00,,86.969,290.837,,278.625,218.113,400.000,87.925,290.867,393.746,,-1038.006,,-1283.172,12.300,1.000,1,278.625,218.113,400.000,
1785142179.2617,PID,FOLLOW_AND_BRAKE,119.00,140.00,,86.969,290.837,,278.625,218.113,400.000,87.447,290.852,393.746,,-1038.006,,-1283.172,12.300,1.000,1,278.625,218.113,400.000,
1785142179.2665,PID,FOLLOW_AND_BRAKE,119.00,140.00,,86.969,290.837,,278.625,218.113,400.000,87.208,290.844,393.746,,-1038.006,,-1283.172,12.300,1.000,1,278.625,218.113,400.000,
1785142179.2738,PID,FOLLOW_AND_BRAKE,119.00,140.00,,86.969,290.837,,278.625,218.113,400.000,87.089,290.840,393.746,,-1038.006,,-1283.172,12.300,1.000,1,278.625,218.113,400.000,
1785142179.2786,PID,FOLLOW_AND_BRAKE,119.00,140.00,,86.969,290.837,,278.625,218.113,400.000,87.029,290.839,393.746,,-1038.006,,-1283.172,12.300,1.000,1,278.625,218.113,400.000,
1785142179.2812,PID,FOLLOW_AND_BRAKE,118.50,140.00,,86.527,290.823,,278.625,218.113,400.000,85.462,290.789,393.746,,-1038.006,,-1283.172,12.300,1.000,1,278.625,218.113,400.000,
1785142179.2885,PID,FOLLOW_AND_BRAKE,118.50,140.00,,86.527,290.823,,278.625,218.113,400.000,85.995,290.806,393.746,,-1038.006,,-1283.172,12.300,1.000,1,278.625,218.113,400.000,
1785142179.2912,PID,FOLLOW_AND_BRAKE,118.50,140.00,,86.527,290.823,,278.625,218.113,400.000,86.261,290.814,393.746,,-1038.006,,-1283.172,12.300,1.000,1,278.625,218.113,400.000,
1785142179.2956,PID,FOLLOW_AND_BRAKE,118.50,140.00,,86.527,290.823,,278.625,218.113,400.000,86.394,290.818,393.746,,-1038.006,,-1283.172,12.300,1.000,1,278.625,218.113,400.000,
1785142179.3041,PID,FOLLOW_AND_BRAKE,119.00,140.00,,86.969,290.837,,278.625,218.113,400.000,87.978,290.868,393.746,,-1038.006,,-1283.172,12.300,1.000,1,278.625,218.113,400.000,
1785142179.3066,PID,FOLLOW_AND_BRAKE,119.00,140.00,,86.969,290.837,,278.625,218.113,400.000,87.474,290.853,393.746,,-1038.006,,-1283.172,12.300,1.000,1,278.625,218.113,400.000,
1785142179.3127,PID,FOLLOW_AND_BRAKE,119.00,140.00,,86.969,290.837,,278.625,218.113,400.000,87.222,290.845,393.746,,-1038.006,,-1283.172,12.300,1.000,1,278.625,218.113,400.000,
1785142179.3212,PID,FOLLOW_AND_BRAKE,119.00,140.00,,86.969,290.837,,278.625,218.113,400.000,87.096,290.841,393.746,,-1038.006,,-1283.172,12.300,1.000,1,278.625,218.113,400.000,
1785142179.3231,PID,FOLLOW_AND_BRAKE,119.00,140.00,,86.969,290.837,,278.625,218.113,400.000,87.033,290.839,393.746,,-1038.006,,-1283.172,12.300,1.000,1,278.625,218.113,400.000,
1785142179.3260,PID,FOLLOW_AND_BRAKE,119.00,140.00,,86.969,290.837,,278.625,218.113,400.000,87.001,290.838,393.746,,-1038.006,,-1283.172,12.300,1.000,1,278.625,218.113,400.000,
1785142179.3333,PID,FOLLOW_AND_BRAKE,119.00,140.00,,86.969,290.837,,278.625,218.113,400.000,86.985,290.837,393.746,,-1038.006,,-1283.172,12.300,1.000,1,278.625,218.113,400.000,
1785142179.3351,PID,FOLLOW_AND_BRAKE,118.50,140.00,,86.527,290.823,,278.625,218.113,400.000,85.429,290.788,393.746,,-1038.006,,-1283.172,12.300,1.000,1,278.625,218.113,400.000,
1785142179.3414,PID,FOLLOW_AND_BRAKE,118.50,140.00,,86.527,290.823,,278.625,218.113,400.000,85.978,290.805,393.746,,-1038.006,,-1283.172,12.300,1.000,1,278.625,218.113,400.000,
1785142179.3492,PID,FOLLOW_AND_BRAKE,119.00,140.00,,86.969,290.837,,278.625,218.113,400.000,87.820,290.863,393.746,,-1038.006,,-1283.172,12.300,1.000,1,278.625,218.113,400.000,
1785142179.3515,PID,FOLLOW_AND_BRAKE,118.50,140.00,,86.527,290.823,,278.625,218.113,400.000,85.923,290.804,393.746,,-1038.006,,-1283.172,12.300,1.000,1,278.625,218.113,400.000,
1785142179.3552,PID,FOLLOW_AND_BRAKE,118.50,140.00,,86.527,290.823,,278.625,218.113,400.000,86.225,290.813,393.746,,-1038.006,,-1283.172,12.300,1.000,1,278.625,218.113,400.000,
1785142179.3639,PID,FOLLOW_AND_BRAKE,118.50,140.00,,86.527,290.823,,278.625,218.113,400.000,86.376,290.818,393.746,,-1038.006,,-1283.172,12.300,1.000,1,278.625,218.113,400.000,
1785142179.3663,PID,FOLLOW_AND_BRAKE,119.00,140.00,,86.969,290.837,,278.625,218.113,400.000,87.856,290.865,393.746,,-1038.006,,-1283.172,12.300,1.000,1,278.625,218.113,400.000,
1785142179.3724,PID,FOLLOW_AND_BRAKE,118.50,140.00,,86.527,290.823,,278.625,218.113,400.000,85.672,290.796,393.746,,-1038.006,,-1283.172,12.300,1.000,1,278.625,218.113,400.000,
1785142179.3796,PID,FOLLOW_AND_BRAKE,118.50,140.00,,86.527,290.823,,278.625,218.113,400.000,86.100,290.809,393.746,,-1038.006,,-1283.172,12.300,1.000,1,278.625,218.113,400.000,
1785142179.3819,PID,FOLLOW_AND_BRAKE,119.00,140.00,,86.969,290.837,,278.625,218.113,400.000,87.823,290.864,393.746,,-1038.006,,-1283.172,12.300,1.000,1,278.625,218.113,400.000,
1785142179.3864,PID,FOLLOW_AND_BRAKE,118.50,140.00,,86.527,290.823,,278.625,218.113,400.000,85.897,290.803,393.746,,-1038.006,,-1283.172,12.300,1.000,1,278.625,218.113,400.000,
1785142179.3941,PID,FOLLOW_AND_BRAKE,119.00,140.00,,86.969,290.837,,278.625,218.113,400.000,87.826,290.864,393.746,,-1038.006,,-1283.172,12.300,1.000,1,278.625,218.113,400.000,
1785142179.3996,PID,FOLLOW_AND_BRAKE,119.00,140.00,,86.969,290.837,,278.625,218.113,400.000,87.398,290.850,393.746,,-1038.006,,-1283.172,12.300,1.000,1,278.625,218.113,400.000,
1785142179.4018,PID,FOLLOW_AND_BRAKE,118.50,140.00,,86.527,290.823,,278.625,218.113,400.000,85.564,290.792,393.746,,-1038.006,,-1283.172,12.300,1.000,1,278.625,218.113,400.000,
1785142179.4100,PID,FOLLOW_AND_BRAKE,119.00,140.00,,86.969,290.837,,278.625,218.113,400.000,87.563,290.855,393.746,,-1038.006,,-1283.172,12.300,1.000,1,278.625,218.113,400.000,
1785142179.4128,PID,FOLLOW_AND_BRAKE,119.00,140.00,,86.969,290.837,,278.625,218.113,400.000,87.266,290.846,393.746,,-1038.006,,-1283.172,12.300,1.000,1,278.625,218.113,400.000,
1785142179.4168,PID,FOLLOW_AND_BRAKE,118.50,140.00,,86.527,290.823,,278.625,218.113,400.000,85.672,290.796,393.746,,-1038.006,,-1283.172,12.300,1.000,1,278.625,218.113,400.000,
1785142179.4244,PID,FOLLOW_AND_BRAKE,119.00,140.00,,86.969,290.837,,278.625,218.113,400.000,87.813,290.863,393.746,,-1038.006,,-1283.172,12.300,1.000,1,278.625,218.113,400.000,
1785142179.4274,PID,FOLLOW_AND_BRAKE,119.00,140.00,,86.969,290.837,,278.625,218.113,400.000,87.391,290.850,393.746,,-1038.006,,-1283.172,12.300,1.000,1,278.625,218.113,400.000,
1785142179.4318,PID,FOLLOW_AND_BRAKE,119.25,140.06,,87.195,290.794,,278.625,218.113,400.000,87.939,290.700,393.746,,-1038.006,,-1283.172,12.300,1.000,1,278.625,218.113,400.000,
1785142179.4394,PID,FOLLOW_AND_BRAKE,118.50,140.00,,86.527,290.823,,278.625,218.113,400.000,85.105,290.853,393.746,,-1038.006,,-1283.172,12.300,1.000,1,278.625,218.113,400.000,
1785142179.4415,PID,FOLLOW_AND_BRAKE,119.00,140.00,,86.969,290.837,,278.625,218.113,400.000,87.359,290.887,393.746,,-1038.006,,-1283.172,12.300,1.000,1,278.625,218.113,400.000,
1785142179.4465,PID,FOLLOW_AND_BRAKE,118.50,140.00,,86.527,290.823,,278.625,218.113,400.000,85.617,290.813,393.746,,-1038.006,,-1283.172,12.300,1.000,1,278.625,218.113,400.000,
1785142179.4542,PID,FOLLOW_AND_BRAKE,119.00,140.00,,86.969,290.837,,278.625,218.113,400.000,87.596,290.866,393.746,,-1038.006,,-1283.172,12.300,1.000,1,278.625,218.113,400.000,
1785142179.4562,PID,FOLLOW_AND_BRAKE,119.00,140.00,,86.969,290.837,,278.625,218.113,400.000,87.283,290.851,393.746,,-1038.006,,-1283.172,12.300,1.000,1,278.625,218.113,400.000,
1785142179.4624,PID,FOLLOW_AND_BRAKE,119.00,140.00,,86.969,290.837,,278.625,218.113,400.000,87.126,290.844,393.746,,-1038.006,,-1283.172,12.300,1.000,1,278.625,218.113,400.000,
1785142179.4706,PID,FOLLOW_AND_BRAKE,119.00,140.00,,86.969,290.837,,278.625,218.113,400.000,87.048,290.840,393.746,,-1038.006,,-1283.172,12.300,1.000,1,278.625,218.113,400.000,
1785142179.4731,PID,FOLLOW_AND_BRAKE,118.50,140.00,,86.527,290.823,,278.625,218.113,400.000,85.418,290.788,393.746,,-1038.006,,-1283.172,12.300,1.000,1,278.625,218.113,400.000,
1785142179.4781,PID,FOLLOW_AND_BRAKE,118.50,140.00,,86.527,290.823,,278.625,218.113,400.000,85.973,290.805,393.746,,-1038.006,,-1283.172,12.300,1.000,1,278.625,218.113,400.000,
1785142179.4858,PID,FOLLOW_AND_BRAKE,119.00,140.00,,86.969,290.837,,278.625,218.113,400.000,87.776,290.862,393.746,,-1038.006,,-1283.172,12.300,1.000,1,278.625,218.113,400.000,
1785142179.4882,PID,FOLLOW_AND_BRAKE,119.00,140.00,,86.969,290.837,,278.625,218.113,400.000,87.373,290.849,393.746,,-1038.006,,-1283.172,12.300,1.000,1,278.625,218.113,400.000,
1785142179.4920,PID,FOLLOW_AND_BRAKE,119.00,140.00,,86.969,290.837,,278.625,218.113,400.000,87.171,290.843,393.746,,-1038.006,,-1283.172,12.300,1.000,1,278.625,218.113,400.000,
1785142179.5004,PID,FOLLOW_AND_BRAKE,119.00,140.00,,86.969,290.837,,278.625,218.113,400.000,87.070,290.840,393.746,,-1038.006,,-1283.172,12.300,1.000,1,278.625,218.113,400.000,
1785142179.5041,PID,FOLLOW_AND_BRAKE,119.00,140.00,,86.969,290.837,,278.625,218.113,400.000,87.020,290.838,393.746,,-1038.006,,-1283.172,12.300,1.000,1,278.625,218.113,400.000,
1785142179.5105,PID,FOLLOW_AND_BRAKE,119.00,140.00,,86.969,290.837,,278.625,218.113,400.000,86.995,290.837,393.746,,-1038.006,,-1283.172,12.300,1.000,1,278.625,218.113,400.000,
1785142179.5186,PID,FOLLOW_AND_BRAKE,119.00,140.00,,86.969,290.837,,278.625,218.113,400.000,86.982,290.837,393.746,,-1038.006,,-1283.172,12.300,1.000,1,278.625,218.113,400.000,
1785142179.5236,PID,FOLLOW_AND_BRAKE,119.00,140.00,,86.969,290.837,,278.625,218.113,400.000,86.976,290.837,393.746,,-1038.006,,-1283.172,12.300,1.000,1,278.625,218.113,400.000,
1785142179.5287,PID,FOLLOW_AND_BRAKE,119.00,140.00,,86.969,290.837,,278.625,218.113,400.000,86.973,290.837,393.746,,-1038.006,,-1283.172,12.300,1.000,1,278.625,218.113,400.000,
1785142179.5368,PID,FOLLOW_AND_BRAKE,119.00,140.00,,86.969,290.837,,278.625,218.113,400.000,86.971,290.837,393.746,,-1038.006,,-1283.172,12.300,1.000,1,278.625,218.113,400.000,
1785142179.5389,PID,FOLLOW_AND_BRAKE,118.50,140.00,,86.527,290.823,,278.625,218.113,400.000,85.430,290.788,393.746,,-1038.006,,-1283.172,12.300,1.000,1,278.625,218.113,400.000,
1785142179.5419,PID,FOLLOW_AND_BRAKE,119.00,140.00,,86.969,290.837,,278.625,218.113,400.000,87.533,290.854,393.746,,-1038.006,,-1283.172,12.300,1.000,1,278.625,218.113,400.000,
1785142179.5513,PID,FOLLOW_AND_BRAKE,118.50,140.00,,86.527,290.823,,278.625,218.113,400.000,85.769,290.799,393.746,,-1038.006,,-1283.172,12.300,1.000,1,278.625,218.113,400.000,
1785142179.5537,PID,FOLLOW_AND_BRAKE,118.50,140.00,,86.527,290.823,,278.625,218.113,400.000,86.148,290.811,393.746,,-1038.006,,-1283.172,12.300,1.000,1,278.625,218.113,400.000,
1785142179.5579,PID,FOLLOW_AND_BRAKE,118.50,140.00,,86.527,290.823,,278.625,218.113,400.000,86.338,290.817,393.746,,-1038.006,,-1283.172,12.300,1.000,1,278.625,218.113,400.000,
1785142179.5683,PID,FOLLOW_AND_BRAKE,118.50,140.00,,86.527,290.823,,278.625,218.113,400.000,86.433,290.820,393.746,,-1038.006,,-1283.172,12.300,1.000,1,278.625,218.113,400.000,
1785142179.5714,PID,FOLLOW_AND_BRAKE,119.00,140.00,,86.969,290.837,,278.625,218.113,400.000,87.478,290.853,393.746,,-1038.006,,-1283.172,12.300,1.000,1,278.625,218.113,400.000,
1785142179.5770,PID,FOLLOW_AND_BRAKE,118.50,140.00,,86.527,290.823,,278.625,218.113,400.000,85.643,290.795,393.746,,-1038.006,,-1283.172,12.300,1.000,1,278.625,218.113,400.000,
1785142179.5846,PID,FOLLOW_AND_BRAKE,119.25,140.06,,87.195,290.794,,278.625,218.113,400.000,88.214,290.717,393.746,,-1038.006,,-1283.172,12.300,1.000,1,278.625,218.113,400.000,
1785142179.5880,PID,FOLLOW_AND_BRAKE,119.00,140.00,,86.969,290.837,,278.625,218.113,400.000,86.805,290.926,393.746,,-1038.006,,-1283.172,12.300,1.000,1,278.625,218.113,400.000,
1785142179.5925,PID,FOLLOW_AND_BRAKE,118.50,140.00,,86.527,290.823,,278.625,218.113,400.000,85.332,290.832,393.746,,-1038.006,,-1283.172,12.300,1.000,1,278.625,218.113,400.000,
1785142179.6009,PID,FOLLOW_AND_BRAKE,118.50,140.00,,86.527,290.823,,278.625,218.113,400.000,85.930,290.827,393.746,,-1038.006,,-1283.172,12.300,1.000,1,278.625,218.113,400.000,
1785142179.6051,PID,FOLLOW_AND_BRAKE,118.50,140.00,,86.527,290.823,,278.625,218.113,400.000,86.228,290.825,393.746,,-1038.006,,-1283.172,12.300,1.000,1,278.625,218.113,400.000,
1785142179.6116,PID,FOLLOW_AND_BRAKE,119.00,140.00,,86.969,290.837,,278.625,218.113,400.000,88.042,290.876,393.746,,-1038.006,,-1283.172,12.300,1.000,1,278.625,218.113,400.000,
